
> first-partner-platinum@0.1.0 test
> tsx --test tests/*.test.ts

✔ normal starter and Pikachu-first progression both guide departure without inventing capture requirements (2.3904ms)
✔ each existing badge and research flag selects its implemented next objective without mutating saves (7.105ms)
✔ gym objective particles match each leader while preserving progress and the next missing badge (0.7592ms)
✖ guidance follows real interior exits and connecting maps; on arrival it names the interaction (3.5162ms)
✔ research guidance updates only when the existing delivery dialogue actually completes (37.077ms)
✔ adventure interaction hints require a faced NPC or prop and disappear while busy (0.8826ms)
✔ field map opens with M or touch and retains the unchanged adventure save (18.7219ms)
✔ map controls cannot bypass dialogue, menus, battle, movement or transition locks (1.9596ms)
✔ all four gym markers guide through real expanded city doors without granting a badge (48.9488ms)
✔ objective guidance tracks the next badge and switches to recovery only while needed (22.7232ms)
✔ starter objective guides from the bedroom to the lab and respects the departure gate (17.0441ms)
✖ active-world map markers fit their map and point to real doors or people (27.9682ms)
✔ options and header sound toggles keep visible and accessible labels in sync (6.0583ms)
✔ audio is opt-in; scene/effects/fanfare never create a context or timer while muted (4.8308ms)
✔ scene changes reset beat and cancel queued audio; repeated same-scene calls keep one timer (1.8674ms)
✔ mute stops present and future voices and old fanfare never survives re-enable (1.3731ms)
✔ six original scenes have different melodies and bounded gentle voices (2.7992ms)
✔ technical effects sound distinct and use Web Audio scheduling without adding timers (2.3687ms)
✔ fanfare ducks music and resumes selected scene without a second timer (7.2795ms)
✔ hidden or suspended contexts do not advance beats or pile up background notes (1.1689ms)
✔ ended voices disconnect and invalid public note inputs do not reach Web Audio (1.827ms)
✔ failed resume disables cleanly but stale rejection cannot mute a newer user enable (1.4311ms)
✔ unavailable AudioContext fails safely and closed context can be recreated by a user toggle (1.095ms)
✔ battle arena keeps the platform depth while adding a pixel horizon and drifting clouds (29.1019ms)
✔ caught snapshot stays false when the species is only seen (6.3232ms)
✔ caught snapshot includes PC ownership and legacy party ownership (0.9573ms)
✔ caught dex records mark the wild battle as previously caught (0.4405ms)
✔ trainer and gym battles do not expose a wild caught snapshot (8.3076ms)
✔ a new capture does not update the current battle snapshot, but the next battle sees it (7.0312ms)
✔ wild caught badge and text follow the battle snapshot without changing controls or save (14.0479ms)
✔ counterattack declares the move before changing displayed HP for every action that spends a turn (12.8695ms)
✔ lethal counter keeps the outgoing Pokemon alive through the attack declaration, then shows exact loss before fainting (1.6335ms)
✔ finishing blow reports actual HP loss in hint, dialogue and effect while preserving victory XP (5.2621ms)
✔ low-HP counter previews report at most the HP the selected Pokemon can lose (0.9429ms)
✔ counter playback and reload never apply damage or item use for a second time (7.1186ms)
✔ attack damage and counterattack carry separate visual targets on the matching pages (10.9863ms)
✔ healing uses the actual recovered HP and never puts a reserve heal effect on the active Pokemon (1.5115ms)
✔ page effects expire independently of text speed and revealing text does not replay an effect (6.1458ms)
✔ fast forwarding, replacement dialogue and reload drop effects without repeating damage or items (6.4227ms)
✔ knockout, next opponent and appended reward pages do not replay the final hit (41.8361ms)
✔ renderer draws a short damage label and displaced sprite, then restores the original pose (4.5102ms)
✔ rejected actions and non-finite or expired clocks produce no effect (1.1314ms)
✔ experience and level pages show growth in order instead of revealing the final level early (13.1543ms)
✔ shared experience follows individual participants and reserve growth never replaces the active battler (3.1399ms)
✔ multiple levels and the cap have distinct detached steps and preserve the existing growth result (1.183ms)
✔ growth card identifies a reserve recipient while the upper battlefield retains the active Pokemon (8.7446ms)
✔ gym growth completes before the next opponent and before a final badge reward (34.8824ms)
✔ reload during growth retains final XP exactly once and clears presentation; no growth on escape or capture (12.8102ms)
✔ reserve healing consumes one potion while only the active Pokemon takes retaliation (14.8618ms)
✔ invalid, full, fainted and out-of-stock healing changes neither battle nor save (3.1205ms)
✔ active-target healing is compatible and heals at most 20 before retaliation (1.0277ms)
✔ reserve is healed before a fatal retaliation and can then replace the active Pokemon (2.3739ms)
✔ bag opens target selection without spending a turn and cancellation returns through bag (4.2885ms)
✔ move damage previews agree with resolved wild and gym turns across levels and debuffs (47.2601ms)
✔ finishing blow preview promises no retaliation and resolution preserves HP (1.1319ms)
✔ status previews reflect next damage and capped effects report failure but still cost a turn (1.9548ms)
✔ potion and switch previews include the retaliation and invalid action reasons (2.7198ms)
✔ catch preview follows HP threshold and eligibility without consuming resources (3.6451ms)
✔ full party catch preview preserves failure damage and agrees with success, failure and capacity limits (4.7302ms)
✔ capture messages use 조사 matching the caught species name (5.7392ms)
✔ battle knockout messages use 조사 matching player and enemy names (4.5724ms)
✔ invalid healing, switching and catching preserve the menu and cursor for a retry (14.6928ms)
✔ cancelling submenus returns focus to the action that opened them without consuming a turn (1.5295ms)
✔ last used move is remembered per Pokemon while browsing and cancelling do not overwrite it (5.0133ms)
✔ failed capture and capped status moves still consume their normal turn and return to actions (1.6405ms)
✔ the fainted active Pokemon is rejected accurately and forced replacement keeps its selection (1.8113ms)
✔ battle move menu shows the current move type in the unchanged touch buttons (25.98ms)
✔ switch training shares experience once per participant and preserves level progress in saves (13.0518ms)
✔ only healthy participants earn experience; reserves, escapes and captures earn none (1.6445ms)
✔ gym experience conserves its budget and participation resets for each opponent (2.057ms)
✔ two-column navigation follows rows and columns including odd and full parties (1.7653ms)
✔ X on action selection never ends a battle while submenu cancellation remains free (1.4232ms)
✔ battle arena uses layered platform colors without changing battle state (4.8483ms)
✔ attack, damage, knockout and next opponent retain distinct detached display states (7.5598ms)
✔ normal and free switches show outgoing then incoming Pokemon and only the normal switch takes a counter (2.3702ms)
✔ healing and debuffs appear before the counterattack in their respective dialogue pages (1.4982ms)
✔ fainting keeps the defeated Pokemon visible in status until automatic or chosen replacement (1.2327ms)
✔ advancing display dialogue never reapplies committed damage, items or XP and restore drops playback (7.5155ms)
✔ renderer hides future opponent and choices during playback and uses current data afterwards (10.9859ms)
✔ rejected actions, a replaced dialogue and final battle completion leave no stale frame (1.426ms)
✔ wild and gym fainting lets the player choose among healthy reserves without another attack (26.0378ms)
✔ pending replacement blocks moves, items and invalid replacements but permits explicit escape (5.7637ms)
✔ one healthy reserve still enters automatically and a total defeat still ends the battle (1.2322ms)
✔ healing or manually switching before fainting leads to the same free replacement choice (1.2556ms)
✔ Engine opens replacement after dialogue, prevents cancellation bypass and safely restores saves (22.1075ms)
✔ six party slots show the selected Pokemon and HP without changing the party or active battler (14.6ms)
✔ preview exposes lethal normal-switch risk and distinguishes free and forced replacements (10.8684ms)
✔ reserve medicine preview and touch use agree while only the active Pokemon takes the counter (4.0432ms)
✔ fainted and full-health healing previews explain rejection without consuming a turn (2.3239ms)
✔ cancel and reload close previews without changing selected Pokemon order, HP or items (3.4493ms)
✔ pre-badge supply shortages point to the route guide without consuming a turn (27.9288ms)
✔ post-badge supply shortages point to the town mart without changing battle state (7.6624ms)
✔ switching to a capped partner awards all experience to the growing participant and preserves presentation/save (9.4048ms)
✔ all capped participants finish normally without growth pages (0.656ms)
✔ capped, fainted, duplicate and reserve entries do not dilute eligible shares (0.6008ms)
✔ next opponent resets recipients even when the active battler is capped (0.6803ms)
✔ successful and failed throws share the same initial scene without revealing the result (31.0416ms)
✔ the ball follows an arc, hides the target on contact and comes to rest without modifying game data (25.3456ms)
✔ failed escape restores the enemy before counterattack and success opens the existing catch card (9.7245ms)
✔ renderer draws the ball in flight and keeps the opponent hidden only during the throw page (4.2825ms)
✔ fast forwarding and reload cannot replay a throw or grant another Pokemon (4.012ms)
✔ empty balls, full party and box and gym capture rejection never animate or consume a ball (1.7279ms)
✔ Castelia city, Route 4 entrance and required interiors use the authored target sizes (4.6565ms)
✔ both garden species survive boxed capture, withdrawal and home move learning with provenance (13.9416ms)
✔ all harbor surfaces dispatch through player confirmation and retain optional records after reload (60.0212ms)
✔ harbor sketch rejects a changed lead and persists one optional gallery selection (1.6097ms)
✔ Castelia homes, gallery and Route 4 entrance support engine walking and save restoration in one journey (91.1695ms)
✔ catch result appears only at the success page and default continue never duplicates the catch (17.6465ms)
✔ information opens the newly caught sixth Pokemon among duplicates and connects to healing and lead selection (2.1372ms)
✔ X and touch continuation close the result without changing party order or spending resources (3.8329ms)
✔ failed capture, full party and box and trainer Pokemon do not show the success screen (3.3099ms)
✔ result rendering shows the caught stats without covering them with top-screen choices (12.2426ms)
✔ reload during catch preserves the new Pokemon once and clears the pending result action (7.0331ms)
✔ all selectable places in all four atlases have visible distinct coordinates (21.8871ms)
✔ developer panel exception is reported once and does not interrupt later game frames (0.4651ms)
✔ both Cinnabar encounters recover a defeat to a saved and healed island center (12.0507ms)
✔ Cinnabar music covers interiors, routes, battle priority and restored exploration (5.1214ms)
✔ Cinnabar two-species guidance does not call the same companion common and rare (3.3611ms)
✔ Cinnabar field observations persist independently and revisits give no extra rewards (6.7936ms)
✔ Cinnabar guidance ignores callbacks after a save replacement (0.8563ms)
✔ Cinnabar observation flags accept old saves and reject malformed records (1.2522ms)
✔ activities target two real residents and unrelated events leave state untouched (6.1411ms)
✔ acceptance is optional, has safe last choices, and survives a real save reload (7.0517ms)
✔ broadcast errand needs distinct owned species, then pays once across reload and stale replay (3.2667ms)
✔ optional flat box contributes owned species while seen-only Pokedex does not (0.8336ms)
✔ unknown species cannot complete a collection errand (1.3674ms)
✔ miner checks party size, actual recovery, and level without healing or growing for the player (4.1512ms)
✔ revisits acknowledge a newly earned badge without repeating the local gift (3.059ms)
✔ already badged players may still complete the optional preparation errand (0.7904ms)
✔ capacity blocks the whole gift without loss and leaves it claimable after spending (2.4336ms)
✔ callbacks from another slot or departed map cannot change save progress (1.022ms)
✔ city rendering preserves all live road footprints and never paints outside the paved tiles (2304.6236ms)
✔ intersection asphalt is seamless across tiles while inner and outer corners retain a curb (7.2358ms)
✖ every door and stair requires the exact tile and approach direction (51.345ms)
✔ walking parallel to the front of every town door never warps (3.2829ms)
✔ lab annex floor and both new characters are reachable from the entrance (3.6367ms)
✔ buildings block foundations while side and rear paths remain walkable (0.751ms)
✔ revision two saves preserve progress and relocate only newly blocked positions (6.0556ms)
✖ every walkable floor cell in every map is connected, except the guarded exit (43.3571ms)
✔ mountain walls follow dynamic map sizes and never obscure any walkable approach or warp (64.6378ms)
✔ the actual three mountain mouths remain clear and paths retain a continuous contrasting surface (20.4797ms)
✖ exploration integration keeps rock footprints and terrain data while replacing generic ground only on Coronet (61.7982ms)
✔ only mountain wild battles use the static rocky arena; other fields, cave and gyms keep their own arenas (18.6502ms)
✔ mountain arena is completely behind actors and text, and every painter restores Canvas on failure (2.8532ms)
✖ Coronet keeps every former valid coordinate, five old rocks, investigation IDs and healing guide (5.5617ms)
✖ the longer safe route and southern encounter branch reconnect while every registered face is approachable (11.7768ms)
✖ Hearthome uses the new south entry while Eterna and the lake retain their original mouths and return directions (1.2408ms)
✖ both encounter patches use the unchanged S15 pool and the guide still heals without post-badge supplies (45.3864ms)
✖ Coronet geometry and minimap fit the new map while the other expanded forest stays unchanged (1.1026ms)
✔ defeat commits one safe recovery save while showing the last attack and fainting on the battlefield (16.6834ms)
✔ home and center guidance preserve inventory and recovery handles all six party members (2.971ms)
✔ reload during defeat or recovery clears display state and does not replay rewards or recovery (2.9408ms)
✔ keyboard and touch cannot replay battle actions during defeat and recovery (4.5784ms)
✔ renderer keeps the defeated battle until return, then shows six recovered Pokemon and actual potion stock (6.4563ms)
✔ replacing dialogue clears defeat visuals and normal nurse interaction still replenishes stock (31.9831ms)
✔ defense preview applies the next stage before retaliation and does not mutate its inputs (22.7164ms)
✔ defense preview handles lethal HP boundaries and an active Pokemon outside slot zero (3.1836ms)
✔ opponent defense reaches its cap and reports a capped attempt without advancing the stat (1.0301ms)
✔ paintDesertRuinsRock renders sandstone strata and highlights within bounding box (2.5105ms)
✔ Jubilife fountain renders a stepped stone basin and separate water highlights (0.6806ms)
✔ desert ground and paths use sandstone marks rather than grass-green path edges (0.9392ms)
✖ Desert marked paths connect north and south exits and reach signs and guide (10.8174ms)
✔ revision 21 Desert floor saves preserve progress and repair newly blocked rocks (117.4887ms)
✖ Desert preserves original rocks and sign events while adding 3 new investigable features (1.3075ms)
✔ Budew drain preview counts healing before retaliation and leaves its inputs untouched (35.6952ms)
✔ drain preview caps healing at missing HP, including a completely healthy Pokemon (1.4997ms)
✔ finishing drain uses actual remaining enemy HP and promises no retaliation (2.3759ms)
✔ enemy defense reduces both drain damage and healing and still predicts a real knockout (3.8022ms)
✔ enemy drain and Protect retain their existing HP predictions and actual recovery rules (4.6452ms)
✖ every integrated passage gives truthful sign and traveller guidance (62.7396ms)
✔ guidance derives the two common and one rare species from the runtime pool (1.2202ms)
✔ route companion guidance uses the actual weighted route pool (1.1346ms)
✔ route companion guidance fits the field dialogue UI (0.3681ms)
✔ guidance and pickup preserve rewards and pickup remains one time (11.4365ms)
✔ Eterna keeps its original district and reaches the expanded southern boundary (18.5838ms)
✔ Eterna clock owns one reachable investigation surface, not the wall survey event (34.1449ms)
✔ Eterna optional trainer cancellation, victory, restoration and repeat interaction preserve one-time reward (42.7942ms)
✔ Eterna trainer defeat restores the city center without granting victory (14.0907ms)
✔ Prepared pre-Eterna party can challenge Gardenia without the optional trainer and preserves badge reward on reload (124.158ms)
✖ forest expansion preserves every former valid save tile and existing investigation identities (16.7579ms)
✖ safe route spans the new bend while both grass branches join back to reachable paths (13.094ms)
✖ city transitions use the moved southern mouth and preserve exact entry directions in both directions (1.7234ms)
✔ new grass retains the existing six-species pool and creates actual forest encounters (4.8514ms)
✔ expanded art and minimap use the new dimensions and keep all authored geometry in bounds (23.3898ms)
✔ greenhouse room rendering keeps the existing geometry, actors, exit and map data intact (16.6542ms)
✔ all low planter foliage and borders stay on the original blocked rock footprint (0.9305ms)
✔ Veilstone uses its own room drawing instead of greenhouse scenery (3.1165ms)
✔ exterior still fits the original house envelope and painting always restores Canvas (4.1355ms)
✔ only Gardenia uses the static greenhouse battle background and stays inside the DS screen (19.5028ms)
✔ greenhouse decorations are painted before battle actors and text, with no foreground pass (2.881ms)
✔ Eterna survey requires both field observations, survives reload and never awards or changes party (25.5181ms)
✔ Eterna observation rejects stale party slots, fainted partners and replaced saves (1.6059ms)
✖ all 38 reception counters block walking and talk to the nurse from every front tile (6.0922ms)
✖ revision 15 counter and nurse saves migrate safely while valid room positions and progress survive (101.4213ms)
✔ DS interior samples and nurse directional frames fit the downloaded images (57.1656ms)
✖ all 35 towns expand while essential areas use their authored dimensions (5.9274ms)
✖ revision 12 saves recover blocked town positions and preserve valid positions and visits (12.269ms)
✖ every room has solid furniture with reachable investigation surfaces (23.6957ms)
✔ room investigation and optional activity cancellation preserve progress: tour_jubilife_center (64.6174ms)
✔ room investigation and optional activity cancellation preserve progress: tour_jubilife_hall (3.9617ms)
✔ room investigation and optional activity cancellation preserve progress: tour_oreburgh_center (1.7901ms)
✖ room investigation and optional activity cancellation preserve progress: tour_oreburgh_hall (2.8112ms)
✖ room investigation and optional activity cancellation preserve progress: tour_eterna_center (2.331ms)
✖ room investigation and optional activity cancellation preserve progress: tour_eterna_hall (2.6588ms)
✖ room investigation and optional activity cancellation preserve progress: tour_hearthome_center (1.9394ms)
✖ room investigation and optional activity cancellation preserve progress: tour_hearthome_hall (1.2675ms)
✔ room investigation and optional activity cancellation preserve progress: tour_veilstone_center (1.8551ms)
✔ room investigation and optional activity cancellation preserve progress: tour_veilstone_hall (1.8362ms)
✖ room investigation and optional activity cancellation preserve progress: tour_pastoria_center (6.1528ms)
✖ room investigation and optional activity cancellation preserve progress: tour_pastoria_hall (2.317ms)
✖ room investigation and optional activity cancellation preserve progress: tour_canalave_center (1.6885ms)
✖ room investigation and optional activity cancellation preserve progress: tour_canalave_hall (2.0492ms)
✖ room investigation and optional activity cancellation preserve progress: tour_snowpoint_center (1.5607ms)
✖ room investigation and optional activity cancellation preserve progress: tour_snowpoint_hall (2.5304ms)
✖ room investigation and optional activity cancellation preserve progress: tour_sunyshore_center (1.5892ms)
✖ room investigation and optional activity cancellation preserve progress: tour_sunyshore_hall (1.6954ms)
✖ room investigation and optional activity cancellation preserve progress: tour_lake_center (1.3523ms)
✖ room investigation and optional activity cancellation preserve progress: tour_lake_hall (1.3237ms)
✔ room investigation and optional activity cancellation preserve progress: tour_vermilion_center (1.194ms)
✖ room investigation and optional activity cancellation preserve progress: tour_vermilion_hall (0.7592ms)
✔ room investigation and optional activity cancellation preserve progress: tour_pallet_center (1.2419ms)
✔ room investigation and optional activity cancellation preserve progress: tour_pallet_hall (1.7538ms)
✔ room investigation and optional activity cancellation preserve progress: tour_viridian_center (1.2ms)
✔ room investigation and optional activity cancellation preserve progress: tour_viridian_hall (3.0879ms)
✔ room investigation and optional activity cancellation preserve progress: tour_pewter_center (1.1776ms)
✔ room investigation and optional activity cancellation preserve progress: tour_pewter_hall (0.8441ms)
✔ room investigation and optional activity cancellation preserve progress: tour_cerulean_center (0.6213ms)
✔ room investigation and optional activity cancellation preserve progress: tour_cerulean_hall (0.683ms)
✖ room investigation and optional activity cancellation preserve progress: tour_celadon_center (1.9848ms)
✖ room investigation and optional activity cancellation preserve progress: tour_celadon_hall (5.87ms)
✖ room investigation and optional activity cancellation preserve progress: tour_saffron_center (3.0455ms)
✖ room investigation and optional activity cancellation preserve progress: tour_saffron_hall (1.866ms)
✖ room investigation and optional activity cancellation preserve progress: tour_lavender_center (1.7361ms)
✖ room investigation and optional activity cancellation preserve progress: tour_lavender_hall (1.8201ms)
✖ room investigation and optional activity cancellation preserve progress: tour_fuchsia_center (1.2117ms)
✖ room investigation and optional activity cancellation preserve progress: tour_fuchsia_hall (0.9492ms)
✔ room investigation and optional activity cancellation preserve progress: tour_cinnabar_center (0.7005ms)
✔ room investigation and optional activity cancellation preserve progress: tour_cinnabar_hall (1.7314ms)
✖ room investigation and optional activity cancellation preserve progress: tour_goldenrod_center (1.6337ms)
✖ room investigation and optional activity cancellation preserve progress: tour_goldenrod_hall (1.3403ms)
✖ room investigation and optional activity cancellation preserve progress: tour_violet_center (1.0966ms)
✖ room investigation and optional activity cancellation preserve progress: tour_violet_hall (1.1015ms)
✖ room investigation and optional activity cancellation preserve progress: tour_azalea_center (0.9368ms)
✖ room investigation and optional activity cancellation preserve progress: tour_azalea_hall (1.0316ms)
✖ room investigation and optional activity cancellation preserve progress: tour_ecruteak_center (1.3575ms)
✖ room investigation and optional activity cancellation preserve progress: tour_ecruteak_hall (0.9951ms)
✖ room investigation and optional activity cancellation preserve progress: tour_mahogany_center (1.1695ms)
✖ room investigation and optional activity cancellation preserve progress: tour_mahogany_hall (1.2448ms)
✔ room investigation and optional activity cancellation preserve progress: tour_rage_lake_center (7.6499ms)
✔ room investigation and optional activity cancellation preserve progress: tour_rage_lake_hall (40.3743ms)
✖ room investigation and optional activity cancellation preserve progress: tour_olivine_center (1.8305ms)
✖ room investigation and optional activity cancellation preserve progress: tour_olivine_hall (6.7932ms)
✖ room investigation and optional activity cancellation preserve progress: tour_cianwood_center (3.7312ms)
✖ room investigation and optional activity cancellation preserve progress: tour_cianwood_hall (5.8397ms)
✔ room investigation and optional activity cancellation preserve progress: tour_blackthorn_center (1.4493ms)
✔ room investigation and optional activity cancellation preserve progress: tour_blackthorn_hall (1.0413ms)
✔ room investigation and optional activity cancellation preserve progress: tour_castelia_center (1.1597ms)
✖ room investigation and optional activity cancellation preserve progress: tour_castelia_hall (1.2003ms)
✔ room investigation and optional activity cancellation preserve progress: tour_aspertia_center (1.2152ms)
✔ room investigation and optional activity cancellation preserve progress: tour_aspertia_hall (0.7593ms)
✔ room investigation and optional activity cancellation preserve progress: tour_virbank_center (0.7818ms)
✔ room investigation and optional activity cancellation preserve progress: tour_virbank_hall (0.631ms)
✔ room investigation and optional activity cancellation preserve progress: tour_nimbasa_center (0.6627ms)
✔ room investigation and optional activity cancellation preserve progress: tour_nimbasa_hall (0.6475ms)
✔ room investigation and optional activity cancellation preserve progress: tour_driftveil_center (0.6898ms)
✔ room investigation and optional activity cancellation preserve progress: tour_driftveil_hall (0.5736ms)
✖ room investigation and optional activity cancellation preserve progress: tour_mistralton_center (0.8383ms)
✖ room investigation and optional activity cancellation preserve progress: tour_mistralton_hall (0.571ms)
✔ room investigation and optional activity cancellation preserve progress: tour_lentimas_center (0.6294ms)
✖ room investigation and optional activity cancellation preserve progress: tour_lentimas_hall (0.4714ms)
✔ room investigation and optional activity cancellation preserve progress: tour_undella_center (0.5951ms)
✖ room investigation and optional activity cancellation preserve progress: tour_undella_hall (0.5032ms)
✔ room investigation and optional activity cancellation preserve progress: tour_lacunosa_center (0.6168ms)
✖ room investigation and optional activity cancellation preserve progress: tour_lacunosa_hall (1.2217ms)
✔ room investigation and optional activity cancellation preserve progress: tour_village_bridge_center (0.7662ms)
✖ room investigation and optional activity cancellation preserve progress: tour_village_bridge_hall (0.5164ms)
✖ room investigation and optional activity cancellation preserve progress: tour_opelucid_center (1.0132ms)
✖ room investigation and optional activity cancellation preserve progress: tour_opelucid_hall (0.4694ms)
✖ room investigation and optional activity cancellation preserve progress: tour_icirrus_center (0.8073ms)
✖ room investigation and optional activity cancellation preserve progress: tour_icirrus_hall (0.5849ms)
✔ room investigation and optional activity cancellation preserve progress: tour_humilau_center (0.7664ms)
✔ room investigation and optional activity cancellation preserve progress: tour_humilau_hall (0.7649ms)
✔ room investigation and optional activity cancellation preserve progress: tour_dragonspiral_center (0.6048ms)
✖ room investigation and optional activity cancellation preserve progress: tour_dragonspiral_hall (4.1628ms)
✔ room investigation and optional activity cancellation preserve progress: tour_jubilife_mart (1.0484ms)
✔ room investigation and optional activity cancellation preserve progress: tour_jubilife_home1 (1.4053ms)
✔ room investigation and optional activity cancellation preserve progress: tour_jubilife_home1_2f (0.7819ms)
✔ room investigation and optional activity cancellation preserve progress: tour_jubilife_home1_3f (0.76ms)
✔ room investigation and optional activity cancellation preserve progress: tour_jubilife_home2 (0.9192ms)
✔ room investigation and optional activity cancellation preserve progress: tour_jubilife_home2_2f (0.9241ms)
✔ room investigation and optional activity cancellation preserve progress: tour_jubilife_home2_3f (0.6612ms)
✔ room investigation and optional activity cancellation preserve progress: tour_jubilife_home3 (1.0639ms)
✔ room investigation and optional activity cancellation preserve progress: tour_jubilife_home3_2f (4.4408ms)
✔ room investigation and optional activity cancellation preserve progress: tour_jubilife_home3_3f (1.5757ms)
✔ room investigation and optional activity cancellation preserve progress: tour_jubilife_hall_2f (1.1781ms)
✔ room investigation and optional activity cancellation preserve progress: tour_jubilife_hall_3f (0.9677ms)
✔ room investigation and optional activity cancellation preserve progress: tour_oreburgh_mart (2.0347ms)
✔ room investigation and optional activity cancellation preserve progress: tour_oreburgh_home2 (1.211ms)
✖ room investigation and optional activity cancellation preserve progress: tour_eterna_mart (1.3777ms)
✖ room investigation and optional activity cancellation preserve progress: tour_eterna_home2 (1.1974ms)
✖ room investigation and optional activity cancellation preserve progress: tour_hearthome_mart (1.4283ms)
✖ room investigation and optional activity cancellation preserve progress: tour_hearthome_home2 (1.4269ms)
✔ room investigation and optional activity cancellation preserve progress: tour_veilstone_mart (1.5129ms)
✖ room investigation and optional activity cancellation preserve progress: tour_veilstone_home2 (1.4994ms)
✔ room investigation and optional activity cancellation preserve progress: tour_veilstone_home2_2f (1.4875ms)
✔ room investigation and optional activity cancellation preserve progress: tour_veilstone_home2_3f (1.1258ms)
✖ room investigation and optional activity cancellation preserve progress: tour_veilstone_home3 (1.1612ms)
✔ room investigation and optional activity cancellation preserve progress: tour_veilstone_home3_2f (0.7319ms)
✔ room investigation and optional activity cancellation preserve progress: tour_veilstone_home3_3f (0.9401ms)
✖ room investigation and optional activity cancellation preserve progress: tour_veilstone_hall_2f (0.7294ms)
✔ room investigation and optional activity cancellation preserve progress: tour_veilstone_hall_3f (0.7211ms)
✖ room investigation and optional activity cancellation preserve progress: tour_pastoria_mart (0.8927ms)
✖ room investigation and optional activity cancellation preserve progress: tour_pastoria_home1 (5.8914ms)
✖ room investigation and optional activity cancellation preserve progress: tour_pastoria_home1_2f (1.6183ms)
✖ room investigation and optional activity cancellation preserve progress: tour_pastoria_home1_3f (1.0296ms)
✖ room investigation and optional activity cancellation preserve progress: tour_pastoria_home2 (3.6548ms)
✖ room investigation and optional activity cancellation preserve progress: tour_pastoria_home2_2f (1.4478ms)
✖ room investigation and optional activity cancellation preserve progress: tour_pastoria_home2_3f (1.3876ms)
✖ room investigation and optional activity cancellation preserve progress: tour_canalave_mart (1.343ms)
✖ room investigation and optional activity cancellation preserve progress: tour_canalave_home1 (1.4272ms)
✖ room investigation and optional activity cancellation preserve progress: tour_canalave_home1_2f (1.1137ms)
✖ room investigation and optional activity cancellation preserve progress: tour_canalave_home1_3f (1.1449ms)
✖ room investigation and optional activity cancellation preserve progress: tour_canalave_home2 (1.3117ms)
✖ room investigation and optional activity cancellation preserve progress: tour_canalave_home2_2f (1.7137ms)
✖ room investigation and optional activity cancellation preserve progress: tour_canalave_home2_3f (1.2763ms)
✖ room investigation and optional activity cancellation preserve progress: tour_snowpoint_mart (1.1215ms)
✔ room investigation and optional activity cancellation preserve progress: tour_snowpoint_home1 (1.0216ms)
✔ room investigation and optional activity cancellation preserve progress: tour_snowpoint_home2 (0.996ms)
✖ room investigation and optional activity cancellation preserve progress: tour_sunyshore_mart (1.0801ms)
✖ room investigation and optional activity cancellation preserve progress: tour_sunyshore_home1 (1.1228ms)
✖ room investigation and optional activity cancellation preserve progress: tour_sunyshore_home1_2f (1.6238ms)
✖ room investigation and optional activity cancellation preserve progress: tour_sunyshore_home1_3f (1.5121ms)
✖ room investigation and optional activity cancellation preserve progress: tour_sunyshore_home2 (8.3105ms)
✖ room investigation and optional activity cancellation preserve progress: tour_sunyshore_home2_2f (3.2036ms)
✖ room investigation and optional activity cancellation preserve progress: tour_sunyshore_home2_3f (12.2917ms)
✖ room investigation and optional activity cancellation preserve progress: tour_sunyshore_hall_2f (1.1182ms)
✖ room investigation and optional activity cancellation preserve progress: tour_sunyshore_hall_3f (0.7964ms)
✖ room investigation and optional activity cancellation preserve progress: tour_lake_mart (1.436ms)
✔ room investigation and optional activity cancellation preserve progress: tour_lake_home1 (13.41ms)
✔ room investigation and optional activity cancellation preserve progress: tour_lake_home1_2f (0.4889ms)
✔ room investigation and optional activity cancellation preserve progress: tour_lake_home1_3f (0.4199ms)
✔ room investigation and optional activity cancellation preserve progress: tour_lake_home2 (1.1745ms)
✔ room investigation and optional activity cancellation preserve progress: tour_lake_home2_2f (10.9529ms)
✔ room investigation and optional activity cancellation preserve progress: tour_lake_home2_3f (1.3706ms)
✔ room investigation and optional activity cancellation preserve progress: tour_vermilion_mart (3.9374ms)
✖ room investigation and optional activity cancellation preserve progress: tour_vermilion_home1 (0.8706ms)
✖ room investigation and optional activity cancellation preserve progress: tour_vermilion_home1_2f (0.517ms)
✖ room investigation and optional activity cancellation preserve progress: tour_vermilion_home1_3f (1.5749ms)
✖ room investigation and optional activity cancellation preserve progress: tour_vermilion_home2 (0.4875ms)
✖ room investigation and optional activity cancellation preserve progress: tour_vermilion_home2_2f (3.1402ms)
✖ room investigation and optional activity cancellation preserve progress: tour_vermilion_home2_3f (1.3535ms)
✖ room investigation and optional activity cancellation preserve progress: tour_vermilion_hall_2f (9.0748ms)
✖ room investigation and optional activity cancellation preserve progress: tour_vermilion_hall_3f (0.7259ms)
✔ room investigation and optional activity cancellation preserve progress: tour_pallet_mart (0.64ms)
✔ room investigation and optional activity cancellation preserve progress: tour_pallet_home1 (0.7032ms)
✔ room investigation and optional activity cancellation preserve progress: tour_pallet_home2 (4.2241ms)
✔ room investigation and optional activity cancellation preserve progress: tour_viridian_mart (1.8602ms)
✔ room investigation and optional activity cancellation preserve progress: tour_viridian_home1 (4.501ms)
✔ room investigation and optional activity cancellation preserve progress: tour_viridian_home2 (2.3596ms)
✔ room investigation and optional activity cancellation preserve progress: tour_pewter_mart (4.0442ms)
✔ room investigation and optional activity cancellation preserve progress: tour_pewter_home1 (6.991ms)
✔ room investigation and optional activity cancellation preserve progress: tour_pewter_home2 (20.3804ms)
✔ room investigation and optional activity cancellation preserve progress: tour_cerulean_mart (1.9237ms)
✔ room investigation and optional activity cancellation preserve progress: tour_cerulean_home1 (0.7958ms)
✔ room investigation and optional activity cancellation preserve progress: tour_cerulean_home1_2f (3.8278ms)
✔ room investigation and optional activity cancellation preserve progress: tour_cerulean_home1_3f (0.5693ms)
✔ room investigation and optional activity cancellation preserve progress: tour_cerulean_home2 (0.5641ms)
✔ room investigation and optional activity cancellation preserve progress: tour_cerulean_home2_2f (0.6011ms)
✔ room investigation and optional activity cancellation preserve progress: tour_cerulean_home2_3f (1.0943ms)
✖ room investigation and optional activity cancellation preserve progress: tour_celadon_mart (2.9221ms)
✖ room investigation and optional activity cancellation preserve progress: tour_celadon_home1 (1.4908ms)
✖ room investigation and optional activity cancellation preserve progress: tour_celadon_home2 (1.262ms)
✖ room investigation and optional activity cancellation preserve progress: tour_celadon_hall_2f (1.0688ms)
✖ room investigation and optional activity cancellation preserve progress: tour_celadon_hall_3f (0.8241ms)
✖ room investigation and optional activity cancellation preserve progress: tour_saffron_mart (0.7082ms)
✖ room investigation and optional activity cancellation preserve progress: tour_saffron_home1 (0.9531ms)
✖ room investigation and optional activity cancellation preserve progress: tour_saffron_home1_2f (0.6757ms)
✖ room investigation and optional activity cancellation preserve progress: tour_saffron_home1_3f (0.6604ms)
✖ room investigation and optional activity cancellation preserve progress: tour_saffron_home2 (1.6114ms)
✖ room investigation and optional activity cancellation preserve progress: tour_saffron_home2_2f (0.7156ms)
✖ room investigation and optional activity cancellation preserve progress: tour_saffron_home2_3f (4.08ms)
✖ room investigation and optional activity cancellation preserve progress: tour_saffron_home3 (2.0713ms)
✖ room investigation and optional activity cancellation preserve progress: tour_saffron_home3_2f (1.1875ms)
✖ room investigation and optional activity cancellation preserve progress: tour_saffron_home3_3f (2.8469ms)
✖ room investigation and optional activity cancellation preserve progress: tour_saffron_hall_2f (5.0848ms)
✖ room investigation and optional activity cancellation preserve progress: tour_saffron_hall_3f (0.8487ms)
✖ room investigation and optional activity cancellation preserve progress: tour_lavender_mart (3.7001ms)
✖ room investigation and optional activity cancellation preserve progress: tour_lavender_home1 (7.2445ms)
✖ room investigation and optional activity cancellation preserve progress: tour_lavender_home2 (0.9068ms)
✖ room investigation and optional activity cancellation preserve progress: tour_lavender_hall_2f (1.129ms)
✖ room investigation and optional activity cancellation preserve progress: tour_lavender_hall_3f (0.752ms)
✖ room investigation and optional activity cancellation preserve progress: tour_fuchsia_mart (1.5459ms)
✖ room investigation and optional activity cancellation preserve progress: tour_fuchsia_home1 (0.856ms)
✖ room investigation and optional activity cancellation preserve progress: tour_fuchsia_home2 (3.1125ms)
✔ room investigation and optional activity cancellation preserve progress: tour_cinnabar_mart (2.0584ms)
✖ room investigation and optional activity cancellation preserve progress: tour_cinnabar_home1 (0.5849ms)
✖ room investigation and optional activity cancellation preserve progress: tour_cinnabar_home2 (1.349ms)
✖ room investigation and optional activity cancellation preserve progress: tour_goldenrod_mart (9.6311ms)
✖ room investigation and optional activity cancellation preserve progress: tour_goldenrod_home1 (17.4154ms)
✖ room investigation and optional activity cancellation preserve progress: tour_goldenrod_home1_2f (0.9407ms)
✖ room investigation and optional activity cancellation preserve progress: tour_goldenrod_home1_3f (1.3191ms)
✖ room investigation and optional activity cancellation preserve progress: tour_goldenrod_home2 (3.2277ms)
✖ room investigation and optional activity cancellation preserve progress: tour_goldenrod_home2_2f (3.8465ms)
✖ room investigation and optional activity cancellation preserve progress: tour_goldenrod_home2_3f (0.7474ms)
✖ room investigation and optional activity cancellation preserve progress: tour_goldenrod_home3 (2.7933ms)
✖ room investigation and optional activity cancellation preserve progress: tour_goldenrod_home3_2f (1.7595ms)
✖ room investigation and optional activity cancellation preserve progress: tour_goldenrod_home3_3f (0.6451ms)
✖ room investigation and optional activity cancellation preserve progress: tour_goldenrod_hall_2f (4.6018ms)
✖ room investigation and optional activity cancellation preserve progress: tour_goldenrod_hall_3f (1.0882ms)
✖ room investigation and optional activity cancellation preserve progress: tour_violet_mart (0.676ms)
✖ room investigation and optional activity cancellation preserve progress: tour_violet_home1 (0.9035ms)
✖ room investigation and optional activity cancellation preserve progress: tour_violet_home2 (0.7727ms)
✖ room investigation and optional activity cancellation preserve progress: tour_violet_hall_2f (0.7036ms)
✖ room investigation and optional activity cancellation preserve progress: tour_violet_hall_3f (0.6141ms)
✖ room investigation and optional activity cancellation preserve progress: tour_azalea_mart (0.5888ms)
✖ room investigation and optional activity cancellation preserve progress: tour_azalea_home1 (0.8974ms)
✖ room investigation and optional activity cancellation preserve progress: tour_azalea_home2 (0.7348ms)
✖ room investigation and optional activity cancellation preserve progress: tour_ecruteak_mart (0.6084ms)
✖ room investigation and optional activity cancellation preserve progress: tour_ecruteak_home1 (3.5476ms)
✖ room investigation and optional activity cancellation preserve progress: tour_ecruteak_home2 (1.018ms)
✖ room investigation and optional activity cancellation preserve progress: tour_ecruteak_hall_2f (8.8422ms)
✖ room investigation and optional activity cancellation preserve progress: tour_ecruteak_hall_3f (1.8412ms)
✖ room investigation and optional activity cancellation preserve progress: tour_mahogany_mart (0.6962ms)
✖ room investigation and optional activity cancellation preserve progress: tour_mahogany_home1 (1.1751ms)
✖ room investigation and optional activity cancellation preserve progress: tour_mahogany_home2 (1.8122ms)
✔ room investigation and optional activity cancellation preserve progress: tour_rage_lake_mart (0.6261ms)
✔ room investigation and optional activity cancellation preserve progress: tour_rage_lake_home1 (0.5686ms)
✖ room investigation and optional activity cancellation preserve progress: tour_olivine_mart (1.8555ms)
✖ room investigation and optional activity cancellation preserve progress: tour_olivine_home1 (1.7757ms)
✖ room investigation and optional activity cancellation preserve progress: tour_olivine_home1_2f (1.3206ms)
✖ room investigation and optional activity cancellation preserve progress: tour_olivine_home1_3f (1.1422ms)
✖ room investigation and optional activity cancellation preserve progress: tour_olivine_home2 (1.4702ms)
✖ room investigation and optional activity cancellation preserve progress: tour_olivine_home2_2f (1.0526ms)
✖ room investigation and optional activity cancellation preserve progress: tour_olivine_home2_3f (1.1137ms)
✖ room investigation and optional activity cancellation preserve progress: tour_olivine_hall_2f (1.4176ms)
✖ room investigation and optional activity cancellation preserve progress: tour_olivine_hall_3f (1.3206ms)
✖ room investigation and optional activity cancellation preserve progress: tour_cianwood_mart (1.1922ms)
✖ room investigation and optional activity cancellation preserve progress: tour_cianwood_home1 (1.4533ms)
✖ room investigation and optional activity cancellation preserve progress: tour_cianwood_home1_2f (1.491ms)
✖ room investigation and optional activity cancellation preserve progress: tour_cianwood_home1_3f (1.2631ms)
✖ room investigation and optional activity cancellation preserve progress: tour_cianwood_home2 (1.4868ms)
✖ room investigation and optional activity cancellation preserve progress: tour_cianwood_home2_2f (1.4582ms)
✖ room investigation and optional activity cancellation preserve progress: tour_cianwood_home2_3f (1.1267ms)
✔ room investigation and optional activity cancellation preserve progress: tour_blackthorn_mart (5.7757ms)
✔ room investigation and optional activity cancellation preserve progress: tour_blackthorn_home1 (0.873ms)
✔ room investigation and optional activity cancellation preserve progress: tour_blackthorn_home2 (0.5853ms)
✔ room investigation and optional activity cancellation preserve progress: tour_castelia_mart (1.2913ms)
✔ room investigation and optional activity cancellation preserve progress: tour_castelia_home1 (0.7512ms)
✔ room investigation and optional activity cancellation preserve progress: tour_castelia_home1_2f (4.4373ms)
✔ room investigation and optional activity cancellation preserve progress: tour_castelia_home1_3f (1.1556ms)
✔ room investigation and optional activity cancellation preserve progress: tour_castelia_home2 (0.8962ms)
✔ room investigation and optional activity cancellation preserve progress: tour_castelia_home2_2f (0.7217ms)
✔ room investigation and optional activity cancellation preserve progress: tour_castelia_home2_3f (0.6762ms)
✔ room investigation and optional activity cancellation preserve progress: tour_castelia_home3 (0.8303ms)
✔ room investigation and optional activity cancellation preserve progress: tour_castelia_home3_2f (0.5686ms)
✔ room investigation and optional activity cancellation preserve progress: tour_castelia_home3_3f (0.7342ms)
✖ room investigation and optional activity cancellation preserve progress: tour_castelia_home4 (0.8233ms)
✔ room investigation and optional activity cancellation preserve progress: tour_castelia_home4_2f (0.6043ms)
✔ room investigation and optional activity cancellation preserve progress: tour_castelia_home4_3f (0.5634ms)
✖ room investigation and optional activity cancellation preserve progress: tour_castelia_home5 (0.4639ms)
✔ room investigation and optional activity cancellation preserve progress: tour_castelia_home5_2f (0.577ms)
✔ room investigation and optional activity cancellation preserve progress: tour_castelia_home5_3f (12.5492ms)
✔ room investigation and optional activity cancellation preserve progress: tour_castelia_hall_2f (1.3333ms)
✔ room investigation and optional activity cancellation preserve progress: tour_castelia_hall_3f (1.6283ms)
✔ room investigation and optional activity cancellation preserve progress: tour_aspertia_mart (2.6249ms)
✔ room investigation and optional activity cancellation preserve progress: tour_aspertia_home1 (1.024ms)
✔ room investigation and optional activity cancellation preserve progress: tour_aspertia_home2 (0.8782ms)
✔ room investigation and optional activity cancellation preserve progress: tour_virbank_mart (0.6333ms)
✔ room investigation and optional activity cancellation preserve progress: tour_virbank_home1 (1.4345ms)
✔ room investigation and optional activity cancellation preserve progress: tour_virbank_home1_2f (1.9143ms)
✔ room investigation and optional activity cancellation preserve progress: tour_virbank_home1_3f (2.9615ms)
✔ room investigation and optional activity cancellation preserve progress: tour_virbank_home2 (2.8688ms)
✔ room investigation and optional activity cancellation preserve progress: tour_virbank_home2_2f (0.7404ms)
✔ room investigation and optional activity cancellation preserve progress: tour_virbank_home2_3f (1.6202ms)
✔ room investigation and optional activity cancellation preserve progress: tour_virbank_home3 (2.0106ms)
✔ room investigation and optional activity cancellation preserve progress: tour_virbank_home3_2f (2.7358ms)
✔ room investigation and optional activity cancellation preserve progress: tour_virbank_home3_3f (0.5238ms)
✔ room investigation and optional activity cancellation preserve progress: tour_virbank_hall_2f (0.7169ms)
✔ room investigation and optional activity cancellation preserve progress: tour_virbank_hall_3f (0.7432ms)
✔ room investigation and optional activity cancellation preserve progress: tour_nimbasa_mart (0.5103ms)
✔ room investigation and optional activity cancellation preserve progress: tour_nimbasa_home1 (1.3249ms)
✔ room investigation and optional activity cancellation preserve progress: tour_nimbasa_home1_2f (3.9558ms)
✔ room investigation and optional activity cancellation preserve progress: tour_nimbasa_home1_3f (2.075ms)
✔ room investigation and optional activity cancellation preserve progress: tour_nimbasa_home2 (8.608ms)
✔ room investigation and optional activity cancellation preserve progress: tour_nimbasa_home2_2f (0.7146ms)
✔ room investigation and optional activity cancellation preserve progress: tour_nimbasa_home2_3f (0.5227ms)
✔ room investigation and optional activity cancellation preserve progress: tour_nimbasa_home3 (0.7531ms)
✔ room investigation and optional activity cancellation preserve progress: tour_nimbasa_home3_2f (0.5955ms)
✔ room investigation and optional activity cancellation preserve progress: tour_nimbasa_home3_3f (0.4364ms)
✔ room investigation and optional activity cancellation preserve progress: tour_nimbasa_hall_2f (0.4466ms)
✔ room investigation and optional activity cancellation preserve progress: tour_nimbasa_hall_3f (0.4092ms)
✔ room investigation and optional activity cancellation preserve progress: tour_driftveil_mart (0.5135ms)
✔ room investigation and optional activity cancellation preserve progress: tour_driftveil_home1 (0.5589ms)
✔ room investigation and optional activity cancellation preserve progress: tour_driftveil_home1_2f (0.5329ms)
✔ room investigation and optional activity cancellation preserve progress: tour_driftveil_home1_3f (0.6555ms)
✔ room investigation and optional activity cancellation preserve progress: tour_driftveil_home2 (3.5765ms)
✔ room investigation and optional activity cancellation preserve progress: tour_driftveil_home2_2f (5.7278ms)
✔ room investigation and optional activity cancellation preserve progress: tour_driftveil_home2_3f (0.6653ms)
✔ room investigation and optional activity cancellation preserve progress: tour_mistralton_mart (2.0588ms)
✔ room investigation and optional activity cancellation preserve progress: tour_mistralton_home1 (0.8087ms)
✔ room investigation and optional activity cancellation preserve progress: tour_mistralton_home1_2f (0.9895ms)
✔ room investigation and optional activity cancellation preserve progress: tour_mistralton_home1_3f (1.3642ms)
✔ room investigation and optional activity cancellation preserve progress: tour_mistralton_home2 (1.649ms)
✔ room investigation and optional activity cancellation preserve progress: tour_mistralton_home2_2f (0.5826ms)
✔ room investigation and optional activity cancellation preserve progress: tour_mistralton_home2_3f (0.4622ms)
✔ room investigation and optional activity cancellation preserve progress: tour_mistralton_home3 (3.6694ms)
✔ room investigation and optional activity cancellation preserve progress: tour_mistralton_home3_2f (2.3224ms)
✔ room investigation and optional activity cancellation preserve progress: tour_mistralton_home3_3f (4.1253ms)
✖ room investigation and optional activity cancellation preserve progress: tour_mistralton_hall_2f (3.9425ms)
✖ room investigation and optional activity cancellation preserve progress: tour_mistralton_hall_3f (15.767ms)
✔ room investigation and optional activity cancellation preserve progress: tour_lentimas_mart (0.9875ms)
✔ room investigation and optional activity cancellation preserve progress: tour_lentimas_home1 (2.8782ms)
✔ room investigation and optional activity cancellation preserve progress: tour_lentimas_home1_2f (1.4809ms)
✔ room investigation and optional activity cancellation preserve progress: tour_lentimas_home1_3f (1.3856ms)
✔ room investigation and optional activity cancellation preserve progress: tour_lentimas_home2 (1.3105ms)
✔ room investigation and optional activity cancellation preserve progress: tour_lentimas_home2_2f (0.6586ms)
✔ room investigation and optional activity cancellation preserve progress: tour_lentimas_home2_3f (0.6708ms)
✔ room investigation and optional activity cancellation preserve progress: tour_lentimas_hall_2f (1.1538ms)
✔ room investigation and optional activity cancellation preserve progress: tour_lentimas_hall_3f (1.7167ms)
✔ room investigation and optional activity cancellation preserve progress: tour_undella_mart (2.3944ms)
✔ room investigation and optional activity cancellation preserve progress: tour_undella_home1 (3.921ms)
✔ room investigation and optional activity cancellation preserve progress: tour_undella_home1_2f (3.043ms)
✔ room investigation and optional activity cancellation preserve progress: tour_undella_home1_3f (0.9218ms)
✔ room investigation and optional activity cancellation preserve progress: tour_undella_home2 (1.7172ms)
✔ room investigation and optional activity cancellation preserve progress: tour_undella_home2_2f (2.1233ms)
✔ room investigation and optional activity cancellation preserve progress: tour_undella_home2_3f (0.8863ms)
✔ room investigation and optional activity cancellation preserve progress: tour_undella_hall_2f (0.7407ms)
✖ room investigation and optional activity cancellation preserve progress: tour_undella_hall_3f (0.5585ms)
✔ room investigation and optional activity cancellation preserve progress: tour_lacunosa_mart (0.7434ms)
✔ room investigation and optional activity cancellation preserve progress: tour_lacunosa_home1 (1.0637ms)
✔ room investigation and optional activity cancellation preserve progress: tour_lacunosa_home1_2f (3.3296ms)
✔ room investigation and optional activity cancellation preserve progress: tour_lacunosa_home1_3f (8.98ms)
✔ room investigation and optional activity cancellation preserve progress: tour_lacunosa_home2 (4.1212ms)
✔ room investigation and optional activity cancellation preserve progress: tour_lacunosa_home2_2f (1.1315ms)
✔ room investigation and optional activity cancellation preserve progress: tour_lacunosa_home2_3f (1.2ms)
✔ room investigation and optional activity cancellation preserve progress: tour_lacunosa_hall_2f (0.6655ms)
✖ room investigation and optional activity cancellation preserve progress: tour_lacunosa_hall_3f (1.7764ms)
✔ room investigation and optional activity cancellation preserve progress: tour_village_bridge_mart (4.0529ms)
✔ room investigation and optional activity cancellation preserve progress: tour_village_bridge_home1 (1.0758ms)
✔ room investigation and optional activity cancellation preserve progress: tour_village_bridge_home1_2f (0.5997ms)
✔ room investigation and optional activity cancellation preserve progress: tour_village_bridge_home1_3f (0.5823ms)
✔ room investigation and optional activity cancellation preserve progress: tour_village_bridge_home2 (0.6929ms)
✔ room investigation and optional activity cancellation preserve progress: tour_village_bridge_home2_2f (0.5263ms)
✔ room investigation and optional activity cancellation preserve progress: tour_village_bridge_home2_3f (0.555ms)
✔ room investigation and optional activity cancellation preserve progress: tour_village_bridge_home3 (0.6816ms)
✔ room investigation and optional activity cancellation preserve progress: tour_village_bridge_home3_2f (0.5417ms)
✔ room investigation and optional activity cancellation preserve progress: tour_village_bridge_home3_3f (0.5223ms)
✔ room investigation and optional activity cancellation preserve progress: tour_village_bridge_hall_2f (8.0816ms)
✖ room investigation and optional activity cancellation preserve progress: tour_village_bridge_hall_3f (1.1025ms)
✔ room investigation and optional activity cancellation preserve progress: tour_opelucid_mart (0.8027ms)
✔ room investigation and optional activity cancellation preserve progress: tour_opelucid_home1 (3.4959ms)
✔ room investigation and optional activity cancellation preserve progress: tour_opelucid_home1_2f (1.1386ms)
✔ room investigation and optional activity cancellation preserve progress: tour_opelucid_home1_3f (1.0398ms)
✖ room investigation and optional activity cancellation preserve progress: tour_opelucid_hall_2f (0.941ms)
✖ room investigation and optional activity cancellation preserve progress: tour_opelucid_hall_3f (0.8656ms)
✔ room investigation and optional activity cancellation preserve progress: tour_icirrus_mart (1.0162ms)
✔ room investigation and optional activity cancellation preserve progress: tour_icirrus_home1 (0.9496ms)
✔ room investigation and optional activity cancellation preserve progress: tour_icirrus_home1_2f (0.8592ms)
✔ room investigation and optional activity cancellation preserve progress: tour_icirrus_home1_3f (0.6611ms)
✔ room investigation and optional activity cancellation preserve progress: tour_icirrus_home2 (0.9037ms)
✔ room investigation and optional activity cancellation preserve progress: tour_icirrus_home2_2f (0.5857ms)
✔ room investigation and optional activity cancellation preserve progress: tour_icirrus_home2_3f (0.6663ms)
✖ room investigation and optional activity cancellation preserve progress: tour_icirrus_hall_2f (0.6412ms)
✖ room investigation and optional activity cancellation preserve progress: tour_icirrus_hall_3f (0.5399ms)
✔ room investigation and optional activity cancellation preserve progress: tour_humilau_mart (0.8035ms)
✔ room investigation and optional activity cancellation preserve progress: tour_humilau_home1 (2.3842ms)
✔ room investigation and optional activity cancellation preserve progress: tour_humilau_home1_2f (0.7856ms)
✔ room investigation and optional activity cancellation preserve progress: tour_humilau_home1_3f (0.7889ms)
✔ room investigation and optional activity cancellation preserve progress: tour_humilau_home2 (0.7934ms)
✔ room investigation and optional activity cancellation preserve progress: tour_humilau_home2_2f (0.5707ms)
✔ room investigation and optional activity cancellation preserve progress: tour_humilau_home2_3f (0.5232ms)
✔ room investigation and optional activity cancellation preserve progress: tour_dragonspiral_mart (0.5526ms)
✔ room investigation and optional activity cancellation preserve progress: tour_dragonspiral_home1 (2.0943ms)
✖ room investigation and optional activity cancellation preserve progress: tour_dragonspiral_hall_2f (0.8588ms)
✖ room investigation and optional activity cancellation preserve progress: tour_dragonspiral_hall_3f (0.5418ms)
✔ room investigation and optional activity cancellation preserve progress: tour_goldenrod_station (1.0197ms)
✖ room investigation and optional activity cancellation preserve progress: tour_route_six_lab (2.1859ms)
✔ room investigation and optional activity cancellation preserve progress: tour_kanto_route_10_north_center (0.911ms)
✖ revision seven interior saves relocate only obstructed positions and preserve progress (295.1335ms)
✖ facility dialogue fits the two-line DS dialogue box and landmark collections are distinct (1.2698ms)
✔ guidance does not record a visit; actual door arrivals and public travel do, once (16.5387ms)
✔ legacy tour saves attest only to the current place and current interior, retaining progress (1.2185ms)
✔ visit history survives file and slot round trips without leaking between saves (4.4819ms)
✔ visit lists reject malformed or foreign IDs and normalize known interior parents (1.2753ms)
✖ all map visits separate 43 original places, interiors and new passages without duplicates (617.0517ms)
✔ doorway checkpoint records both the known source and normalized arrival without mutating input (0.9228ms)
✖ six towns and five trails have distinct investigable arrangements while facility doors stay aligned (57.8684ms)
✔ revision 10 plaza saves relocate only newly blocked positions and preserve visited interiors (18.5036ms)
✖ wooden observation paths stay on reachable floor and revision 11 saves recover new scenery overlaps (37.8909ms)
✖ all tour minimap markers match actual doors or NPCs, fit the map and have distinct touch areas (9.9905ms)
✖ touching facilities guides without travel, while touching a person only identifies them (71.3126ms)
✖ markers cannot change guidance through menus, dialogue, walking, transitions or stale map hits (33.4557ms)
✖ every pair of tour destinations has a legal connected map route and a usable first exit path (30.6346ms)
✖ all interiors first guide outside and recognize a destination already being visited (54.2439ms)
✔ following the displayed tile path walks from the starting town to another region without teleporting (71.4338ms)
✔ guidance can change, recalculate and cancel without moving the player or altering the save (5.4684ms)
✔ an obstructed exit reports no tile route instead of crossing blocked terrain (8.2875ms)
✖ original outdoor maps and added passages expose solid signs for actual exterior exits (5.3975ms)
✖ outdoor investigation through reachable surfaces preserves progress: tour_jubilife (40.4079ms)
✔ outdoor investigation through reachable surfaces preserves progress: tour_oreburgh (10.346ms)
✔ outdoor investigation through reachable surfaces preserves progress: tour_eterna_forest (76.2822ms)
✖ outdoor investigation through reachable surfaces preserves progress: tour_eterna (46.353ms)
✔ outdoor investigation through reachable surfaces preserves progress: tour_coronet (26.8122ms)
✖ outdoor investigation through reachable surfaces preserves progress: tour_hearthome (16.7769ms)
✖ outdoor investigation through reachable surfaces preserves progress: tour_veilstone (15.0515ms)
✖ outdoor investigation through reachable surfaces preserves progress: tour_pastoria (7.888ms)
✖ outdoor investigation through reachable surfaces preserves progress: tour_canalave (85.3132ms)
✖ outdoor investigation through reachable surfaces preserves progress: tour_snowpoint (9.6854ms)
✖ outdoor investigation through reachable surfaces preserves progress: tour_sunyshore (8.0589ms)
✖ outdoor investigation through reachable surfaces preserves progress: tour_lake (5.3721ms)
✖ outdoor investigation through reachable surfaces preserves progress: tour_vermilion (5.0425ms)
✔ outdoor investigation through reachable surfaces preserves progress: tour_pallet (3.278ms)
✔ outdoor investigation through reachable surfaces preserves progress: tour_viridian (3.3533ms)
✔ outdoor investigation through reachable surfaces preserves progress: tour_viridian_forest (14.1024ms)
✔ outdoor investigation through reachable surfaces preserves progress: tour_pewter (4.0172ms)
✖ outdoor investigation through reachable surfaces preserves progress: tour_cerulean (7.6025ms)
✖ outdoor investigation through reachable surfaces preserves progress: tour_celadon (3.9392ms)
✖ outdoor investigation through reachable surfaces preserves progress: tour_saffron (4.0529ms)
✖ outdoor investigation through reachable surfaces preserves progress: tour_lavender (9.7989ms)
✖ outdoor investigation through reachable surfaces preserves progress: tour_fuchsia (4.4165ms)
✖ outdoor investigation through reachable surfaces preserves progress: tour_cinnabar (10.2472ms)
✖ outdoor investigation through reachable surfaces preserves progress: tour_goldenrod (6.405ms)
✖ outdoor investigation through reachable surfaces preserves progress: tour_violet (1.8298ms)
✖ outdoor investigation through reachable surfaces preserves progress: tour_azalea (1.5838ms)
✖ outdoor investigation through reachable surfaces preserves progress: tour_ilex (21.396ms)
✖ outdoor investigation through reachable surfaces preserves progress: tour_ecruteak (6.5104ms)
✖ outdoor investigation through reachable surfaces preserves progress: tour_mahogany (6.0871ms)
✔ outdoor investigation through reachable surfaces preserves progress: tour_rage_lake (5.6291ms)
✖ outdoor investigation through reachable surfaces preserves progress: tour_olivine (3.7652ms)
✖ outdoor investigation through reachable surfaces preserves progress: tour_cianwood (3.3651ms)
✔ outdoor investigation through reachable surfaces preserves progress: tour_blackthorn (1.7679ms)
✖ outdoor investigation through reachable surfaces preserves progress: tour_castelia (4.6155ms)
✔ outdoor investigation through reachable surfaces preserves progress: tour_aspertia (2.8208ms)
✔ outdoor investigation through reachable surfaces preserves progress: tour_virbank (2.6327ms)
✖ outdoor investigation through reachable surfaces preserves progress: tour_nimbasa (11.5988ms)
✖ outdoor investigation through reachable surfaces preserves progress: tour_driftveil (6.4442ms)
✖ outdoor investigation through reachable surfaces preserves progress: tour_mistralton (2.2548ms)
✖ outdoor investigation through reachable surfaces preserves progress: tour_lentimas (2.1395ms)
✖ outdoor investigation through reachable surfaces preserves progress: tour_undella (1.6612ms)
✖ outdoor investigation through reachable surfaces preserves progress: tour_lacunosa (1.8253ms)
✖ outdoor investigation through reachable surfaces preserves progress: tour_village_bridge (6.2153ms)
✖ outdoor investigation through reachable surfaces preserves progress: tour_opelucid (2.994ms)
✖ outdoor investigation through reachable surfaces preserves progress: tour_icirrus (2.8928ms)
✔ outdoor investigation through reachable surfaces preserves progress: tour_humilau (2.1562ms)
✔ outdoor investigation through reachable surfaces preserves progress: tour_desert (2.7667ms)
✖ outdoor investigation through reachable surfaces preserves progress: tour_dragonspiral (0.8217ms)
✖ outdoor investigation through reachable surfaces preserves progress: tour_unova_route_01 (0.7925ms)
✖ outdoor investigation through reachable surfaces preserves progress: tour_unova_route_04 (0.3583ms)
✖ outdoor investigation through reachable surfaces preserves progress: tour_join_avenue (3.5225ms)
✖ outdoor investigation through reachable surfaces preserves progress: tour_route_34 (1.6487ms)
✖ outdoor investigation through reachable surfaces preserves progress: tour_pass_nimbasa_driftveil (0.8807ms)
✖ outdoor investigation through reachable surfaces preserves progress: tour_driftveil_drawbridge (0.615ms)
✖ outdoor investigation through reachable surfaces preserves progress: tour_pass_driftveil_mistralton (0.4377ms)
✖ outdoor investigation through reachable surfaces preserves progress: tour_chargestone_1f (0.7649ms)
✖ outdoor investigation through reachable surfaces preserves progress: tour_chargestone_b1f (0.5486ms)
✖ outdoor investigation through reachable surfaces preserves progress: tour_reversal_mountain_exterior (0.5826ms)
✖ outdoor investigation through reachable surfaces preserves progress: tour_reversal_mountain_a (3.3207ms)
✖ outdoor investigation through reachable surfaces preserves progress: tour_reversal_mountain_b (1.3786ms)
✖ outdoor investigation through reachable surfaces preserves progress: tour_unova_route_13 (0.8156ms)
✖ outdoor investigation through reachable surfaces preserves progress: tour_unova_route_12 (0.7409ms)
✖ outdoor investigation through reachable surfaces preserves progress: tour_unova_route_11 (1.3943ms)
✖ outdoor investigation through reachable surfaces preserves progress: tour_unova_route_09 (1.301ms)
✖ outdoor investigation through reachable surfaces preserves progress: tour_tubeline_bridge (0.9072ms)
✖ outdoor investigation through reachable surfaces preserves progress: tour_unova_route_08 (2.1768ms)
✖ outdoor investigation through reachable surfaces preserves progress: tour_icirrus_moor (0.7984ms)
✖ outdoor investigation through reachable surfaces preserves progress: tour_dragonspiral_approach (3.2247ms)
✖ outdoor investigation through reachable surfaces preserves progress: tour_kanto_route_6 (2.352ms)
✖ outdoor investigation through reachable surfaces preserves progress: tour_kanto_underground_ns (1.0649ms)
✖ outdoor investigation through reachable surfaces preserves progress: tour_kanto_route_5 (0.5698ms)
✖ outdoor investigation through reachable surfaces preserves progress: tour_kanto_route_9 (0.5457ms)
✖ outdoor investigation through reachable surfaces preserves progress: tour_kanto_route_10_north (1.5093ms)
✖ outdoor investigation through reachable surfaces preserves progress: tour_kanto_rock_tunnel_1f (2.1648ms)
✖ outdoor investigation through reachable surfaces preserves progress: tour_kanto_rock_tunnel_b1f (1.3782ms)
✖ outdoor investigation through reachable surfaces preserves progress: tour_kanto_route_10_south (1.5036ms)
✖ outdoor investigation through reachable surfaces preserves progress: tour_kanto_route_8 (1.2362ms)
✖ outdoor investigation through reachable surfaces preserves progress: tour_kanto_route_7 (0.8632ms)
✖ outdoor investigation through reachable surfaces preserves progress: tour_kanto_underground_ew (3.2287ms)
✖ outdoor investigation through reachable surfaces preserves progress: tour_kanto_route_16 (0.8784ms)
✖ outdoor investigation through reachable surfaces preserves progress: tour_kanto_route_17 (1.0782ms)
✖ outdoor investigation through reachable surfaces preserves progress: tour_kanto_route_18 (0.8983ms)
✖ outdoor investigation through reachable surfaces preserves progress: tour_johto_route_33 (0.6146ms)
✖ outdoor investigation through reachable surfaces preserves progress: tour_union_cave_1f (0.4756ms)
✖ outdoor investigation through reachable surfaces preserves progress: tour_johto_route_32 (0.7258ms)
✖ outdoor investigation through reachable surfaces preserves progress: tour_johto_route_35 (3.6647ms)
✖ outdoor investigation through reachable surfaces preserves progress: tour_johto_national_park (1.2234ms)
✖ outdoor investigation through reachable surfaces preserves progress: tour_johto_route_36 (1.157ms)
✖ outdoor investigation through reachable surfaces preserves progress: tour_johto_route_37 (3.261ms)
✖ outdoor investigation through reachable surfaces preserves progress: tour_johto_route_38 (0.7068ms)
✖ outdoor investigation through reachable surfaces preserves progress: tour_johto_route_39 (1.071ms)
✖ outdoor investigation through reachable surfaces preserves progress: tour_johto_moomoo_farm (0.6731ms)
✖ outdoor investigation through reachable surfaces preserves progress: tour_johto_route_40 (0.6854ms)
✖ outdoor investigation through reachable surfaces preserves progress: tour_johto_route_41 (0.5861ms)
✖ outdoor investigation through reachable surfaces preserves progress: tour_johto_whirl_islands_exterior (0.541ms)
✖ outdoor investigation through reachable surfaces preserves progress: tour_johto_route_42 (0.4022ms)
✖ outdoor investigation through reachable surfaces preserves progress: tour_johto_mt_mortar_1f (0.5936ms)
✖ outdoor investigation through reachable surfaces preserves progress: tour_johto_route_43 (0.3775ms)
✔ outdoor investigation through reachable surfaces preserves progress: tour_pass_jubilife_oreburgh (1.4845ms)
✖ outdoor investigation through reachable surfaces preserves progress: tour_pass_hearthome_veilstone (0.8168ms)
✖ outdoor investigation through reachable surfaces preserves progress: tour_pass_hearthome_pastoria (0.6791ms)
✔ outdoor investigation through reachable surfaces preserves progress: tour_pass_veilstone_sunyshore (0.5176ms)
✔ outdoor investigation through reachable surfaces preserves progress: tour_pass_pastoria_sunyshore (0.4384ms)
✖ outdoor investigation through reachable surfaces preserves progress: tour_pass_snowpoint_lake (0.5309ms)
✖ outdoor investigation through reachable surfaces preserves progress: tour_pass_vermilion_cerulean (0.6621ms)
✖ outdoor investigation through reachable surfaces preserves progress: tour_pass_vermilion_cinnabar (0.6377ms)
✔ outdoor investigation through reachable surfaces preserves progress: tour_pass_pallet_viridian (0.4471ms)
✔ outdoor investigation through reachable surfaces preserves progress: tour_pass_pallet_cinnabar (9.3974ms)
✔ outdoor investigation through reachable surfaces preserves progress: tour_pass_viridian_celadon (1.2475ms)
✔ outdoor investigation through reachable surfaces preserves progress: tour_pass_pewter_cerulean (0.9075ms)
✔ outdoor investigation through reachable surfaces preserves progress: tour_pass_cerulean_saffron (1.548ms)
✔ outdoor investigation through reachable surfaces preserves progress: tour_pass_celadon_saffron (0.5897ms)
✔ outdoor investigation through reachable surfaces preserves progress: tour_pass_celadon_fuchsia (0.3379ms)
✔ outdoor investigation through reachable surfaces preserves progress: tour_pass_saffron_lavender (0.2834ms)
✔ outdoor investigation through reachable surfaces preserves progress: tour_pass_lavender_fuchsia (0.2595ms)
✖ outdoor investigation through reachable surfaces preserves progress: tour_pass_goldenrod_violet (0.4427ms)
✖ outdoor investigation through reachable surfaces preserves progress: tour_pass_goldenrod_ecruteak (0.4106ms)
✔ outdoor investigation through reachable surfaces preserves progress: tour_pass_violet_azalea (0.8058ms)
✔ outdoor investigation through reachable surfaces preserves progress: tour_pass_ecruteak_mahogany (0.3014ms)
✔ outdoor investigation through reachable surfaces preserves progress: tour_pass_ecruteak_olivine (0.3887ms)
✔ outdoor investigation through reachable surfaces preserves progress: tour_pass_mahogany_rage_lake (0.27ms)
✔ outdoor investigation through reachable surfaces preserves progress: tour_pass_mahogany_blackthorn (0.2423ms)
✔ outdoor investigation through reachable surfaces preserves progress: tour_pass_olivine_cianwood (0.3451ms)
✔ outdoor investigation through reachable surfaces preserves progress: tour_pass_castelia_virbank (0.2329ms)
✔ outdoor investigation through reachable surfaces preserves progress: tour_pass_castelia_aspertia (0.2251ms)
✔ outdoor investigation through reachable surfaces preserves progress: tour_pass_aspertia_virbank (0.2221ms)
✔ outdoor investigation through reachable surfaces preserves progress: tour_pass_mistralton_opelucid (0.2332ms)
✔ outdoor investigation through reachable surfaces preserves progress: tour_pass_mistralton_dragonspiral (0.2213ms)
✔ outdoor investigation through reachable surfaces preserves progress: tour_pass_opelucid_humilau (0.2373ms)
✔ outdoor investigation through reachable surfaces preserves progress: tour_sinnoh_route_02 (0.2522ms)
✔ outdoor investigation through reachable surfaces preserves progress: tour_sinnoh_route_03 (0.22ms)
✔ outdoor investigation through reachable surfaces preserves progress: tour_eterna_coronet_approach (0.2381ms)
✖ outdoor investigation through reachable surfaces preserves progress: tour_sinnoh_route_208 (1.0745ms)
✖ outdoor investigation through reachable surfaces preserves progress: tour_sinnoh_route_209 (0.3104ms)
✖ outdoor investigation through reachable surfaces preserves progress: tour_sinnoh_route_210_south (0.3428ms)
✖ outdoor investigation through reachable surfaces preserves progress: tour_sinnoh_route_215 (0.2171ms)
✖ outdoor investigation through reachable surfaces preserves progress: tour_sinnoh_route_212_north (0.1864ms)
✖ outdoor investigation through reachable surfaces preserves progress: tour_sinnoh_route_212_south (0.1751ms)
✖ outdoor investigation through reachable surfaces preserves progress: tour_sinnoh_route_213 (0.1869ms)
✖ outdoor investigation through reachable surfaces preserves progress: tour_sinnoh_route_214 (0.1749ms)
✖ outdoor investigation through reachable surfaces preserves progress: tour_sinnoh_route_222 (0.1644ms)
✖ outdoor investigation through reachable surfaces preserves progress: tour_sinnoh_route_216 (0.1881ms)
✖ outdoor investigation through reachable surfaces preserves progress: tour_sinnoh_route_217 (0.1756ms)
✖ outdoor investigation through reachable surfaces preserves progress: tour_sinnoh_route_203 (0.1724ms)
✖ outdoor investigation through reachable surfaces preserves progress: tour_oreburgh_gate_1f (0.1701ms)
✖ outdoor investigation through reachable surfaces preserves progress: tour_sinnoh_route_204_south (0.1666ms)
✖ outdoor investigation through reachable surfaces preserves progress: tour_ravaged_path (0.167ms)
✖ outdoor investigation through reachable surfaces preserves progress: tour_sinnoh_route_205_south (0.1724ms)
✖ outdoor investigation through reachable surfaces preserves progress: tour_sinnoh_route_205_north (0.1668ms)
✖ outdoor investigation through reachable surfaces preserves progress: tour_sinnoh_route_206 (0.159ms)
✖ outdoor investigation through reachable surfaces preserves progress: tour_sinnoh_route_207 (0.1575ms)
✔ interaction hints match facing and disappear during movement and menus (6.4205ms)
✖ revision eight saves on new sign tiles relocate while other valid positions remain (111.9707ms)
✖ 35 town Pokemon cover eight DS field species with four reachable conversation sides (3.759ms)
✖ all town Pokemon react from four directions repeatedly without changing ownership or progress (72.646ms)
✖ revision 13 saves recover Pokemon overlaps and preserve visits, elapsed time and valid adjacent positions (28.0981ms)
✖ direction and idle frames stay inside downloaded DS sheets, including the four-frame Starly (69.9028ms)
✖ 35 towns have 70 distinct local conversations with existing DS sprite assets and clear approaches (3.4683ms)
✔ residents remain approachable and declining requests preserves progress: tour_jubilife (48.1927ms)
✖ residents remain approachable and declining requests preserves progress: tour_oreburgh (4.5873ms)
✔ residents remain approachable and declining requests preserves progress: tour_eterna (4.7717ms)
✖ residents remain approachable and declining requests preserves progress: tour_hearthome (4.8862ms)
✖ residents remain approachable and declining requests preserves progress: tour_veilstone (2.9503ms)
✖ residents remain approachable and declining requests preserves progress: tour_pastoria (3.5853ms)
✖ residents remain approachable and declining requests preserves progress: tour_canalave (3.6515ms)
✖ residents remain approachable and declining requests preserves progress: tour_snowpoint (3.2998ms)
✖ residents remain approachable and declining requests preserves progress: tour_sunyshore (2.6312ms)
✖ residents remain approachable and declining requests preserves progress: tour_lake (2.5081ms)
✖ residents remain approachable and declining requests preserves progress: tour_vermilion (3.6169ms)
✔ residents remain approachable and declining requests preserves progress: tour_pallet (1.648ms)
✔ residents remain approachable and declining requests preserves progress: tour_viridian (1.146ms)
✔ residents remain approachable and declining requests preserves progress: tour_pewter (0.931ms)
✔ residents remain approachable and declining requests preserves progress: tour_cerulean (1.0355ms)
✖ residents remain approachable and declining requests preserves progress: tour_celadon (1.0298ms)
✖ residents remain approachable and declining requests preserves progress: tour_saffron (1.0387ms)
✖ residents remain approachable and declining requests preserves progress: tour_lavender (0.8865ms)
✔ residents remain approachable and declining requests preserves progress: tour_fuchsia (1.6338ms)
✖ residents remain approachable and declining requests preserves progress: tour_cinnabar (2.2095ms)
✖ residents remain approachable and declining requests preserves progress: tour_goldenrod (8.8888ms)
✔ residents remain approachable and declining requests preserves progress: tour_violet (5.9673ms)
✖ residents remain approachable and declining requests preserves progress: tour_azalea (1.5836ms)
✖ residents remain approachable and declining requests preserves progress: tour_ecruteak (1.7054ms)
✖ residents remain approachable and declining requests preserves progress: tour_mahogany (0.9345ms)
✖ residents remain approachable and declining requests preserves progress: tour_olivine (15.4416ms)
✖ residents remain approachable and declining requests preserves progress: tour_cianwood (3.9204ms)
✔ residents remain approachable and declining requests preserves progress: tour_blackthorn (3.604ms)
✖ residents remain approachable and declining requests preserves progress: tour_castelia (1.9138ms)
✔ residents remain approachable and declining requests preserves progress: tour_aspertia (1.5526ms)
✔ residents remain approachable and declining requests preserves progress: tour_virbank (1.5542ms)
✔ residents remain approachable and declining requests preserves progress: tour_nimbasa (7.9667ms)
✔ residents remain approachable and declining requests preserves progress: tour_driftveil (6.3455ms)
✖ residents remain approachable and declining requests preserves progress: tour_mistralton (1.7311ms)
✔ residents remain approachable and declining requests preserves progress: tour_lentimas (5.4295ms)
✖ residents remain approachable and declining requests preserves progress: tour_undella (1.5422ms)
✖ residents remain approachable and declining requests preserves progress: tour_lacunosa (1.5204ms)
✖ residents remain approachable and declining requests preserves progress: tour_village_bridge (5.2027ms)
✖ residents remain approachable and declining requests preserves progress: tour_opelucid (5.4886ms)
✖ residents remain approachable and declining requests preserves progress: tour_icirrus (7.4942ms)
✔ residents remain approachable and declining requests preserves progress: tour_humilau (5.4816ms)
✖ revision 9 saves overlapping new residents move safely while visits and valid positions survive (47.2443ms)
✖ facility routes avoid the newly occupied resident tiles (172.7605ms)
✔ Pokemon roams clear tiles without obstructing exits or markers: tour_jubilife (219.8348ms)
✖ Pokemon roams clear tiles without obstructing exits or markers: tour_oreburgh (9.817ms)
✔ Pokemon roams clear tiles without obstructing exits or markers: tour_eterna (183.3132ms)
✖ Pokemon roams clear tiles without obstructing exits or markers: tour_hearthome (1.2879ms)
✖ Pokemon roams clear tiles without obstructing exits or markers: tour_veilstone (0.9084ms)
✖ Pokemon roams clear tiles without obstructing exits or markers: tour_pastoria (0.9144ms)
✖ Pokemon roams clear tiles without obstructing exits or markers: tour_canalave (7.466ms)
✖ Pokemon roams clear tiles without obstructing exits or markers: tour_snowpoint (2.1507ms)
✖ Pokemon roams clear tiles without obstructing exits or markers: tour_sunyshore (0.5379ms)
✖ Pokemon roams clear tiles without obstructing exits or markers: tour_lake (2.6556ms)
✔ Pokemon roams clear tiles without obstructing exits or markers: tour_vermilion (173.6133ms)
✔ Pokemon roams clear tiles without obstructing exits or markers: tour_pallet (63.7146ms)
✔ Pokemon roams clear tiles without obstructing exits or markers: tour_viridian (130.5948ms)
✖ Pokemon roams clear tiles without obstructing exits or markers: tour_pewter (13.8549ms)
✖ Pokemon roams clear tiles without obstructing exits or markers: tour_cerulean (5.9409ms)
✖ Pokemon roams clear tiles without obstructing exits or markers: tour_celadon (0.7231ms)
✖ Pokemon roams clear tiles without obstructing exits or markers: tour_saffron (5.8166ms)
✖ Pokemon roams clear tiles without obstructing exits or markers: tour_lavender (3.0664ms)
✖ Pokemon roams clear tiles without obstructing exits or markers: tour_fuchsia (0.5287ms)
✖ Pokemon roams clear tiles without obstructing exits or markers: tour_cinnabar (0.3313ms)
✔ Pokemon roams clear tiles without obstructing exits or markers: tour_goldenrod (101.0373ms)
✔ Pokemon roams clear tiles without obstructing exits or markers: tour_violet (36.9145ms)
✖ Pokemon roams clear tiles without obstructing exits or markers: tour_azalea (4.7006ms)
✖ Pokemon roams clear tiles without obstructing exits or markers: tour_ecruteak (0.5365ms)
✖ Pokemon roams clear tiles without obstructing exits or markers: tour_mahogany (0.3026ms)
✖ Pokemon roams clear tiles without obstructing exits or markers: tour_olivine (0.7006ms)
✖ Pokemon roams clear tiles without obstructing exits or markers: tour_cianwood (0.3856ms)
✔ Pokemon roams clear tiles without obstructing exits or markers: tour_blackthorn (42.7991ms)
✔ Pokemon roams clear tiles without obstructing exits or markers: tour_castelia (499.0828ms)
✔ Pokemon roams clear tiles without obstructing exits or markers: tour_aspertia (65.2246ms)
✔ Pokemon roams clear tiles without obstructing exits or markers: tour_virbank (152.7621ms)
✔ Pokemon roams clear tiles without obstructing exits or markers: tour_nimbasa (139.498ms)
✖ Pokemon roams clear tiles without obstructing exits or markers: tour_driftveil (16.3014ms)
✖ Pokemon roams clear tiles without obstructing exits or markers: tour_mistralton (37.7387ms)
✖ Pokemon roams clear tiles without obstructing exits or markers: tour_lentimas (1.7238ms)
✔ Pokemon roams clear tiles without obstructing exits or markers: tour_undella (61.3002ms)
✖ Pokemon roams clear tiles without obstructing exits or markers: tour_lacunosa (0.5896ms)
✖ Pokemon roams clear tiles without obstructing exits or markers: tour_village_bridge (0.9486ms)
✖ Pokemon roams clear tiles without obstructing exits or markers: tour_opelucid (1.2465ms)
✔ Pokemon roams clear tiles without obstructing exits or markers: tour_icirrus (87.8685ms)
✖ Pokemon roams clear tiles without obstructing exits or markers: tour_humilau (2.5215ms)
✔ moving Pokemon reserve both endpoints and release the previous tile on arrival (5.2961ms)
✔ menus and dialogue pause roaming and nearby conversations remain available (30.2981ms)
✔ old and current saves at the former anchor reload beside the Pokemon: tour_jubilife (8.7841ms)
✔ old and current saves at the former anchor reload beside the Pokemon: tour_oreburgh (3.0265ms)
✔ old and current saves at the former anchor reload beside the Pokemon: tour_eterna (3.4063ms)
✖ old and current saves at the former anchor reload beside the Pokemon: tour_hearthome (32.73ms)
✖ old and current saves at the former anchor reload beside the Pokemon: tour_veilstone (3.7472ms)
✖ old and current saves at the former anchor reload beside the Pokemon: tour_pastoria (2.1411ms)
✔ old and current saves at the former anchor reload beside the Pokemon: tour_canalave (2.4898ms)
✔ old and current saves at the former anchor reload beside the Pokemon: tour_snowpoint (1.9795ms)
✖ old and current saves at the former anchor reload beside the Pokemon: tour_sunyshore (1.9091ms)
✔ old and current saves at the former anchor reload beside the Pokemon: tour_lake (2.891ms)
✔ old and current saves at the former anchor reload beside the Pokemon: tour_vermilion (2.167ms)
✔ old and current saves at the former anchor reload beside the Pokemon: tour_pallet (1.3473ms)
✔ old and current saves at the former anchor reload beside the Pokemon: tour_viridian (1.8957ms)
✔ old and current saves at the former anchor reload beside the Pokemon: tour_pewter (1.6333ms)
✔ old and current saves at the former anchor reload beside the Pokemon: tour_cerulean (1.6438ms)
✖ old and current saves at the former anchor reload beside the Pokemon: tour_celadon (2.1902ms)
✖ old and current saves at the former anchor reload beside the Pokemon: tour_saffron (2.5079ms)
✔ old and current saves at the former anchor reload beside the Pokemon: tour_lavender (3.3341ms)
✖ old and current saves at the former anchor reload beside the Pokemon: tour_fuchsia (2.9311ms)
✔ old and current saves at the former anchor reload beside the Pokemon: tour_cinnabar (2.5668ms)
✔ old and current saves at the former anchor reload beside the Pokemon: tour_goldenrod (2.9834ms)
✔ old and current saves at the former anchor reload beside the Pokemon: tour_violet (3.7078ms)
✔ old and current saves at the former anchor reload beside the Pokemon: tour_azalea (3.496ms)
✖ old and current saves at the former anchor reload beside the Pokemon: tour_ecruteak (2.2927ms)
✖ old and current saves at the former anchor reload beside the Pokemon: tour_mahogany (8.8544ms)
✖ old and current saves at the former anchor reload beside the Pokemon: tour_olivine (2.9604ms)
✖ old and current saves at the former anchor reload beside the Pokemon: tour_cianwood (3.0121ms)
✔ old and current saves at the former anchor reload beside the Pokemon: tour_blackthorn (5.9414ms)
✔ old and current saves at the former anchor reload beside the Pokemon: tour_castelia (3.9626ms)
✔ old and current saves at the former anchor reload beside the Pokemon: tour_aspertia (4.2236ms)
✔ old and current saves at the former anchor reload beside the Pokemon: tour_virbank (3.1509ms)
✔ old and current saves at the former anchor reload beside the Pokemon: tour_nimbasa (4.2112ms)
✔ old and current saves at the former anchor reload beside the Pokemon: tour_driftveil (4.0049ms)
✔ old and current saves at the former anchor reload beside the Pokemon: tour_mistralton (4.3803ms)
✖ old and current saves at the former anchor reload beside the Pokemon: tour_lentimas (8.9402ms)
✔ old and current saves at the former anchor reload beside the Pokemon: tour_undella (1.5524ms)
✖ old and current saves at the former anchor reload beside the Pokemon: tour_lacunosa (3.1053ms)
✖ old and current saves at the former anchor reload beside the Pokemon: tour_village_bridge (3.523ms)
✔ old and current saves at the former anchor reload beside the Pokemon: tour_opelucid (2.9465ms)
✔ old and current saves at the former anchor reload beside the Pokemon: tour_icirrus (1.6265ms)
✔ old and current saves at the former anchor reload beside the Pokemon: tour_humilau (6.6922ms)
✔ navigation recomputes around current Pokemon positions and reserved steps without moving the player (20.0391ms)
✔ roaming state is isolated by engine and resets on map changes or file restoration (3.2778ms)
✔ complete grove trees stay inside the blocked footprint except for the northern canopy (30.3068ms)
✔ world renderer paints trees in front of northern actors and behind southern actors without changing progress (24.2088ms)
✖ all 43 exterior places and four regions form one connected walking graph (4.3072ms)
✖ every tour doorway and regional connection moves to a valid save and can be revisited (66.6846ms)
✖ the western route and expanded Jubilife return preserve the adventure party (1.6075ms)
✖ tour buildings and features have collision; every non-enterable house can be investigated (23.9539ms)
✔ developer map jump preserves progress and cannot bypass dialogue, battle or movement (43.5908ms)
✔ expanded map saves round trip as adventures; legacy test imports preserve current progress (8.8661ms)
✖ every tour spawn reaches all entrances, guides and house investigation positions (45.8594ms)
✖ tour guides repeat their map’s real exit directions and destinations (19.6971ms)
✔ legacy exploration URL uses the same adventure storage namespace (0.9858ms)
✖ all facility and floor destinations guide through real doors and stairs and arrive only inside (1290.8579ms)
✖ another room in the same town requires leaving and reentering, preserving visits and no rewards (3188.9297ms)
✔ facility guidance crosses regions, recalculates after fast travel and clears without changing saves (162.8929ms)
✔ only existing tour destinations are accepted and new adventures retain the departure gate in facility guidance (1.3079ms)
✔ Fantina advice selects actual damage across all opponents and preserves the natural party (6.2989ms)
✔ immunity advice is limited to attacks and retains the struggle and status exceptions (1.21ms)
✔ equipped attacks precede unselected moves, learning advice changes after teaching, and no future move is promised (1.3438ms)
✔ TM availability is owned, fainted partners get recovery advice, and a missing prior badge still blocks challenge (1.8101ms)
✔ victory follows the existing objective with its destination, and the guide integration stays compact and read-only (4.7557ms)
✔ voyage artwork is bounded integer DS pixels at both headings and every progress edge (12.6268ms)
✔ boat travels toward the selected port and the wake stays behind the mirrored hull (1.9708ms)
✔ voyage owns both screens, clears old touch hits and leaves save and journey state untouched (4.5524ms)
✔ touch guard rejects the previous frame button before the first voyage draw and permits controls after arrival (2.0788ms)
✔ normal rendering returns after restore cancels a voyage; painter restores Canvas if drawing fails (5.467ms)
✔ ferry choice starts a locked 1.8 second journey and commits destination once at arrival in both directions (68.2463ms)
✔ mid-voyage save stays at departure, restore cancels the old journey, and returnHome cannot complete it later (10.8124ms)
✔ declining or restoring a boarding prompt invalidates its callback and an undelivered record cannot board (8.4171ms)
✔ revisiting the observation researcher after collection only reminds delivery without rewriting progress (1.4945ms)
✔ field bag opens injured target and cancels to potion then bag menu without spending inventory or steps (8.2766ms)
✔ bag healing agrees with preview, keeps target list and party order, and blocks double activation (5.6961ms)
✔ full, fainted, invalid and exhausted targets stay on the same list without consuming medicine (4.1289ms)
✔ field balls explain battle use and empty party cannot enter target selection (0.7081ms)
✔ field item handlers cannot bypass battle, dialogue, movement or transition locks (2.7709ms)
✔ walking toward an NPC accepts one early confirm at the destination (37.4199ms)
✔ an early investigation runs once after the step, without skipping its first page (1.4642ms)
✔ menu and map requests stop a held walk at the next tile (1.5113ms)
✔ the first buffered action wins and is consumed only once (0.6466ms)
✔ dialogue choice direction never becomes walking after confirm or OS repeat (1.1887ms)
✔ menu navigation cannot leak when returning to the field with confirm (0.567ms)
✖ door transition discards the queued action and keys pressed during the fade (19.8175ms)
✔ a grass encounter consumes the queued confirm without advancing battle dialogue (3.235ms)
✔ blur-style input clearing and save restore discard pending field actions (1.7828ms)
✔ touch menu callbacks use the same buffer and ordinary held walking still works (1.1279ms)
✔ blocked facing still allows immediate investigation without walking (0.7411ms)
✔ departure needs a healthy partner and completed guidance; all starter orders unlock only once (44.3349ms)
✖ unlocked western threshold and route entrance work both ways, including transition checkpoints (4.2226ms)
✔ safe road never encounters; six completed grass steps start battle and lock field movement (6.5854ms)
✔ each partner wins the first battle; capture survives reload without changing gift flags (4.6946ms)
✔ failed catches consume one ball and a turn; empty bag and full party plus box cannot consume items (1.0335ms)
✔ support moves and potions change combat state with bounded effects (0.4645ms)
✔ a fainted partner passes to the next healthy member; defeat recovers at home and persists (2.0086ms)
✔ mid-battle saves preserve settled HP and items; restoration cancels old battle and dialogue (16.3104ms)
✔ guide and mother heal; guide replenishes only missing supplies without stacking rewards (7.4732ms)
✔ legacy saves gain empty inventory; invalid inventory and gift combinations are rejected; test travel does not grant departure (2.7296ms)
✖ active Jubilife guide offers real center, mart, resident and next-route choices (10.9302ms)
✔ Oreburgh guide targets the real center, shop, resident and gym without teleporting (5.5132ms)
✔ Oreburgh guide reacts to an earned first badge (1.6956ms)
✖ Jubilife keeps research guidance as an explicit choice until observation delivery (2.1525ms)
✔ growth carries residual XP, restores only gained HP and stops at level 25 (7.9729ms)
✔ each starter route has an obtainable early grass partner strategy for the complete first gym (14.6837ms)
✔ trainer capture is rejected without a turn; enemy change resets debuffs; retreat grants nothing (1.1468ms)
✔ gym confirmation can cancel, accepts a healthy partner, and rejects no partner (34.0983ms)
✔ final knockout commits all rewards once before dialogue and survives reload/revisit (43.3669ms)
✔ nurse sets a persistent recovery point; gym defeat recovers there without badge (9.8995ms)
✔ reload during the second opponent keeps earned XP but cancels the challenge without rewards (2.2299ms)
✔ revision 4 save migration preserves party, inventory and flags while supplying new fields (1.7219ms)
✔ save validation rejects invalid growth, trainer-only ownership and inconsistent badges (2.3192ms)
✔ western route, expanded cities and both center/gym entrances round trip (26.527ms)
✔ forest perimeter trees preserve every map and keep all exit tiles clear (53.4665ms)
✔ live renderer puts southern perimeter trees in front of the player, keeps northern trees behind and preserves saves (34.2721ms)
✔ late forest evolution preserves learned Bug Bite, HP damage, identity and save validity (64.5872ms)
✔ existing caught Kakuna recalls an attack and uses it in a battle turn without changing old save on load (11.7708ms)
✔ cocoon evolution uses level seven and cannot add unregistered final stages (36.7924ms)
✔ all four battle move targets stay visible above hints and cancel, and fourth touch selects slot 4 (14.2774ms)
✔ four remembered moves fit above growth and party actions in summary (4.0353ms)
✔ battle party preview puts four remembered moves on two readable lines above the preview box (11.24ms)
✔ one through four learned slots round-trip while legacy defaults and slot order remain unchanged (15.3354ms)
✔ learning appends or replaces a valid slot and rejects duplicate, skipped and out-of-range slots (1.1159ms)
✔ blank-slot learning requires confirmation, saves once, and stale confirmations cannot append (6.4736ms)
✔ third and fourth move actions resolve their actual techniques and missing slots do not spend a turn (8.1164ms)
✔ a full moveset compares and replaces the fourth slot without creating a fifth (2.218ms)
✔ battle cursor uses actual move count, remembers slot four, and cancel preserves it (4.7082ms)
✔ four selected moves survive starter evolution without reordering (0.946ms)
✖ free exploration chooses the local landmark, then the actual same-region road to an unvisited landmark (30.1834ms)
✖ an entered landmark stays available for leisurely inspection until leaving, without inventing completion flags (14.6147ms)
✖ the aquarium itinerary reaches the real exit tiles and final speaking face while the goal stays stable on the road (2.0276ms)
✔ unfinished story and critical recovery retain priority, and a fully visited region does not force another region (3.8425ms)
✖ Engine objective navigation refreshes when a newly recorded landmark changes its destination (12.2521ms)
✖ all entrance destinations are valid and not an immediate return warp (5.293ms)
✔ all town buildings, residents, and grass are reachable from home (3.193ms)
✔ small meadow is exactly 12 walkable tiles and has no event warp (0.402ms)
✔ western neighbor seals the sole exit, lake and building foundations are solid (10.7267ms)
✔ old town saves migrate position while retaining party and researcher progress (6.9364ms)
✔ new world saves retain their position and malformed data does not load (0.5456ms)
✔ north/south frames match the inspected DS sprite order for walking and running (0.3907ms)
✔ quick key taps commit one tile even when keyup precedes a rendered frame (3.9101ms)
✔ dialogue prompt names the keyboard confirmation keys without conflicting with WASD movement (2.8849ms)
✔ all three starters and Pikachu grant exactly once, survive save roundtrip (3.1977ms)
✔ Eterna preparation distinguishes opponent and recommended levels and leaves the challenge unchanged (7.3955ms)
✔ equipped advantageous moves win over unselected learnable moves and only one partner is recommended (0.8389ms)
✔ unselected available moves provide a learning path without claiming a future unlock is available (1.1297ms)
✔ fainted recommended partners receive recovery advice and completed Gardenia does not repeat preparation (0.7358ms)
✔ only the Eterna gym guide uses new preparation and advice stays compact (10.0754ms)
✖ Goldenrod and Saffron neighbor panels resolve the station corridor without losing directions (3.2085ms)
✔ radio upper floors use current party provenance, leave progress unchanged and reject stale navigation (4.4205ms)
✔ Route 34 notebook distinguishes same-species outsiders from local boxed companions (0.4192ms)
✔ station, radio floors, homes and Route 34 support engine walking and save restoration in one journey (97.1031ms)
✔ HP danger colors include exact half and fifth boundaries; living 1 HP remains visible and fainted HP is empty (3.3065ms)
✔ victory bar follows level-local experience through level-up and validated save restoration (6.5188ms)
✔ reaching the current growth cap displays a full distinct bar even though saved experience resets to zero (0.6365ms)
✔ growth names use consonant particles and preserve experience (2.8404ms)
✔ first evolution and move messages contain resolved particles without changing milestones (1.7601ms)
✔ post-battle learning focuses the newly unlocked move on a later page without teaching it (16.7995ms)
✔ early chained growth and multiple participants survive until final victory; existing school opens (1.8459ms)
✔ gym growth preserves guide order, defaults to continue and grants rewards once (43.8926ms)
✔ cancel keeps learned slots and rewards; restore invalidates victory and picker callbacks (6.3137ms)
✔ interrupted chain never offers learning in the next battle (2.4511ms)
✔ no growth keeps old gym choices and ordinary victory dialogue; picker cancel invalidates callback (1.861ms)
✔ summary renders the growth goal and keeps the move-school touch target (20.1637ms)
✔ starter previews anticipate actual next technique and change after leveling (4.8884ms)
✔ same-level evolution takes precedence and preview follows evolved learnset (0.593ms)
✔ unimplemented evolutions and levels above the cap are never promised (1.0145ms)
✔ all current species and levels produce compact immutable labels (73.7075ms)
✔ legacy unevolved starters preview the next level that actually triggers evolution (0.7623ms)
✔ unselected natural moves remain visible until learned, including at the level cap (0.6621ms)
✔ multiple unselected moves prefer the last natural learning entry without adding reward TMs (0.4031ms)
✔ cart props use existing rock collision and preserve leader, trainers, guide and every floor connection (8.7273ms)
✔ observation and launch cancellation preserve progress, and canceled callbacks cannot start a cart (3.6967ms)
✔ wrong branch returns to the start without advancing, then both correct deliveries complete exactly once (2.0859ms)
✔ departure, replacing a save, battle, and changed puzzle state cancel a run without delayed commits (1.3268ms)
✔ launch callbacks are single use and cannot act on another save or changed direction (1.0489ms)
✔ old, in-flight, partial and completed saves round-trip without requiring puzzle flags or persisting animation (4.0791ms)
✔ field interaction launches the cart and Engine updates finish it while field controls remain locked (5.4569ms)
✔ gym coach connects optional advice to party without granting progress (88.0487ms)
✔ leaving or replacing a save invalidates a pending coach shortcut (1.0006ms)
✔ west road sign uses actual rare encounter and preserves safe-path directions (1.6679ms)
✔ coach prioritizes injury and keeps every page compact (4.6513ms)
✔ coach reports the current selected favorable attack from actual gym targets (0.9249ms)
✔ coach recommends a currently learnable favorable move and the move-school path (0.6463ms)
✔ coach reports a near future move separately from currently learnable moves (0.5162ms)
✔ coach falls back to the actual S04 encounter and recognizes Machop (0.8387ms)
✔ coach celebrates an already owned badge without combat advice or mutation (3.6966ms)
✔ gym exit defaults to continuing and X restores the exact battle selection without cost (13.2135ms)
✔ confirmed stop retains earned XP, HP, tools and money and the next challenge starts at opponent one (9.1462ms)
✔ touch exit protects forced replacement and cancellation preserves the chosen healthy Pokemon (7.0492ms)
✔ repeated menu submissions and stale button callbacks cannot quit through the confirmation (1.5824ms)
✔ wild escapes remain immediate and exit cannot interrupt an existing battle dialogue (2.6337ms)
✔ reloading at exit confirmation restores committed progress without a pending choice or reward (3.8334ms)
✔ preparation counts injured and available Pokemon without using fainted levels or changing a save (7.6985ms)
✔ each gym explains the earliest missing badge, while levels and potion counts do not become gates (1.3336ms)
✔ free potion refill is only advised before the first badge (0.4818ms)
✔ blocked challenges tell the actual unmet requirement and never offer a battle (2.7921ms)
✔ cancel and touch preparation return preserve progression and dismiss the preview (3.909ms)
✔ preview draws the actual teams for every gym and confirms a low-level challenge with no upfront cost (5.2185ms)
✔ restoring or replacing the dialogue clears the preview without granting rewards (2.6009ms)
✔ four gym rewards appear after the final knockout and are awarded once before display (64.9228ms)
✔ reward guidance follows the next gym, recovery and the existing fourth-badge objective (19.8492ms)
✔ reward rendering shows earned resources, badge count and a working touch route button (7.4247ms)
✔ X and touch continue close the scene while preserving rewards and party state (2.4204ms)
✔ capped money is reported as the actual gain including zero, and existing badges give no duplicate reward (1.169ms)
✔ reloading before or during reward display preserves prizes and invalidates pending actions (3.0013ms)
✔ wild victory, partial gym victory, defeat and exit never show a badge reward (2.2082ms)
✔ a gym knockout offers exactly one free healthy replacement and resets next-opponent participation (48.3496ms)
✔ invalid free replacements preserve the opportunity, items, HP and experience (3.458ms)
✔ single healthy Pokemon, wild victories and the last opponent do not offer an unnecessary switch (1.9662ms)
✔ Engine waits for the announcement, supports cancel and continue, and does not replay a free switch (4.7715ms)
✔ touch selection switches without damage and remembering moves survives between opponents (3.9439ms)
✔ reload during the choice preserves earned XP and grants neither a badge nor a pending free action (3.9873ms)
✔ Hearthome theatre replaces only the gym house and fits its original drawing envelope and door (8.7676ms)
✔ ghost hall keeps every map field and original actor and exit coordinates (4.807ms)
✔ low plinths and their ornament stay on exactly the three existing blocked footprints (1.4197ms)
✔ Eterna exterior and interior and Veilstone room retain their own full drawing (10.9446ms)
✔ Fantina uses the static indoor arena while other leaders and mountain wild battles keep theirs (27.0645ms)
✔ hall scenery is below actors and HUD and all painters restore Canvas even if painting fails (5.3605ms)
✖ Ilex marked roads lead only to real exits and the observation spur stays inside the forest (7.5213ms)
✔ revision 20 Ilex floor saves relocate only tree overlaps without losing progress (82.8488ms)
✖ Ilex retains original observation, signs and guide while each new grove is approachable (1.2049ms)
✖ supply locations distinguish balls from potions throughout the active world and respect the departure gate (17.7941ms)
✖ empty tools explain existing supply limits and default back without changing the save (6.8533ms)
✔ choosing supply guidance exits the bag and reaches a real counter before any medicine is granted (47.0848ms)
✖ X and touch back preserve the previous route while touch guidance selects the correct ball provider (8.7547ms)
✖ manual destination changes and adventure tracking replace supply guidance without changing progress (2.1369ms)
✔ restore clears the supply target event and invalidates an old pending choice (1.9234ms)
✔ stocked items retain their normal use and supply prompts cannot interrupt battles or other panels (1.254ms)
✔ a seventh catch presents the caught species in the PC and survives save reload (15.3903ms)
✔ optional road trainer victory pays once and re-visiting remembers it (11.93ms)
✔ collected passage item frees its collision only in the collecting save (29.6729ms)
✔ learning an earned elemental move updates the selected slots and survives reload (3.9414ms)
✔ all five encounter areas have reachable grass without blocking their exits (5.8463ms)
✔ after the first badge recovery remains free and item guidance leads to a real shop (9.454ms)
✖ authored routes connect both cities with grass-free walking and reciprocal landings (21.0208ms)
✖ authored routes offer several accessible encounter clearings and preserve NPC and pickup access (1.6328ms)
✔ all former ground coordinates and saved progress survive additive route expansion (4.4183ms)
✖ authored routes have distinct paths and retain solid exterior borders except their exits (1.1791ms)
✔ shop prices match the authored item database and transactions are atomic (5.3008ms)
✔ PC storage preserves individual values and old starter ownership across save round trips (8.1484ms)
✔ PC rejects invalid indices, full storage and full parties without losing a Pokemon (1.9743ms)
✔ shop and PC events require their real facility and pickups cannot be farmed (35.5601ms)
✖ every same-region city edge has a real route, retaining forests and research transport (8.7785ms)
✖ routes provide safe travel, accessible signs and residents, with pickups on template roads (25.8633ms)
✖ all 35 towns have accessible shops and homes, without replacing gym entrances (8.2851ms)
✖ visible high buildings have three distinct floors with safe reciprocal staircase landings (46.4615ms)
✔ routes do not falsely mark either city arrived or visited, while upper rooms group under their city (4.5567ms)
✖ shop labels use the existing DB potion price and all centers retain the PC event (20.958ms)
✖ every new background generates, stairs are painted, and pickup art respects the saved service flag (292.8331ms)
✔ K18 keeps all six authored weights and original levels as evidence while exposing only save-compatible levels (13.0392ms)
✔ every coast species has supported minimum/maximum-level attacks and captured saves round-trip without extra progression (14.3486ms)
✔ new sprite files use pinned Platinum front/back assets with matching hashes and dimensions (38.0916ms)
✖ coast capture updates the actual Pokedex habitat page and route guidance uses the runtime range (9.4537ms)
✔ selects the standard Korean particle for final consonants and vowels (2.4036ms)
✔ uses 로 after a vowel or rieul and 으로 after other final consonants (0.3497ms)
✔ uses the explicit no-final fallback for unsupported endings (0.6188ms)
✔ Maylene preparation reports opponent levels and limited current damage without changing health or challenge rules (10.3504ms)
✔ drain warning matches the actual opening response to the existing Geodude (6.0438ms)
✔ Ponyta learning advice changes to equipped advice after learning, never promises a future move (1.7069ms)
✔ TM advice respects ownership and existing road companions have distinct target-specific roles (1.3363ms)
✔ Maylene guide integrates read-only and completed battles follow the real research destination (5.6327ms)
✔ techniques stop at .7 seconds and reject invalid clocks without touching Canvas (4.3562ms)
✔ all effects are deterministic integer pixels within the arena and restore caller state (63.3961ms)
✔ requested techniques have distinct geometry, not only a changed palette (7.4973ms)
✔ attacks travel in both directions and finish at the specified sprite, defense surrounds its user (7.6628ms)
✔ current named techniques are covered and unknown future moves get a safe impact (3.7016ms)
✔ even a Canvas drawing error restores the caller context (1.7861ms)
✔ all runtime rules have short descriptions without invented secondary effects (2.4238ms)
✔ comparison is read-only, cancellation preserves moves, confirmation saves once and reloads (15.743ms)
✔ stale confirmations cannot change a replaced save, party member, moves or active battle (1.7101ms)
✔ remembered moves show effects without offering a replacement (1.9026ms)
✔ preferred new move opens its page and selects its item (7.3934ms)
✔ preferred move on the first page selects its third item (0.891ms)
✔ missing or remembered preferred moves keep ordinary page and cursor behavior (4.5642ms)
✔ two-move Kakuna may replace Struggle without filling empty slots; stale add cannot run (19.7741ms)
✔ replacement comparison can be cancelled without learning or writing; ordinary add remains available (26.9092ms)
✔ objective continues inside a gym to a legal speaking tile without awarding progress (37.2097ms)
✖ all expanded centers route to accessible nurse or counter interaction, not the blocked nurse tile (59.9788ms)
✔ center healing updates the followed objective from local interaction back to the next gym (7.593ms)
✔ all existing progression objectives resolve to a reachable person including city story NPCs (10.7047ms)
✔ missing or obstructed targets report blocked and manual city destinations retain arrival behavior (2.6076ms)
✔ map renders local routes and direction guidance without requiring a warp, and restore preserves progress (10.0892ms)
✖ the always-updated developer panel handles local walking routes without a warp (3.2169ms)
✔ identifies only the exact Oreburgh cave map (3.1564ms)
✔ paints a 16px gravel tile at integer coordinates and restores the canvas (1.1326ms)
✔ foreground adds foot dust while background tiles do not (0.4918ms)
✔ paints a cave arena with the existing platform centers and cave palette (1.5366ms)
✔ cave arena is selected by actual location without changing the outdoor arena (10.2686ms)
✔ cave sign and trainer help explain gravel encounters and safe passage (6.8382ms)
✔ Oreburgh cave art branch is isolated to the authored map (39.6004ms)
✔ Oreburgh cave art does not mutate the source map (13.4184ms)
✔ Oreburgh cave keeps the existing warps and safe main route (14.4647ms)
✔ path hint stays on walkable non-prop tiles and points to the encounter patch (9.3622ms)
✔ gym practice is off the direct leader route and every remaining floor and interaction stays reachable (7.497ms)
✔ revision 23 saves on new NPC tiles migrate safely without losing party or progress (8.0453ms)
✔ gym trainers offer optional advice without cave directions, and stale or repeated choices cannot replace battle (28.0799ms)
✔ both gym practices can be stopped and lost without victory flags or money, then retried (8.3909ms)
✔ gym practice victory pays once across reload and acknowledges the first badge (16.1656ms)
✔ Pallet machine compares actual party moves without damaging, rewarding or rearranging Pokemon (97.2259ms)
✔ party pages, back choices, insufficient party and stale slot callbacks are safe (19.2006ms)
✔ immune, fixed-damage and non-damaging trials do not promise ordinary multiplied damage (12.1027ms)
✔ practice uses detached healthy copies and preserves defense changes across real battle turns (31.8689ms)
✔ practice victory grants neither growth nor money even to simulation copies; loss stays local (19.959ms)
✔ dialogue trial supports repeated turns, restart and cancellation while rejecting replayed actions (26.9379ms)
✔ up/down compare every party member in order including fainted members, while left/right choose actions (15.8187ms)
✔ touch previous/next changes both information and moves without changing progress (5.8305ms)
✔ browsing keeps the action selection and medicine applies only to the inspected member (2.0811ms)
✔ lead changes retain the inspected Pokemon and survive save restore after browsing (2.9255ms)
✔ stale browsing callbacks cannot run through dialogue, battle, movement, transitions or another panel (2.8553ms)
✔ empty and single-member summaries do not expose unusable browsing buttons (1.8815ms)
✖ all 33 passages add kind-specific outer loop openings only (52.4215ms)
✖ each loop joins the existing route and keeps both exits reachable without grass (521.2619ms)
✖ core props and NPC remain reachable and kind layouts differ (4.9555ms)
✖ existing passage save coordinates survive parsing without a revision change (22.4129ms)
✔ PC deposit and withdrawal use the species final consonant while preserving the exact Pokemon and save rules (10.5772ms)
✔ full party and full box can select later pages, compare, cancel and swap once (9.2436ms)
✔ stale swap confirmations do not mutate another save, location, battle or selected individual (21.0714ms)
✔ empty storage returns to PC without changing the save (0.8045ms)
✔ party 6 and box 60 are both full but one-to-one swap succeeds (5.7968ms)
✔ swap preserves the two Pokemon objects and every stored field (0.6488ms)
✔ rejects non-integer or out-of-range slots without changing the save (1.3936ms)
✔ rejects exchanging the last healthy party Pokemon with a fainted box Pokemon atomically (0.8181ms)
✔ seen-only species shows actual habitats without granting capture or changing progress (6.5372ms)
✔ gift partner without a wild pool does not invent a habitat (0.8345ms)
✔ old detail action cannot open against a different save or an active battle (0.6334ms)
✔ species habitats use registered encounter nodes and deduplicate map aliases (4.5411ms)
✖ species habitats expose the runtime level range and weighted rarity (5.5107ms)
✔ unregistered species have no promised habitat (0.4445ms)
✔ critical HP boundary and fainted reserves temporarily prioritize recovery without replacing story progress (10.2098ms)
✔ recovery chooses existing local NPCs and follows real gym exits to a center (6.6733ms)
✔ expanded port has its own working center even before the research ferry quest (0.8679ms)
✔ escaping with critical HP shows recovery and actual route-guide healing restores the original objective (49.9513ms)
✔ saving a recovery state preserves badges and fainted HP; nursing restores both party and next badge guidance (5.6312ms)
✔ two named roads use the selected design pools without enabling other roads (12.3276ms)
✔ each new road slot has playable moves, sprite evidence and survives capture and save reload (64.2474ms)
✖ roadworker static dialogue follows the real integrated route (1.9691ms)
✖ roadworker battle proposal gives one or two pages of correct route guidance (3.5048ms)
✖ roadworker help and post-victory guidance keep the real route (0.417ms)
✔ Roark answers a threatening Bubble with damage and its preview uses post-hit enemy HP (17.7105ms)
✔ Roark installs rocks only when its remaining HP exceeds the equipped move threat (1.5633ms)
✔ other gyms, ordinary trainers and wild move selection preserve their existing behavior (0.8942ms)
✔ drain, recoil and finishing attacks keep their HP previews when Roark changes tactics (3.2279ms)
✔ defense and potion previews use the unchanged enemy HP for the Roark threat check (1.432ms)
✔ switch preview resets the incoming attacker stages before evaluating the Roark threat (2.1692ms)
✔ runtime encounter pools exactly preserve selected design slot weights, levels and daytime policy (9.9261ms)
✔ every registered species has actual front and back PNG assets (86.1166ms)
✔ all reachable wild slots can be captured, persisted and registered in the Pokedex (54.8563ms)
✔ full party sends captures to box and rejects only when both capacities are exhausted (23.4346ms)
✔ legacy optional fields migrate and evolved starters remain valid in a box without permitting duplicate gifts (8.7476ms)
✔ level-up unlocks a learnable move while retaining selection until the player replaces a slot (6.5221ms)
✔ all four reward TMs require both the reward key and a compatible Platinum species (1.6139ms)
✔ both sides use identical move damage rules, dual typing, resistance and immunity (1.3406ms)
✔ Protect actually blocks one attack, repeat attempts can fail, and declarations carry technique frames (1.8944ms)
✔ gym hazards damage replacements and trainer victory pays exactly once without allowing capture (4.0708ms)
✔ draining, weight-based and fixed-damage rules have meaningful distinct effects (1.1497ms)
✔ save rejects corrupted box, dex and move payloads while keeping story flags strict (0.9962ms)
✔ first evolution preserves selected moves and increases rather than resets attack strength (0.4933ms)
✔ battle and growth snapshots detach selected move arrays and do not revive fainted participants (0.5515ms)
✔ each starter can lead a locally obtainable prepared party through all later gyms with two potions (37.5136ms)
✔ gym order cannot be skipped and wins, reload and revisits do not duplicate rewards (96.2134ms)
✔ all new recovery centers persist and recover a gym defeat to a valid tile (11.7051ms)
✔ forest and mountain encounters follow their design pools, grant level XP and preserve location (19.569ms)
✖ records require four badges and delivery completes once while world travel stays open (33.3246ms)
✔ Veilstone guide stops directing a completed observation delivery (6.1294ms)
✖ Sinnoh city guides do not direct the player to an already won gym (8.3119ms)
✔ free ferry cancellation, outbound reload and return preserve party, supplies and funds (6.1734ms)
✔ revision 5 capped partners and first badge migrate without losing valid progress (1.624ms)
✔ save rejects skipped badges, missing TM, unearned records and invalid story dependencies (1.6877ms)
✖ every integrated story map warp executes with a legal arrival and checkpoint (40.7695ms)
✖ existing city advice before the completed target and each three-second clue remain unchanged (15.4872ms)
✔ Eterna after the third badge points to the next missing gym instead of replaying Fantina (1.913ms)
✖ both cities follow the existing research and ferry milestones without changing progress (22.2059ms)
✔ city guidance does not heal injured parties or replace the milestone with a recovery instruction (0.9171ms)
✔ mother recognizes every valid partner combination before and after reload without changing progress (93.209ms)
✔ every prop can be reached from the map entrance and investigated using normal movement (104.6726ms)
✔ starter declaration boundaries stay deterministic, clipped and restore Canvas (55.6523ms)
✔ projectiles leave the attacker toward either target and have distinct shapes (2.6022ms)
✔ starter Canvas state restores even if drawing throws (1.469ms)
✔ battleTop keeps a zero HP target visible, uses shown HP and stops recoil during HP phase (1.856ms)
✔ three declarations have exact preparation, contact and afterglow boundaries (16.6748ms)
✔ damage holds old HP then interpolates only display HP and keeps a knockout visible for the whole page (1.993ms)
✔ other moves, unrelated effects and invalid times cannot accidentally inherit presentation (2.5749ms)
✔ confirm, touch-confirm and X reveal text but cannot skip or queue the two waits (31.4107ms)
✔ raw turn results, snapshot isolation and reload remain independent of presentation (10.2177ms)
✔ ordinary techniques still advance without elapsed time and appended pages never reuse the last frame (0.8762ms)
✔ X cannot execute a later reward choice while a selected technique is being presented (0.9741ms)
✔ first meeting tells mother and adventure story before offering the starter (3.5272ms)
✔ Pikachu received first gets the greedy joke and blocks every normal starter (0.9587ms)
✔ Pikachu after a starter is acknowledged without another starter grant (0.29ms)
✔ completed introduction is not repeated when reconsidering the starter (0.2147ms)
✔ three save slots are independent and reset backup keeps the previous party (8.9705ms)
✔ export/import roundtrip retains position, Pikachu and dialogue flags; raw saves also load (2.7573ms)
✔ malformed and unsupported files do not become loadable (0.8656ms)
✔ saving during a door transition produces the arrival map, not a stuck door tile (0.8345ms)
✔ restoring during movement or a menu clears pending state and cancels the old warp (3.2199ms)
✔ Struggle ignores type in damage, preview and resolved dialogue; ordinary immunity remains (9.0355ms)
✔ recoil knockout ends action immediately with zero, one or several healthy reserves (5.3521ms)
✔ player simultaneous knockout gives defeat without reserves, otherwise one terminal reward (8.0636ms)
✔ simultaneous knockout in a team battle requires replacement then allows next action (2.7423ms)
✔ automatic replacement after recoil still takes entry hazard damage (1.6661ms)
✔ enemy recoil resolves single and simultaneous knockouts and consumes a potion only once (5.427ms)
✔ enemy recoil in a team battle advances once and forced entry clears both pending states (0.5835ms)
✔ surviving recoil preview includes its HP cost and agrees with final HP (0.556ms)
✔ blocking enemy Struggle preserves its HP and spends no item (0.9244ms)
✔ manual switching costs one enemy attack and keeps target debuffs, party order and items (12.367ms)
✔ invalid, current and fainted switches spend no turn; a knocked out replacement falls back once (2.001ms)
✔ both healthy participants receive a share of victory experience after switching (1.5383ms)
✔ lead selection preserves all Pokemon data through saves and the next encounter uses that lead (2.2489ms)
✔ field potion heals at most 20, consumes exactly one, and does not revive or waste stock (0.5183ms)
✔ battle menu cancellation spends no turn and summary actions cannot mutate during dialogue or battle (1.6803ms)
✔ selected attack applies the current roster type matchup and matches its hint (15.3652ms)
✔ wild capture dialogue and playback label use the actual opponent species (5.7063ms)
✖ one world reaches every active map from the bedroom after departure (5.9702ms)
✔ four expanded city gym doors have reachable approaches and reciprocal safe exits (29.4929ms)
✔ all fourteen legacy city aliases migrate to safe expanded coordinates without losing progress (3.8704ms)
✔ legacy exploration is merged once into main progress and its source storage stays intact (3.2347ms)
✔ every expanded center heals the adventure party, supplies potions and becomes a safe return point (53.8059ms)
✖ graphic test travel can save at every active map without granting adventure progress (13.3955ms)
✔ training hall follows the existing urban envelope and door; ordinary urban houses remain unchanged (20.9288ms)
✔ wooden hall preserves the complete map and draws its mat lane only on valid floor through the exit (6.1558ms)
✔ equipment platforms and every decorative pixel stay inside the original three blocked rectangles (0.9882ms)
✔ the previously completed greenhouse and ghost hall keep their full interior paintings (6.5534ms)
✔ Maylene uses static dojo scenery and other leaders, mountain and outdoor battles retain their backgrounds (16.9985ms)
✔ dojo paints behind both actors and HUD; all painters restore Canvas even on drawing failure (3.8489ms)
✔ terminal artwork fits the original urban landmark envelope at integer pixels and preserves all map and room data (16.465ms)
✔ the terminal follows supplied building coordinates instead of hardcoding its current city position (2.3974ms)
✔ only Vermilion passenger terminal receives the new facade; other city halls and homes keep their exact painter (4.512ms)
✔ terminal painter always restores the caller Canvas on a drawing failure (1.0852ms)
✖ Viridian uses exactly the authored daytime forest pool and keeps nearby cities peaceful (9.6532ms)
✔ both optional grass patches are reachable and leave both marked forest routes and old positions intact (4.5604ms)
✔ all forest slots at both level limits capture into valid saves with their own supported moves (5.2442ms)
✔ guide connects real encounters to safe travel and eight new Platinum sprites have verified provenance (28.018ms)
✔ Viridian Forest has two marked routes around its central grove and accessible signs and guide (9.2209ms)
✔ revision 19 Viridian Forest saves preserve progress and repair only newly blocked trees (81.9425ms)
✔ Viridian Forest retains observation and exit IDs while its existing guide explains wild encounters (0.9568ms)
✔ forest records distinguish seen, caught, unknown and include boxed ownership without changing save (11.1472ms)
✔ real exhibit routes to optional notebook, returns after reading, opens party and rejects stale callbacks (26.7894ms)
✔ Viridian facility supplies and all three journeys select walkable routes without changing save (30.9028ms)
✔ actual capture resolution preserves a forest Pikachu without setting the researcher gift flag (6.3606ms)
✔ repeated forest catches in the party and box round-trip with a starter or gifted Pikachu (1.3295ms)
✔ legacy researcher gift provenance, unique gift and flag consistency remain enforced (1.1341ms)
✔ forest Pikachu cannot substitute for a departure gift or appear before departure clearance (0.6152ms)
ℹ tests 1284
ℹ suites 0
ℹ pass 839
ℹ fail 445
ℹ cancelled 0
ℹ skipped 0
ℹ todo 0
ℹ duration_ms 35310.5097

✖ failing tests:

test at tests\adventure-guide.test.ts:39:1
✖ guidance follows real interior exits and connecting maps; on arrival it names the interaction (3.5162ms)
  AssertionError [ERR_ASSERTION]: Expected values to be strictly equal:
  + actual - expected
  
  + '다음 구역: 신오 218번도로 · 육지 접근부'
  - '다음 구역: 서부 연구 연결길'
            ^
  
      at TestContext.<anonymous> (C:\my_play\poketmon_demo\tests\adventure-guide.test.ts:47:10)
      at Test.runInAsyncScope (node:async_hooks:227:14)
      at Test.run (node:internal/test_runner/test:1325:25)
      at Test.processPendingSubtests (node:internal/test_runner/test:911:18)
      at Test.postRun (node:internal/test_runner/test:1465:19)
      at Test.run (node:internal/test_runner/test:1390:12)
      at async Test.processPendingSubtests (node:internal/test_runner/test:911:7) {
    generatedMessage: true,
    code: 'ERR_ASSERTION',
    actual: '다음 구역: 신오 218번도로 · 육지 접근부',
    expected: '다음 구역: 서부 연구 연결길',
    operator: 'strictEqual',
    diff: 'simple'
  }

test at tests\adventure-map.test.ts:40:1
✖ active-world map markers fit their map and point to real doors or people (27.9682ms)
  AssertionError [ERR_ASSERTION]: The expression evaluated to a falsy value:
  
    assert(map.warps.some(w=>w.to===marker.destination&&w.x===marker.x&&w.y===marker.y))
  
      at TestContext.<anonymous> (C:\my_play\poketmon_demo\tests\adventure-map.test.ts:41:217)
      at Test.runInAsyncScope (node:async_hooks:227:14)
      at Test.run (node:internal/test_runner/test:1325:25)
      at Test.processPendingSubtests (node:internal/test_runner/test:911:18)
      at Test.postRun (node:internal/test_runner/test:1465:19)
      at Test.run (node:internal/test_runner/test:1390:12)
      at async Test.processPendingSubtests (node:internal/test_runner/test:911:7) {
    generatedMessage: true,
    code: 'ERR_ASSERTION',
    actual: false,
    expected: true,
    operator: '==',
    diff: 'simple'
  }

test at tests\collision.test.ts:11:1
✖ every door and stair requires the exact tile and approach direction (51.345ms)
  AssertionError [ERR_ASSERTION]: Expected values to be strictly equal:
  + actual - expected
  
  + 'tour_sinnoh_route_205_north'
  - 'tour_sinnoh_route_211_west'
                        ^
  
      at TestContext.<anonymous> (C:\my_play\poketmon_demo\tests\collision.test.ts:19:32)
      at Test.runInAsyncScope (node:async_hooks:227:14)
      at Test.run (node:internal/test_runner/test:1325:25)
      at Test.start (node:internal/test_runner/test:1191:17)
      at startSubtestAfterBootstrap (node:internal/test_runner/harness:385:17) {
    generatedMessage: true,
    code: 'ERR_ASSERTION',
    actual: 'tour_sinnoh_route_205_north',
    expected: 'tour_sinnoh_route_211_west',
    operator: 'strictEqual',
    diff: 'simple'
  }

test at tests\collision.test.ts:44:1
✖ every walkable floor cell in every map is connected, except the guarded exit (43.3571ms)
  AssertionError [ERR_ASSERTION]: tour_coronet: disconnected floor at 20,3
      at TestContext.<anonymous> (C:\my_play\poketmon_demo\tests\collision.test.ts:51:7)
      at Test.runInAsyncScope (node:async_hooks:227:14)
      at Test.run (node:internal/test_runner/test:1325:25)
      at Test.processPendingSubtests (node:internal/test_runner/test:911:18)
      at Test.postRun (node:internal/test_runner/test:1465:19)
      at Test.run (node:internal/test_runner/test:1390:12)
      at async Test.processPendingSubtests (node:internal/test_runner/test:911:7) {
    generatedMessage: false,
    code: 'ERR_ASSERTION',
    actual: false,
    expected: true,
    operator: '==',
    diff: 'simple'
  }

test at tests\coronet-art.test.ts:59:1
✖ exploration integration keeps rock footprints and terrain data while replacing generic ground only on Coronet (61.7982ms)
  AssertionError [ERR_ASSERTION]: Expected values to be strictly equal:
  
  5 !== 2
  
      at <anonymous> (C:\my_play\poketmon_demo\tests\coronet-art.test.ts:64:10)
      at withDocument (C:\my_play\poketmon_demo\tests\coronet-art.test.ts:29:7)
      at TestContext.<anonymous> (C:\my_play\poketmon_demo\tests\coronet-art.test.ts:59:122)
      at Test.runInAsyncScope (node:async_hooks:227:14)
      at Test.run (node:internal/test_runner/test:1325:25)
      at Test.processPendingSubtests (node:internal/test_runner/test:911:18)
      at Test.postRun (node:internal/test_runner/test:1465:19)
      at Test.run (node:internal/test_runner/test:1390:12)
      at async Test.processPendingSubtests (node:internal/test_runner/test:911:7) {
    generatedMessage: true,
    code: 'ERR_ASSERTION',
    actual: 5,
    expected: 2,
    operator: 'strictEqual',
    diff: 'simple'
  }

test at tests\coronet-layout.test.ts:19:1
✖ Coronet keeps every former valid coordinate, five old rocks, investigation IDs and healing guide (5.5617ms)
  AssertionError [ERR_ASSERTION]: Expected values to be strictly deep-equal:
  + actual - expected
  
    [
  +   56,
  +   48
  -   20,
  -   30
    ]
  
      at TestContext.<anonymous> (C:\my_play\poketmon_demo\tests\coronet-layout.test.ts:20:31)
      at Test.runInAsyncScope (node:async_hooks:227:14)
      at Test.run (node:internal/test_runner/test:1325:25)
      at Test.start (node:internal/test_runner/test:1191:17)
      at startSubtestAfterBootstrap (node:internal/test_runner/harness:385:17) {
    generatedMessage: true,
    code: 'ERR_ASSERTION',
    actual: [ 56, 48 ],
    expected: [ 20, 30 ],
    operator: 'deepStrictEqual',
    diff: 'simple'
  }

test at tests\coronet-layout.test.ts:29:1
✖ the longer safe route and southern encounter branch reconnect while every registered face is approachable (11.7768ms)
  AssertionError [ERR_ASSERTION]: The expression evaluated to a falsy value:
  
    assert(all.has(`${x},${y}`))
  
      at TestContext.<anonymous> (C:\my_play\poketmon_demo\tests\coronet-layout.test.ts:33:81)
      at Test.runInAsyncScope (node:async_hooks:227:14)
      at Test.run (node:internal/test_runner/test:1325:25)
      at Test.processPendingSubtests (node:internal/test_runner/test:911:18)
      at Test.postRun (node:internal/test_runner/test:1465:19)
      at Test.run (node:internal/test_runner/test:1390:12)
      at async startSubtestAfterBootstrap (node:internal/test_runner/harness:385:3) {
    generatedMessage: true,
    code: 'ERR_ASSERTION',
    actual: false,
    expected: true,
    operator: '==',
    diff: 'simple'
  }

test at tests\coronet-layout.test.ts:37:1
✖ Hearthome uses the new south entry while Eterna and the lake retain their original mouths and return directions (1.2408ms)
  AssertionError [ERR_ASSERTION]: Expected values to be strictly deep-equal:
  + actual - expected
  
    [
      [
        10,
        2,
  +     'tour_sinnoh_route_207',
  -     'tour_eterna',
        'up'
      ],
      [
        10,
  +     46,
  +     'tour_sinnoh_route_208',
  -     28,
  -     'tour_hearthome',
        'down'
      ],
      [
  +     54,
  +     12,
  +     'tour_coronet_north',
  -     18,
  -     9,
  -     'tour_lake',
        'right'
      ]
    ]
  
      at TestContext.<anonymous> (C:\my_play\poketmon_demo\tests\coronet-layout.test.ts:38:31)
      at Test.runInAsyncScope (node:async_hooks:227:14)
      at Test.run (node:internal/test_runner/test:1325:25)
      at Test.processPendingSubtests (node:internal/test_runner/test:911:18)
      at Test.postRun (node:internal/test_runner/test:1465:19)
      at Test.run (node:internal/test_runner/test:1390:12)
      at async Test.processPendingSubtests (node:internal/test_runner/test:911:7) {
    generatedMessage: true,
    code: 'ERR_ASSERTION',
    actual: [ [ 10, 2, 'tour_sinnoh_route_207', 'up' ], [ 10, 46, 'tour_sinnoh_route_208', 'down' ], [ 54, 12, 'tour_coronet_north', 'right' ] ],
    expected: [ [ 10, 2, 'tour_eterna', 'up' ], [ 10, 28, 'tour_hearthome', 'down' ], [ 18, 9, 'tour_lake', 'right' ] ],
    operator: 'deepStrictEqual',
    diff: 'simple'
  }

test at tests\coronet-layout.test.ts:46:1
✖ both encounter patches use the unchanged S15 pool and the guide still heals without post-badge supplies (45.3864ms)
  AssertionError [ERR_ASSERTION]: The input did not match the regular expression /영원시티.*연고시티/s. Input:
  
  '포켓몬들이 모두 건강해졌어요.\n' +
    '도구는 마을 상점에서 구입하세요.영원 쪽은 천관산 영원 입구길을 지나요.\n' +
    '남쪽은 현재 축약 연결로 연고에 이어져요.동쪽 갈림길은 통합 신오 호수 거점이에요.\n' +
    '풀밭을 피하려면 흙길을 따라가세요.'
  
      at TestContext.<anonymous> (C:\my_play\poketmon_demo\tests\coronet-layout.test.ts:51:279)
      at Test.runInAsyncScope (node:async_hooks:227:14)
      at Test.run (node:internal/test_runner/test:1325:25)
      at Test.processPendingSubtests (node:internal/test_runner/test:911:18)
      at Test.postRun (node:internal/test_runner/test:1465:19)
      at Test.run (node:internal/test_runner/test:1390:12)
      at async Test.processPendingSubtests (node:internal/test_runner/test:911:7) {
    generatedMessage: true,
    code: 'ERR_ASSERTION',
    actual: '포켓몬들이 모두 건강해졌어요.\n도구는 마을 상점에서 구입하세요.영원 쪽은 천관산 영원 입구길을 지나요.\n남쪽은 현재 축약 연결로 연고에 이어져요.동쪽 갈림길은 통합 신오 호수 거점이에요.\n풀밭을 피하려면 흙길을 따라가세요.',
    expected: /영원시티.*연고시티/s,
    operator: 'match',
    diff: 'simple'
  }

test at tests\coronet-layout.test.ts:55:1
✖ Coronet geometry and minimap fit the new map while the other expanded forest stays unchanged (1.1026ms)
  AssertionError [ERR_ASSERTION]: Expected values to be strictly equal:
  
  56 !== 20
  
      at TestContext.<anonymous> (C:\my_play\poketmon_demo\tests\coronet-layout.test.ts:56:57)
      at Test.runInAsyncScope (node:async_hooks:227:14)
      at Test.run (node:internal/test_runner/test:1325:25)
      at Test.processPendingSubtests (node:internal/test_runner/test:911:18)
      at Test.postRun (node:internal/test_runner/test:1465:19)
      at Test.run (node:internal/test_runner/test:1390:12)
      at async Test.processPendingSubtests (node:internal/test_runner/test:911:7) {
    generatedMessage: true,
    code: 'ERR_ASSERTION',
    actual: 56,
    expected: 20,
    operator: 'strictEqual',
    diff: 'simple'
  }

test at tests\desert-layout.test.ts:12:1
✖ Desert marked paths connect north and south exits and reach signs and guide (10.8174ms)
  AssertionError [ERR_ASSERTION]: Expected values to be strictly deep-equal:
  + actual - expected
  
    [
      [
        'tour_unova_route_01',
        10,
        16,
        'down'
      ],
  -   [
  -     'tour_nimbasa',
  -     10,
  -     2,
  -     'up'
  -   ]
    ]
  
      at TestContext.<anonymous> (C:\my_play\poketmon_demo\tests\desert-layout.test.ts:15:10)
      at Test.runInAsyncScope (node:async_hooks:227:14)
      at Test.run (node:internal/test_runner/test:1325:25)
      at Test.start (node:internal/test_runner/test:1191:17)
      at startSubtestAfterBootstrap (node:internal/test_runner/harness:385:17) {
    generatedMessage: true,
    code: 'ERR_ASSERTION',
    actual: [ [ 'tour_unova_route_01', 10, 16, 'down' ] ],
    expected: [ [ 'tour_unova_route_01', 10, 16, 'down' ], [ 'tour_nimbasa', 10, 2, 'up' ] ],
    operator: 'deepStrictEqual',
    diff: 'simple'
  }

test at tests\desert-layout.test.ts:44:1
✖ Desert preserves original rocks and sign events while adding 3 new investigable features (1.3075ms)
  AssertionError [ERR_ASSERTION]: Expected values to be strictly deep-equal:
  + actual - expected
  
    [
      [
        'tourExit0',
        'tour_unova_route_01'
      ],
  -   [
  -     'tourExit1',
  -     'tour_nimbasa'
  -   ]
    ]
  
      at TestContext.<anonymous> (C:\my_play\poketmon_demo\tests\desert-layout.test.ts:49:10)
      at Test.runInAsyncScope (node:async_hooks:227:14)
      at Test.run (node:internal/test_runner/test:1325:25)
      at Test.processPendingSubtests (node:internal/test_runner/test:911:18)
      at Test.postRun (node:internal/test_runner/test:1465:19)
      at Test.run (node:internal/test_runner/test:1390:12)
      at async Test.processPendingSubtests (node:internal/test_runner/test:911:7) {
    generatedMessage: true,
    code: 'ERR_ASSERTION',
    actual: [ [ 'tourExit0', 'tour_unova_route_01' ] ],
    expected: [ [ 'tourExit0', 'tour_unova_route_01' ], [ 'tourExit1', 'tour_nimbasa' ] ],
    operator: 'deepStrictEqual',
    diff: 'simple'
  }

test at tests\encounter-guidance.test.ts:22:1
✖ every integrated passage gives truthful sign and traveller guidance (62.7396ms)
  AssertionError [ERR_ASSERTION]: The input did not match the regular expression /도시 사이를 걷기 좋은 길/. Input:
  
  '홍련–갈색 해안길\n' +
    '← 갈색시티\n' +
    '→ 홍련섬\n' +
    '큰 만의 남쪽을 돌아가는 해안길이야.\n' +
    '북쪽 전망길에서도 양쪽 큰길로 돌아올 수 있어.\n' +
    '갈색 쪽 센터와 상점에서 준비할 수 있어.\n' +
    '이 길에서는 걸어서 두 도시를 오갈 수 있어.'
  
      at TestContext.<anonymous> (C:\my_play\poketmon_demo\tests\encounter-guidance.test.ts:58:14)
      at Test.runInAsyncScope (node:async_hooks:227:14)
      at Test.run (node:internal/test_runner/test:1325:25)
      at Test.start (node:internal/test_runner/test:1191:17)
      at startSubtestAfterBootstrap (node:internal/test_runner/harness:385:17) {
    generatedMessage: true,
    code: 'ERR_ASSERTION',
    actual: '홍련–갈색 해안길\n← 갈색시티\n→ 홍련섬\n큰 만의 남쪽을 돌아가는 해안길이야.\n북쪽 전망길에서도 양쪽 큰길로 돌아올 수 있어.\n갈색 쪽 센터와 상점에서 준비할 수 있어.\n이 길에서는 걸어서 두 도시를 오갈 수 있어.',
    expected: /도시 사이를 걷기 좋은 길/,
    operator: 'match',
    diff: 'simple'
  }

test at tests\eterna-forest-layout.test.ts:25:1
✖ forest expansion preserves every former valid save tile and existing investigation identities (16.7579ms)
  AssertionError [ERR_ASSERTION]: Expected values to be strictly deep-equal:
  + actual - expected
  
    [
  +   56,
  +   64
  -   32,
  -   34
    ]
  
      at TestContext.<anonymous> (C:\my_play\poketmon_demo\tests\eterna-forest-layout.test.ts:26:31)
      at Test.runInAsyncScope (node:async_hooks:227:14)
      at Test.run (node:internal/test_runner/test:1325:25)
      at Test.start (node:internal/test_runner/test:1191:17)
      at startSubtestAfterBootstrap (node:internal/test_runner/harness:385:17) {
    generatedMessage: true,
    code: 'ERR_ASSERTION',
    actual: [ 56, 64 ],
    expected: [ 32, 34 ],
    operator: 'deepStrictEqual',
    diff: 'simple'
  }

test at tests\eterna-forest-layout.test.ts:39:1
✖ safe route spans the new bend while both grass branches join back to reachable paths (13.094ms)
  AssertionError [ERR_ASSERTION]: upper grass approach
      at TestContext.<anonymous> (C:\my_play\poketmon_demo\tests\eterna-forest-layout.test.ts:44:5)
      at Test.runInAsyncScope (node:async_hooks:227:14)
      at Test.run (node:internal/test_runner/test:1325:25)
      at Test.processPendingSubtests (node:internal/test_runner/test:911:18)
      at Test.postRun (node:internal/test_runner/test:1465:19)
      at Test.run (node:internal/test_runner/test:1390:12)
      at async startSubtestAfterBootstrap (node:internal/test_runner/harness:385:3) {
    generatedMessage: false,
    code: 'ERR_ASSERTION',
    actual: false,
    expected: true,
    operator: '==',
    diff: 'simple'
  }

test at tests\eterna-forest-layout.test.ts:51:1
✖ city transitions use the moved southern mouth and preserve exact entry directions in both directions (1.7234ms)
  AssertionError [ERR_ASSERTION]: Expected values to be strictly deep-equal:
  + actual - expected
  
    [
      [
        10,
  +     62,
  +     'tour_sinnoh_route_205_south',
  -     32,
  -     'tour_sinnoh_route_02',
        'down'
      ],
      [
        10,
        2,
  +     'tour_sinnoh_route_205_north',
  -     'tour_sinnoh_route_03',
        'up'
      ]
    ]
  
      at TestContext.<anonymous> (C:\my_play\poketmon_demo\tests\eterna-forest-layout.test.ts:54:10)
      at Test.runInAsyncScope (node:async_hooks:227:14)
      at Test.run (node:internal/test_runner/test:1325:25)
      at Test.processPendingSubtests (node:internal/test_runner/test:911:18)
      at Test.postRun (node:internal/test_runner/test:1465:19)
      at Test.run (node:internal/test_runner/test:1390:12)
      at async Test.processPendingSubtests (node:internal/test_runner/test:911:7) {
    generatedMessage: true,
    code: 'ERR_ASSERTION',
    actual: [ [ 10, 62, 'tour_sinnoh_route_205_south', 'down' ], [ 10, 2, 'tour_sinnoh_route_205_north', 'up' ] ],
    expected: [ [ 10, 32, 'tour_sinnoh_route_02', 'down' ], [ 10, 2, 'tour_sinnoh_route_03', 'up' ] ],
    operator: 'deepStrictEqual',
    diff: 'simple'
  }

test at tests\explore-centers.test.ts:13:1
✖ all 38 reception counters block walking and talk to the nurse from every front tile (6.0922ms)
  AssertionError [ERR_ASSERTION]: Expected values to be strictly equal:
  
  44 !== 38
  
      at TestContext.<anonymous> (C:\my_play\poketmon_demo\tests\explore-centers.test.ts:14:10)
      at Test.runInAsyncScope (node:async_hooks:227:14)
      at Test.run (node:internal/test_runner/test:1325:25)
      at Test.start (node:internal/test_runner/test:1191:17)
      at startSubtestAfterBootstrap (node:internal/test_runner/harness:385:17) {
    generatedMessage: true,
    code: 'ERR_ASSERTION',
    actual: 44,
    expected: 38,
    operator: 'strictEqual',
    diff: 'simple'
  }

test at tests\explore-centers.test.ts:29:1
✖ revision 15 counter and nurse saves migrate safely while valid room positions and progress survive (101.4213ms)
  AssertionError [ERR_ASSERTION]: Expected values to be strictly deep-equal:
  + actual - expected
  
    [
      'tour_kanto_route_10_north',
      'tour_kanto_route_10_north_center',
  +   'tour_lavender'
    ]
  
      at TestContext.<anonymous> (C:\my_play\poketmon_demo\tests\explore-centers.test.ts:37:53)
      at Test.runInAsyncScope (node:async_hooks:227:14)
      at Test.run (node:internal/test_runner/test:1325:25)
      at Test.processPendingSubtests (node:internal/test_runner/test:911:18)
      at Test.postRun (node:internal/test_runner/test:1465:19)
      at Test.run (node:internal/test_runner/test:1390:12)
      at async startSubtestAfterBootstrap (node:internal/test_runner/harness:385:3) {
    generatedMessage: true,
    code: 'ERR_ASSERTION',
    actual: [ 'tour_kanto_route_10_north', 'tour_kanto_route_10_north_center', 'tour_lavender' ],
    expected: [ 'tour_kanto_route_10_north', 'tour_kanto_route_10_north_center' ],
    operator: 'deepStrictEqual',
    diff: 'simple'
  }

test at tests\explore-expansion.test.ts:10:1
✖ all 35 towns expand while essential areas use their authored dimensions (5.9274ms)
  AssertionError [ERR_ASSERTION]: Expected values to be strictly equal:
  
  41 !== 35
  
      at TestContext.<anonymous> (C:\my_play\poketmon_demo\tests\explore-expansion.test.ts:11:10)
      at Test.runInAsyncScope (node:async_hooks:227:14)
      at Test.run (node:internal/test_runner/test:1325:25)
      at Test.start (node:internal/test_runner/test:1191:17)
      at startSubtestAfterBootstrap (node:internal/test_runner/harness:385:17) {
    generatedMessage: true,
    code: 'ERR_ASSERTION',
    actual: 41,
    expected: 35,
    operator: 'strictEqual',
    diff: 'simple'
  }

test at tests\explore-expansion.test.ts:29:1
✖ revision 12 saves recover blocked town positions and preserve valid positions and visits (12.269ms)
  AssertionError [ERR_ASSERTION]: tour_lake
      at TestContext.<anonymous> (C:\my_play\poketmon_demo\tests\explore-expansion.test.ts:32:58)
      at Test.runInAsyncScope (node:async_hooks:227:14)
      at Test.run (node:internal/test_runner/test:1325:25)
      at Test.processPendingSubtests (node:internal/test_runner/test:911:18)
      at Test.postRun (node:internal/test_runner/test:1465:19)
      at Test.run (node:internal/test_runner/test:1390:12)
      at async startSubtestAfterBootstrap (node:internal/test_runner/harness:385:3) {
    generatedMessage: false,
    code: 'ERR_ASSERTION',
    actual: undefined,
    expected: true,
    operator: '==',
    diff: 'simple'
  }

test at tests\explore-interiors.test.ts:19:1
✖ every room has solid furniture with reachable investigation surfaces (23.6957ms)
  AssertionError [ERR_ASSERTION]: tour_snowpoint_center overlapping furniture
      at TestContext.<anonymous> (C:\my_play\poketmon_demo\tests\explore-interiors.test.ts:26:9)
      at Test.runInAsyncScope (node:async_hooks:227:14)
      at Test.run (node:internal/test_runner/test:1325:25)
      at Test.start (node:internal/test_runner/test:1191:17)
      at startSubtestAfterBootstrap (node:internal/test_runner/harness:385:17) {
    generatedMessage: false,
    code: 'ERR_ASSERTION',
    actual: false,
    expected: true,
    operator: '==',
    diff: 'simple'
  }

test at tests\explore-interiors.test.ts:34:54
✖ room investigation and optional activity cancellation preserve progress: tour_oreburgh_hall (2.8112ms)
  AssertionError [ERR_ASSERTION]: Expected values to be strictly deep-equal:
  + actual - expected
  
    [
  +   '채굴 깊이에 따라 색과 결이 다른 광석과 석탄 표본이 놓여 있습니다.',
  +   '표본을 가져가거나 아이템으로 얻지는 않습니다.'
  -   '반짝이는 광물과 검은 석탄이\n채굴한 깊이에 따라 놓여 있다.'
    ]
  
      at TestContext.<anonymous> (C:\my_play\poketmon_demo\tests\explore-interiors.test.ts:79:69)
      at Test.runInAsyncScope (node:async_hooks:227:14)
      at Test.run (node:internal/test_runner/test:1325:25)
      at Test.processPendingSubtests (node:internal/test_runner/test:911:18)
      at Test.postRun (node:internal/test_runner/test:1465:19)
      at Test.run (node:internal/test_runner/test:1390:12)
      at async Test.processPendingSubtests (node:internal/test_runner/test:911:7) {
    generatedMessage: true,
    code: 'ERR_ASSERTION',
    actual: [ '채굴 깊이에 따라 색과 결이 다른 광석과 석탄 표본이 놓여 있습니다.', '표본을 가져가거나 아이템으로 얻지는 않습니다.' ],
    expected: [ '반짝이는 광물과 검은 석탄이\n채굴한 깊이에 따라 놓여 있다.' ],
    operator: 'deepStrictEqual',
    diff: 'simple'
  }

test at tests\explore-interiors.test.ts:34:54
✖ room investigation and optional activity cancellation preserve progress: tour_eterna_center (2.331ms)
  AssertionError [ERR_ASSERTION]: Expected values to be strictly equal:
  + actual - expected
  
  + undefined
  - '숲길 여행자 대기석'
  
      at TestContext.<anonymous> (C:\my_play\poketmon_demo\tests\explore-interiors.test.ts:79:28)
      at Test.runInAsyncScope (node:async_hooks:227:14)
      at Test.run (node:internal/test_runner/test:1325:25)
      at Test.processPendingSubtests (node:internal/test_runner/test:911:18)
      at Test.postRun (node:internal/test_runner/test:1465:19)
      at Test.run (node:internal/test_runner/test:1390:12)
      at async Test.processPendingSubtests (node:internal/test_runner/test:911:7) {
    generatedMessage: true,
    code: 'ERR_ASSERTION',
    actual: undefined,
    expected: '숲길 여행자 대기석',
    operator: 'strictEqual',
    diff: 'simple'
  }

test at tests\explore-interiors.test.ts:34:54
✖ room investigation and optional activity cancellation preserve progress: tour_eterna_hall (2.6588ms)
  AssertionError [ERR_ASSERTION]: Expected values to be strictly equal:
  + actual - expected
  
  + undefined
  - '옛 영원 거리 모형'
  
      at TestContext.<anonymous> (C:\my_play\poketmon_demo\tests\explore-interiors.test.ts:79:28)
      at Test.runInAsyncScope (node:async_hooks:227:14)
      at Test.run (node:internal/test_runner/test:1325:25)
      at Test.processPendingSubtests (node:internal/test_runner/test:911:18)
      at Test.postRun (node:internal/test_runner/test:1465:19)
      at Test.run (node:internal/test_runner/test:1390:12)
      at async Test.processPendingSubtests (node:internal/test_runner/test:911:7) {
    generatedMessage: true,
    code: 'ERR_ASSERTION',
    actual: undefined,
    expected: '옛 영원 거리 모형',
    operator: 'strictEqual',
    diff: 'simple'
  }

test at tests\explore-interiors.test.ts:34:54
✖ room investigation and optional activity cancellation preserve progress: tour_hearthome_center (1.9394ms)
  AssertionError [ERR_ASSERTION]: Expected values to be strictly equal:
  + actual - expected
  
  + undefined
  - '공연 동료 대기석'
  
      at TestContext.<anonymous> (C:\my_play\poketmon_demo\tests\explore-interiors.test.ts:79:28)
      at Test.runInAsyncScope (node:async_hooks:227:14)
      at Test.run (node:internal/test_runner/test:1325:25)
      at Test.processPendingSubtests (node:internal/test_runner/test:911:18)
      at Test.postRun (node:internal/test_runner/test:1465:19)
      at Test.run (node:internal/test_runner/test:1390:12)
      at async Test.processPendingSubtests (node:internal/test_runner/test:911:7) {
    generatedMessage: true,
    code: 'ERR_ASSERTION',
    actual: undefined,
    expected: '공연 동료 대기석',
    operator: 'strictEqual',
    diff: 'simple'
  }

test at tests\explore-interiors.test.ts:34:54
✖ room investigation and optional activity cancellation preserve progress: tour_hearthome_hall (1.2675ms)
  AssertionError [ERR_ASSERTION]: Expected values to be strictly equal:
  + actual - expected
  
  + '콘테스트 연습 안내원'
  - '콘테스트 무대'
          ^
  
      at TestContext.<anonymous> (C:\my_play\poketmon_demo\tests\explore-interiors.test.ts:79:28)
      at Test.runInAsyncScope (node:async_hooks:227:14)
      at Test.run (node:internal/test_runner/test:1325:25)
      at Test.processPendingSubtests (node:internal/test_runner/test:911:18)
      at Test.postRun (node:internal/test_runner/test:1465:19)
      at Test.run (node:internal/test_runner/test:1390:12)
      at async Test.processPendingSubtests (node:internal/test_runner/test:911:7) {
    generatedMessage: true,
    code: 'ERR_ASSERTION',
    actual: '콘테스트 연습 안내원',
    expected: '콘테스트 무대',
    operator: 'strictEqual',
    diff: 'simple'
  }

test at tests\explore-interiors.test.ts:34:54
✖ room investigation and optional activity cancellation preserve progress: tour_pastoria_center (6.1528ms)
  AssertionError [ERR_ASSERTION]: Expected values to be strictly equal:
  + actual - expected
  
  + undefined
  - '습지 동료 건조석'
  
      at TestContext.<anonymous> (C:\my_play\poketmon_demo\tests\explore-interiors.test.ts:79:28)
      at Test.runInAsyncScope (node:async_hooks:227:14)
      at Test.run (node:internal/test_runner/test:1325:25)
      at Test.processPendingSubtests (node:internal/test_runner/test:911:18)
      at Test.postRun (node:internal/test_runner/test:1465:19)
      at Test.run (node:internal/test_runner/test:1390:12)
      at async Test.processPendingSubtests (node:internal/test_runner/test:911:7) {
    generatedMessage: true,
    code: 'ERR_ASSERTION',
    actual: undefined,
    expected: '습지 동료 건조석',
    operator: 'strictEqual',
    diff: 'simple'
  }

test at tests\explore-interiors.test.ts:34:54
✖ room investigation and optional activity cancellation preserve progress: tour_pastoria_hall (2.317ms)
  AssertionError [ERR_ASSERTION]: Expected values to be strictly equal:
  + actual - expected
  
  + '습지 관찰 기록판'
  - '동료 습지 관찰 기록판'
  
      at TestContext.<anonymous> (C:\my_play\poketmon_demo\tests\explore-interiors.test.ts:79:28)
      at Test.runInAsyncScope (node:async_hooks:227:14)
      at Test.run (node:internal/test_runner/test:1325:25)
      at Test.processPendingSubtests (node:internal/test_runner/test:911:18)
      at Test.postRun (node:internal/test_runner/test:1465:19)
      at Test.run (node:internal/test_runner/test:1390:12)
      at async Test.processPendingSubtests (node:internal/test_runner/test:911:7) {
    generatedMessage: true,
    code: 'ERR_ASSERTION',
    actual: '습지 관찰 기록판',
    expected: '동료 습지 관찰 기록판',
    operator: 'strictEqual',
    diff: 'simple'
  }

test at tests\explore-interiors.test.ts:34:54
✖ room investigation and optional activity cancellation preserve progress: tour_canalave_center (1.6885ms)
  AssertionError [ERR_ASSERTION]: Expected values to be strictly equal:
  + actual - expected
  
  + undefined
  - '항만 동료 회복 대기석'
  
      at TestContext.<anonymous> (C:\my_play\poketmon_demo\tests\explore-interiors.test.ts:79:28)
      at Test.runInAsyncScope (node:async_hooks:227:14)
      at Test.run (node:internal/test_runner/test:1325:25)
      at Test.processPendingSubtests (node:internal/test_runner/test:911:18)
      at Test.postRun (node:internal/test_runner/test:1465:19)
      at Test.run (node:internal/test_runner/test:1390:12)
      at async Test.processPendingSubtests (node:internal/test_runner/test:911:7) {
    generatedMessage: true,
    code: 'ERR_ASSERTION',
    actual: undefined,
    expected: '항만 동료 회복 대기석',
    operator: 'strictEqual',
    diff: 'simple'
  }

test at tests\explore-interiors.test.ts:34:54
✖ room investigation and optional activity cancellation preserve progress: tour_canalave_hall (2.0492ms)
  AssertionError [ERR_ASSERTION]: Expected values to be strictly deep-equal:
  + actual - expected
  
    [
  +   '함께 온 동료가 생기면 안전한 항만 보조 역할을 정해 보자.'
  -   '동료의 몸집과 상태에 맞춰 운반·신호·휴식 역할을 나눈 기록이다.'
    ]
  
      at TestContext.<anonymous> (C:\my_play\poketmon_demo\tests\explore-interiors.test.ts:79:69)
      at Test.runInAsyncScope (node:async_hooks:227:14)
      at Test.run (node:internal/test_runner/test:1325:25)
      at Test.processPendingSubtests (node:internal/test_runner/test:911:18)
      at Test.postRun (node:internal/test_runner/test:1465:19)
      at Test.run (node:internal/test_runner/test:1390:12)
      at async Test.processPendingSubtests (node:internal/test_runner/test:911:7) {
    generatedMessage: true,
    code: 'ERR_ASSERTION',
    actual: [ '함께 온 동료가 생기면 안전한 항만 보조 역할을 정해 보자.' ],
    expected: [ '동료의 몸집과 상태에 맞춰 운반·신호·휴식 역할을 나눈 기록이다.' ],
    operator: 'deepStrictEqual',
    diff: 'simple'
  }

test at tests\explore-interiors.test.ts:34:54
✖ room investigation and optional activity cancellation preserve progress: tour_snowpoint_center (1.5607ms)
  AssertionError [ERR_ASSERTION]: Expected values to be strictly equal:
  + actual - expected
  
  + '대기 의자'
  - '설원 동료 온기석'
  
      at TestContext.<anonymous> (C:\my_play\poketmon_demo\tests\explore-interiors.test.ts:79:28)
      at Test.runInAsyncScope (node:async_hooks:227:14)
      at Test.run (node:internal/test_runner/test:1325:25)
      at Test.processPendingSubtests (node:internal/test_runner/test:911:18)
      at Test.postRun (node:internal/test_runner/test:1465:19)
      at Test.run (node:internal/test_runner/test:1390:12)
      at async Test.processPendingSubtests (node:internal/test_runner/test:911:7) {
    generatedMessage: true,
    code: 'ERR_ASSERTION',
    actual: '대기 의자',
    expected: '설원 동료 온기석',
    operator: 'strictEqual',
    diff: 'simple'
  }

test at tests\explore-interiors.test.ts:34:54
✖ room investigation and optional activity cancellation preserve progress: tour_snowpoint_hall (2.5304ms)
  AssertionError [ERR_ASSERTION]: Expected values to be strictly equal:
  + actual - expected
  
  + '얼음 결정'
  - '신전 주변 관찰도'
  
      at TestContext.<anonymous> (C:\my_play\poketmon_demo\tests\explore-interiors.test.ts:79:28)
      at Test.runInAsyncScope (node:async_hooks:227:14)
      at Test.run (node:internal/test_runner/test:1325:25)
      at Test.processPendingSubtests (node:internal/test_runner/test:911:18)
      at Test.postRun (node:internal/test_runner/test:1465:19)
      at Test.run (node:internal/test_runner/test:1390:12)
      at async Test.processPendingSubtests (node:internal/test_runner/test:911:7) {
    generatedMessage: true,
    code: 'ERR_ASSERTION',
    actual: '얼음 결정',
    expected: '신전 주변 관찰도',
    operator: 'strictEqual',
    diff: 'simple'
  }

test at tests\explore-interiors.test.ts:34:54
✖ room investigation and optional activity cancellation preserve progress: tour_sunyshore_center (1.5892ms)
  AssertionError [ERR_ASSERTION]: Expected values to be strictly equal:
  + actual - expected
  
  + '대기 의자'
  - '해풍 동료 휴게석'
  
      at TestContext.<anonymous> (C:\my_play\poketmon_demo\tests\explore-interiors.test.ts:79:28)
      at Test.runInAsyncScope (node:async_hooks:227:14)
      at Test.run (node:internal/test_runner/test:1325:25)
      at Test.processPendingSubtests (node:internal/test_runner/test:911:18)
      at Test.postRun (node:internal/test_runner/test:1465:19)
      at Test.run (node:internal/test_runner/test:1390:12)
      at async Test.processPendingSubtests (node:internal/test_runner/test:911:7) {
    generatedMessage: true,
    code: 'ERR_ASSERTION',
    actual: '대기 의자',
    expected: '해풍 동료 휴게석',
    operator: 'strictEqual',
    diff: 'simple'
  }

test at tests\explore-interiors.test.ts:34:54
✖ room investigation and optional activity cancellation preserve progress: tour_sunyshore_hall (1.6954ms)
  AssertionError [ERR_ASSERTION]: Expected values to be strictly equal:
  + actual - expected
  
  + '해안 안내도'
  - '등대층 안내도'
  
      at TestContext.<anonymous> (C:\my_play\poketmon_demo\tests\explore-interiors.test.ts:79:28)
      at Test.runInAsyncScope (node:async_hooks:227:14)
      at Test.run (node:internal/test_runner/test:1325:25)
      at Test.processPendingSubtests (node:internal/test_runner/test:911:18)
      at Test.postRun (node:internal/test_runner/test:1465:19)
      at Test.run (node:internal/test_runner/test:1390:12)
      at async Test.processPendingSubtests (node:internal/test_runner/test:911:7) {
    generatedMessage: true,
    code: 'ERR_ASSERTION',
    actual: '해안 안내도',
    expected: '등대층 안내도',
    operator: 'strictEqual',
    diff: 'simple'
  }

test at tests\explore-interiors.test.ts:34:54
✖ room investigation and optional activity cancellation preserve progress: tour_lake_center (1.3523ms)
  AssertionError [ERR_ASSERTION]: Expected values to be strictly equal:
  + actual - expected
  
  + '대기 의자'
  - '호숫길 동료 건조석'
  
      at TestContext.<anonymous> (C:\my_play\poketmon_demo\tests\explore-interiors.test.ts:79:28)
      at Test.runInAsyncScope (node:async_hooks:227:14)
      at Test.run (node:internal/test_runner/test:1325:25)
      at Test.processPendingSubtests (node:internal/test_runner/test:911:18)
      at Test.postRun (node:internal/test_runner/test:1465:19)
      at Test.run (node:internal/test_runner/test:1390:12)
      at async Test.processPendingSubtests (node:internal/test_runner/test:911:7) {
    generatedMessage: true,
    code: 'ERR_ASSERTION',
    actual: '대기 의자',
    expected: '호숫길 동료 건조석',
    operator: 'strictEqual',
    diff: 'simple'
  }

test at tests\explore-interiors.test.ts:34:54
✖ room investigation and optional activity cancellation preserve progress: tour_lake_hall (1.3237ms)
  AssertionError [ERR_ASSERTION]: Expected values to be strictly equal:
  + actual - expected
  
  + '호수 쉼터 의자'
  - '세 호수 구분 안내판'
  
      at TestContext.<anonymous> (C:\my_play\poketmon_demo\tests\explore-interiors.test.ts:79:28)
      at Test.runInAsyncScope (node:async_hooks:227:14)
      at Test.run (node:internal/test_runner/test:1325:25)
      at Test.processPendingSubtests (node:internal/test_runner/test:911:18)
      at Test.postRun (node:internal/test_runner/test:1465:19)
      at Test.run (node:internal/test_runner/test:1390:12)
      at async Test.processPendingSubtests (node:internal/test_runner/test:911:7) {
    generatedMessage: true,
    code: 'ERR_ASSERTION',
    actual: '호수 쉼터 의자',
    expected: '세 호수 구분 안내판',
    operator: 'strictEqual',
    diff: 'simple'
  }

test at tests\explore-interiors.test.ts:34:54
✖ room investigation and optional activity cancellation preserve progress: tour_vermilion_hall (0.7592ms)
  AssertionError [ERR_ASSERTION]: Expected values to be strictly equal:
  + actual - expected
  
  + '갈색시티 항로 안내도'
  - '항로 안내도'
  
      at TestContext.<anonymous> (C:\my_play\poketmon_demo\tests\explore-interiors.test.ts:79:28)
      at Test.runInAsyncScope (node:async_hooks:227:14)
      at Test.run (node:internal/test_runner/test:1325:25)
      at Test.processPendingSubtests (node:internal/test_runner/test:911:18)
      at Test.postRun (node:internal/test_runner/test:1465:19)
      at Test.run (node:internal/test_runner/test:1390:12)
      at async Test.processPendingSubtests (node:internal/test_runner/test:911:7) {
    generatedMessage: true,
    code: 'ERR_ASSERTION',
    actual: '갈색시티 항로 안내도',
    expected: '항로 안내도',
    operator: 'strictEqual',
    diff: 'simple'
  }

test at tests\explore-interiors.test.ts:34:54
✖ room investigation and optional activity cancellation preserve progress: tour_celadon_center (1.9848ms)
  AssertionError [ERR_ASSERTION]: Expected values to be strictly deep-equal:
  + actual - expected
  
    [
  +   '7번도로 미방문 · 16번 미방문 · 17번 미방문 · 18번 미방문 · 서쪽 번호 없는 연결 미방문',
  +   '현재 파티가 비어 있다. 센터 PC에서 맡긴 동료를 확인할 수 있다.',
  +   '7번도로 출신 보유 0마리 · 현재 파티 0마리 · 아직 없음',
  +   '7번도로 선택 트레이너 미승리',
  +   '16·17·18번도로 출신 보유 0마리 · 아직 없음',
  +   '16번 선택 실전 미승리 · 17번 미승리 · 18번 미승리'
  -   '동쪽7번도로·노랑, 남쪽16→17→18번도로·연분홍, 서쪽 번호 없는 상록 연결을 서로 다른 색으로 표시했다.'
    ]
  
      at TestContext.<anonymous> (C:\my_play\poketmon_demo\tests\explore-interiors.test.ts:79:69)
      at Test.runInAsyncScope (node:async_hooks:227:14)
      at Test.run (node:internal/test_runner/test:1325:25)
      at Test.processPendingSubtests (node:internal/test_runner/test:911:18)
      at Test.postRun (node:internal/test_runner/test:1465:19)
      at Test.run (node:internal/test_runner/test:1390:12)
      at async Test.processPendingSubtests (node:internal/test_runner/test:911:7) {
    generatedMessage: true,
    code: 'ERR_ASSERTION',
    actual: [ '7번도로 미방문 · 16번 미방문 · 17번 미방문 · 18번 미방문 · 서쪽 번호 없는 연결 미방문', '현재 파티가 비어 있다. 센터 PC에서 맡긴 동료를 확인할 수 있다.', '7번도로 출신 보유 0마리 · 현재 파티 0마리 · 아직 없음', '7번도로 선택 트레이너 미승리', '16·17·18번도로 출신 보유 0마리 · 아직 없음', '16번 선택 실전 미승리 · 17번 미승리 · 18번 미승리' ],
    expected: [ '동쪽7번도로·노랑, 남쪽16→17→18번도로·연분홍, 서쪽 번호 없는 상록 연결을 서로 다른 색으로 표시했다.' ],
    operator: 'deepStrictEqual',
    diff: 'simple'
  }

test at tests\explore-interiors.test.ts:34:54
✖ room investigation and optional activity cancellation preserve progress: tour_celadon_hall (5.87ms)
  AssertionError [ERR_ASSERTION]: Expected values to be strictly equal:
  + actual - expected
  
  + '백화점 여행 보급층'
  - '백화점 층별 안내'
         ^
  
      at TestContext.<anonymous> (C:\my_play\poketmon_demo\tests\explore-interiors.test.ts:79:28)
      at Test.runInAsyncScope (node:async_hooks:227:14)
      at Test.run (node:internal/test_runner/test:1325:25)
      at Test.processPendingSubtests (node:internal/test_runner/test:911:18)
      at Test.postRun (node:internal/test_runner/test:1465:19)
      at Test.run (node:internal/test_runner/test:1390:12)
      at async Test.processPendingSubtests (node:internal/test_runner/test:911:7) {
    generatedMessage: true,
    code: 'ERR_ASSERTION',
    actual: '백화점 여행 보급층',
    expected: '백화점 층별 안내',
    operator: 'strictEqual',
    diff: 'simple'
  }

test at tests\explore-interiors.test.ts:34:54
✖ room investigation and optional activity cancellation preserve progress: tour_saffron_center (3.0455ms)
  AssertionError [ERR_ASSERTION]: Expected values to be strictly deep-equal:
  + actual - expected
  
    [
  +   '7번도로 미방문 · 동서 지하통로 미방문 · 8번도로 미방문',
  +   '현재 파티가 비어 있다. 센터 PC에서 맡긴 동료를 확인할 수 있다.',
  +   '현지 보유: 7번도로 0마리 · 8번도로 0마리 · 현재 파티 0마리\n아직 없음',
  +   '선택 실전: 7번도로 미승리 · 8번도로 미승리',
  +   '지상 본선: 무지개 → 7번도로 → 노랑 → 8번도로 → 보라',
  +   '선택 우회: 7번도로 → 동서 지하통로 → 8번도로'
  -   '서쪽7번도로·무지개, 동쪽8번도로·보라, 두 도로 사이 동서 지하통로를 함께 표시했다.'
    ]
  
      at TestContext.<anonymous> (C:\my_play\poketmon_demo\tests\explore-interiors.test.ts:79:69)
      at Test.runInAsyncScope (node:async_hooks:227:14)
      at Test.run (node:internal/test_runner/test:1325:25)
      at Test.processPendingSubtests (node:internal/test_runner/test:911:18)
      at Test.postRun (node:internal/test_runner/test:1465:19)
      at Test.run (node:internal/test_runner/test:1390:12)
      at async Test.processPendingSubtests (node:internal/test_runner/test:911:7) {
    generatedMessage: true,
    code: 'ERR_ASSERTION',
    actual: [ '7번도로 미방문 · 동서 지하통로 미방문 · 8번도로 미방문', '현재 파티가 비어 있다. 센터 PC에서 맡긴 동료를 확인할 수 있다.', '현지 보유: 7번도로 0마리 · 8번도로 0마리 · 현재 파티 0마리\n아직 없음', '선택 실전: 7번도로 미승리 · 8번도로 미승리', '지상 본선: 무지개 → 7번도로 → 노랑 → 8번도로 → 보라', '선택 우회: 7번도로 → 동서 지하통로 → 8번도로' ],
    expected: [ '서쪽7번도로·무지개, 동쪽8번도로·보라, 두 도로 사이 동서 지하통로를 함께 표시했다.' ],
    operator: 'deepStrictEqual',
    diff: 'simple'
  }

test at tests\explore-interiors.test.ts:34:54
✖ room investigation and optional activity cancellation preserve progress: tour_saffron_hall (1.866ms)
  AssertionError [ERR_ASSERTION]: Expected values to be strictly deep-equal:
  + actual - expected
  
    [
  +   '1층 생활 제품 전시 → 2층 장치 안전 연구 → 3층 도시 기술·교통 전시',
  +   '7번도로 미방문 · 동서 지하통로 미방문 · 8번도로 미방문',
  +   '노랑–금빛 무료 열차는 지상 도로와 별도 노선이다.',
  +   '공개 견학은 사옥 사건·봉쇄 해결이나 체육관 진행으로 기록되지 않는다.'
  -   '1층 생활 제품 전시 · 2층 안전 연구 기록\n3층 도시 기술 휴게 전시'
    ]
  
      at TestContext.<anonymous> (C:\my_play\poketmon_demo\tests\explore-interiors.test.ts:79:69)
      at Test.runInAsyncScope (node:async_hooks:227:14)
      at Test.run (node:internal/test_runner/test:1325:25)
      at Test.processPendingSubtests (node:internal/test_runner/test:911:18)
      at Test.postRun (node:internal/test_runner/test:1465:19)
      at Test.run (node:internal/test_runner/test:1390:12)
      at async Test.processPendingSubtests (node:internal/test_runner/test:911:7) {
    generatedMessage: true,
    code: 'ERR_ASSERTION',
    actual: [ '1층 생활 제품 전시 → 2층 장치 안전 연구 → 3층 도시 기술·교통 전시', '7번도로 미방문 · 동서 지하통로 미방문 · 8번도로 미방문', '노랑–금빛 무료 열차는 지상 도로와 별도 노선이다.', '공개 견학은 사옥 사건·봉쇄 해결이나 체육관 진행으로 기록되지 않는다.' ],
    expected: [ '1층 생활 제품 전시 · 2층 안전 연구 기록\n3층 도시 기술 휴게 전시' ],
    operator: 'deepStrictEqual',
    diff: 'simple'
  }

test at tests\explore-interiors.test.ts:34:54
✖ room investigation and optional activity cancellation preserve progress: tour_lavender_center (1.7361ms)
  AssertionError [ERR_ASSERTION]: Expected values to be strictly deep-equal:
  + actual - expected
  
    [
  +   '현재 함께 걷는 동료가 없다. 센터 PC에서 맡긴 동료를 확인할 수 있다.',
  +   '산길과 터널을 오가는 동료가 밝은 실내에 적응하며 쉬는 자리다.',
  +   '이 좌석은 회복하지 않는다. 치료는 간호사에게 부탁하자.'
  -   '돌산터널을 지나온 동료가 밝은 실내에 적응하며 쉬는 자리다.\n마른 수건과 미지근한 물을 준비해 두었다.'
    ]
  
      at TestContext.<anonymous> (C:\my_play\poketmon_demo\tests\explore-interiors.test.ts:79:69)
      at Test.runInAsyncScope (node:async_hooks:227:14)
      at Test.run (node:internal/test_runner/test:1325:25)
      at Test.processPendingSubtests (node:internal/test_runner/test:911:18)
      at Test.postRun (node:internal/test_runner/test:1465:19)
      at Test.run (node:internal/test_runner/test:1390:12)
      at async Test.processPendingSubtests (node:internal/test_runner/test:911:7) {
    generatedMessage: true,
    code: 'ERR_ASSERTION',
    actual: [ '현재 함께 걷는 동료가 없다. 센터 PC에서 맡긴 동료를 확인할 수 있다.', '산길과 터널을 오가는 동료가 밝은 실내에 적응하며 쉬는 자리다.', '이 좌석은 회복하지 않는다. 치료는 간호사에게 부탁하자.' ],
    expected: [ '돌산터널을 지나온 동료가 밝은 실내에 적응하며 쉬는 자리다.\n마른 수건과 미지근한 물을 준비해 두었다.' ],
    operator: 'deepStrictEqual',
    diff: 'simple'
  }

test at tests\explore-interiors.test.ts:34:54
✖ room investigation and optional activity cancellation preserve progress: tour_lavender_hall (1.8201ms)
  AssertionError [ERR_ASSERTION]: Expected values to be strictly equal:
  + actual - expected
  
  + undefined
  - '동행의 기억 명패'
  
      at TestContext.<anonymous> (C:\my_play\poketmon_demo\tests\explore-interiors.test.ts:79:28)
      at Test.runInAsyncScope (node:async_hooks:227:14)
      at Test.run (node:internal/test_runner/test:1325:25)
      at Test.processPendingSubtests (node:internal/test_runner/test:911:18)
      at Test.postRun (node:internal/test_runner/test:1465:19)
      at Test.run (node:internal/test_runner/test:1390:12)
      at async Test.processPendingSubtests (node:internal/test_runner/test:911:7) {
    generatedMessage: true,
    code: 'ERR_ASSERTION',
    actual: undefined,
    expected: '동행의 기억 명패',
    operator: 'strictEqual',
    diff: 'simple'
  }

test at tests\explore-interiors.test.ts:34:54
✖ room investigation and optional activity cancellation preserve progress: tour_fuchsia_center (1.2117ms)
  AssertionError [ERR_ASSERTION]: Expected values to be strictly equal:
  + actual - expected
  
  + undefined
  - '연분홍 여행·귀환 지도'
  
      at TestContext.<anonymous> (C:\my_play\poketmon_demo\tests\explore-interiors.test.ts:79:28)
      at Test.runInAsyncScope (node:async_hooks:227:14)
      at Test.run (node:internal/test_runner/test:1325:25)
      at Test.processPendingSubtests (node:internal/test_runner/test:911:18)
      at Test.postRun (node:internal/test_runner/test:1465:19)
      at Test.run (node:internal/test_runner/test:1390:12)
      at async Test.processPendingSubtests (node:internal/test_runner/test:911:7) {
    generatedMessage: true,
    code: 'ERR_ASSERTION',
    actual: undefined,
    expected: '연분홍 여행·귀환 지도',
    operator: 'strictEqual',
    diff: 'simple'
  }

test at tests\explore-interiors.test.ts:34:54
✖ room investigation and optional activity cancellation preserve progress: tour_fuchsia_hall (0.9492ms)
  AssertionError [ERR_ASSERTION]: Expected values to be strictly equal:
  + actual - expected
  
  + undefined
  - '도시·보호구역 경계 모형'
  
      at TestContext.<anonymous> (C:\my_play\poketmon_demo\tests\explore-interiors.test.ts:79:28)
      at Test.runInAsyncScope (node:async_hooks:227:14)
      at Test.run (node:internal/test_runner/test:1325:25)
      at Test.processPendingSubtests (node:internal/test_runner/test:911:18)
      at Test.postRun (node:internal/test_runner/test:1465:19)
      at Test.run (node:internal/test_runner/test:1390:12)
      at async Test.processPendingSubtests (node:internal/test_runner/test:911:7) {
    generatedMessage: true,
    code: 'ERR_ASSERTION',
    actual: undefined,
    expected: '도시·보호구역 경계 모형',
    operator: 'strictEqual',
    diff: 'simple'
  }

test at tests\explore-interiors.test.ts:34:54
✖ room investigation and optional activity cancellation preserve progress: tour_goldenrod_center (1.6337ms)
  AssertionError [ERR_ASSERTION]: Expected values to be strictly deep-equal:
  + actual - expected
  
    [
  +   '파티 0마리 · 회복 필요 0마리\n34번도로 출신 동료 0마리',
  +   '34번도로 동료는 숲 여행의 선택지다.\n특정 종을 포획하지 않아도 큰길과 기존 파티로 진행할 수 있다.',
  +   '꼬렛 · 공격 56 · 스피드 72\n빠르게 물기·필살앞니로 먼저 압박하는 물리 역할',
  +   '꼬렛 없이도 진행 가능\n현재 파티의 회복·공격 기술을 확인하고 숲으로 가자.',
  +   '슬리프 · 특수방어 90 · 스피드 42\n염동력으로 싸우며 특수 공격을 받아 내는 역할',
  +   '슬리프 없이도 진행 가능\n현재 파티의 회복·공격 기술을 확인하고 숲으로 가자.',
  +   '흔한 동료: 캐터피·뿔충이\n드물게 주뱃도 만날 수 있어.',
  +   '이곳의 포켓몬은\nLv.22~24 정도야.',
  +   '숲에서는 안전한 표시 길과 풀밭을 구분하고\n필요하면 금빛센터로 같은 길을 돌아올 수 있다.'
  -   '금빛 남쪽 출구부터 목장길과 숲 문턱까지 표시했다.\n긴 풀밭에 들어가기 전 동료의 몸 상태를 확인하자.'
    ]
  
      at TestContext.<anonymous> (C:\my_play\poketmon_demo\tests\explore-interiors.test.ts:79:69)
      at Test.runInAsyncScope (node:async_hooks:227:14)
      at Test.run (node:internal/test_runner/test:1325:25)
      at Test.processPendingSubtests (node:internal/test_runner/test:911:18)
      at Test.postRun (node:internal/test_runner/test:1465:19)
      at Test.run (node:internal/test_runner/test:1390:12)
      at async Test.processPendingSubtests (node:internal/test_runner/test:911:7) {
    generatedMessage: true,
    code: 'ERR_ASSERTION',
    actual: [ '파티 0마리 · 회복 필요 0마리\n34번도로 출신 동료 0마리', '34번도로 동료는 숲 여행의 선택지다.\n특정 종을 포획하지 않아도 큰길과 기존 파티로 진행할 수 있다.', '꼬렛 · 공격 56 · 스피드 72\n빠르게 물기·필살앞니로 먼저 압박하는 물리 역할', '꼬렛 없이도 진행 가능\n현재 파티의 회복·공격 기술을 확인하고 숲으로 가자.', '슬리프 · 특수방어 90 · 스피드 42\n염동력으로 싸우며 특수 공격을 받아 내는 역할', '슬리프 없이도 진행 가능\n현재 파티의 회복·공격 기술을 확인하고 숲으로 가자.', '흔한 동료: 캐터피·뿔충이\n드물게 주뱃도 만날 수 있어.', '이곳의 포켓몬은\nLv.22~24 정도야.', '숲에서는 안전한 표시 길과 풀밭을 구분하고\n필요하면 금빛센터로 같은 길을 돌아올 수 있다.' ],
    expected: [ '금빛 남쪽 출구부터 목장길과 숲 문턱까지 표시했다.\n긴 풀밭에 들어가기 전 동료의 몸 상태를 확인하자.' ],
    operator: 'deepStrictEqual',
    diff: 'simple'
  }

test at tests\explore-interiors.test.ts:34:54
✖ room investigation and optional activity cancellation preserve progress: tour_goldenrod_hall (1.3403ms)
  AssertionError [ERR_ASSERTION]: Expected values to be strictly equal:
  + actual - expected
  
  + undefined
  - '지역 방송 편성표'
  
      at TestContext.<anonymous> (C:\my_play\poketmon_demo\tests\explore-interiors.test.ts:79:28)
      at Test.runInAsyncScope (node:async_hooks:227:14)
      at Test.run (node:internal/test_runner/test:1325:25)
      at Test.processPendingSubtests (node:internal/test_runner/test:911:18)
      at Test.postRun (node:internal/test_runner/test:1465:19)
      at Test.run (node:internal/test_runner/test:1390:12)
      at async Test.processPendingSubtests (node:internal/test_runner/test:911:7) {
    generatedMessage: true,
    code: 'ERR_ASSERTION',
    actual: undefined,
    expected: '지역 방송 편성표',
    operator: 'strictEqual',
    diff: 'simple'
  }

test at tests\explore-interiors.test.ts:34:54
✖ room investigation and optional activity cancellation preserve progress: tour_violet_center (1.0966ms)
  AssertionError [ERR_ASSERTION]: Expected values to be strictly deep-equal:
  + actual - expected
  
    [
  +   '현재 파티에 동료가 없다.',
  +   '성도 남부에서 새 동료를 잡지 않아도 탑과 도시를 둘러볼 수 있다.',
  +   '이 좌석은 상태를 확인하는 자리다. 실제 회복은 간호사에게 부탁하자.'
  -   '긴 물가길과 연결동굴을 지나온 동료가 몸을 말리는 자리다.\n실제 회복은 앞쪽 간호사에게 부탁하자.'
    ]
  
      at TestContext.<anonymous> (C:\my_play\poketmon_demo\tests\explore-interiors.test.ts:79:69)
      at Test.runInAsyncScope (node:async_hooks:227:14)
      at Test.run (node:internal/test_runner/test:1325:25)
      at Test.processPendingSubtests (node:internal/test_runner/test:911:18)
      at Test.postRun (node:internal/test_runner/test:1465:19)
      at Test.run (node:internal/test_runner/test:1390:12)
      at async Test.processPendingSubtests (node:internal/test_runner/test:911:7) {
    generatedMessage: true,
    code: 'ERR_ASSERTION',
    actual: [ '현재 파티에 동료가 없다.', '성도 남부에서 새 동료를 잡지 않아도 탑과 도시를 둘러볼 수 있다.', '이 좌석은 상태를 확인하는 자리다. 실제 회복은 간호사에게 부탁하자.' ],
    expected: [ '긴 물가길과 연결동굴을 지나온 동료가 몸을 말리는 자리다.\n실제 회복은 앞쪽 간호사에게 부탁하자.' ],
    operator: 'deepStrictEqual',
    diff: 'simple'
  }

test at tests\explore-interiors.test.ts:34:54
✖ room investigation and optional activity cancellation preserve progress: tour_violet_hall (1.1015ms)
  AssertionError [ERR_ASSERTION]: Expected values to be strictly deep-equal:
  + actual - expected
  
    [
  +   '기둥은 천천히 흔들리지만 넓은 받침은 자리를 지킨다. 1층 수련 자리에서 건강한 동료와 움직임을 맞춰 볼 수 있다.'
  -   '높은 기둥이 천천히 흔들려도 바닥의 넓은 받침은 자리를 지킨다.\n표시선 밖에서 움직임을 관찰하자.'
    ]
  
      at TestContext.<anonymous> (C:\my_play\poketmon_demo\tests\explore-interiors.test.ts:79:69)
      at Test.runInAsyncScope (node:async_hooks:227:14)
      at Test.run (node:internal/test_runner/test:1325:25)
      at Test.processPendingSubtests (node:internal/test_runner/test:911:18)
      at Test.postRun (node:internal/test_runner/test:1465:19)
      at Test.run (node:internal/test_runner/test:1390:12)
      at async Test.processPendingSubtests (node:internal/test_runner/test:911:7) {
    generatedMessage: true,
    code: 'ERR_ASSERTION',
    actual: [ '기둥은 천천히 흔들리지만 넓은 받침은 자리를 지킨다. 1층 수련 자리에서 건강한 동료와 움직임을 맞춰 볼 수 있다.' ],
    expected: [ '높은 기둥이 천천히 흔들려도 바닥의 넓은 받침은 자리를 지킨다.\n표시선 밖에서 움직임을 관찰하자.' ],
    operator: 'deepStrictEqual',
    diff: 'simple'
  }

test at tests\explore-interiors.test.ts:34:54
✖ room investigation and optional activity cancellation preserve progress: tour_azalea_center (0.9368ms)
  AssertionError [ERR_ASSERTION]: Expected values to be strictly deep-equal:
  + actual - expected
  
    [
  +   '현재 파티와 PC에 너도밤나무숲에서 만난 동료가 없다.',
  +   '숲 포획은 선택이며 다른 동료와도 여행을 계속할 수 있다.',
  +   '이 좌석의 돌봄은 HP를 회복하지 않는다. 실제 치료는 간호사에게 부탁하자.'
  -   '너도밤나무숲을 지난 동료가 쉬도록\n마른 수건과 낮은 방석을 마련했다.'
    ]
  
      at TestContext.<anonymous> (C:\my_play\poketmon_demo\tests\explore-interiors.test.ts:79:69)
      at Test.runInAsyncScope (node:async_hooks:227:14)
      at Test.run (node:internal/test_runner/test:1325:25)
      at Test.processPendingSubtests (node:internal/test_runner/test:911:18)
      at Test.postRun (node:internal/test_runner/test:1465:19)
      at Test.run (node:internal/test_runner/test:1390:12)
      at async Test.processPendingSubtests (node:internal/test_runner/test:911:7) {
    generatedMessage: true,
    code: 'ERR_ASSERTION',
    actual: [ '현재 파티와 PC에 너도밤나무숲에서 만난 동료가 없다.', '숲 포획은 선택이며 다른 동료와도 여행을 계속할 수 있다.', '이 좌석의 돌봄은 HP를 회복하지 않는다. 실제 치료는 간호사에게 부탁하자.' ],
    expected: [ '너도밤나무숲을 지난 동료가 쉬도록\n마른 수건과 낮은 방석을 마련했다.' ],
    operator: 'deepStrictEqual',
    diff: 'simple'
  }

test at tests\explore-interiors.test.ts:34:54
✖ room investigation and optional activity cancellation preserve progress: tour_azalea_hall (1.0316ms)
  AssertionError [ERR_ASSERTION]: Expected values to be strictly deep-equal:
  + actual - expected
  
    [
  +   '빈 칸마다 색과 단단함 표시가 붙어 있다. 마당에서 규토리를 먼저 나누어 볼 수 있다.',
  +   '표면을 닦고 갈라진 열매를 골라낸 뒤 건조 선반으로 옮기는 과정이다.'
  -   '색과 단단함이 다른 규토리를 칸마다 나눴다.\n현재는 공방 생활을 관찰하는 전시 작업대다.'
    ]
  
      at TestContext.<anonymous> (C:\my_play\poketmon_demo\tests\explore-interiors.test.ts:79:69)
      at Test.runInAsyncScope (node:async_hooks:227:14)
      at Test.run (node:internal/test_runner/test:1325:25)
      at Test.processPendingSubtests (node:internal/test_runner/test:911:18)
      at Test.postRun (node:internal/test_runner/test:1465:19)
      at Test.run (node:internal/test_runner/test:1390:12)
      at async Test.processPendingSubtests (node:internal/test_runner/test:911:7) {
    generatedMessage: true,
    code: 'ERR_ASSERTION',
    actual: [ '빈 칸마다 색과 단단함 표시가 붙어 있다. 마당에서 규토리를 먼저 나누어 볼 수 있다.', '표면을 닦고 갈라진 열매를 골라낸 뒤 건조 선반으로 옮기는 과정이다.' ],
    expected: [ '색과 단단함이 다른 규토리를 칸마다 나눴다.\n현재는 공방 생활을 관찰하는 전시 작업대다.' ],
    operator: 'deepStrictEqual',
    diff: 'simple'
  }

test at tests\explore-interiors.test.ts:34:54
✖ room investigation and optional activity cancellation preserve progress: tour_ecruteak_center (1.3575ms)
  AssertionError [ERR_ASSERTION]: Expected values to be strictly deep-equal:
  + actual - expected
  
    [
  +   '현재 함께 걷는 동료가 없다. 센터 PC에서 맡긴 동료를 확인할 수 있다.',
  +   '35번도로·자연공원·36번도로·37번도로의 방문 기록은 아직 없다.',
  +   '35번도로·자연공원·36번도로·37번도로에서 잡은 동료는 아직 없다.',
  +   '동료가 흙과 단풍잎을 털며 쉬어도 HP·능력치는 변하지 않는다.'
  -   '자연공원과 36·37번도로를 지나온 동료가 단풍잎과 흙을 털고 쉬는 자리다.\n실제 회복은 간호사에게 부탁하자.'
    ]
  
      at TestContext.<anonymous> (C:\my_play\poketmon_demo\tests\explore-interiors.test.ts:79:69)
      at Test.runInAsyncScope (node:async_hooks:227:14)
      at Test.run (node:internal/test_runner/test:1325:25)
      at Test.processPendingSubtests (node:internal/test_runner/test:911:18)
      at Test.postRun (node:internal/test_runner/test:1465:19)
      at Test.run (node:internal/test_runner/test:1390:12)
      at async Test.processPendingSubtests (node:internal/test_runner/test:911:7) {
    generatedMessage: true,
    code: 'ERR_ASSERTION',
    actual: [ '현재 함께 걷는 동료가 없다. 센터 PC에서 맡긴 동료를 확인할 수 있다.', '35번도로·자연공원·36번도로·37번도로의 방문 기록은 아직 없다.', '35번도로·자연공원·36번도로·37번도로에서 잡은 동료는 아직 없다.', '동료가 흙과 단풍잎을 털며 쉬어도 HP·능력치는 변하지 않는다.' ],
    expected: [ '자연공원과 36·37번도로를 지나온 동료가 단풍잎과 흙을 털고 쉬는 자리다.\n실제 회복은 간호사에게 부탁하자.' ],
    operator: 'deepStrictEqual',
    diff: 'simple'
  }

test at tests\explore-interiors.test.ts:34:54
✖ room investigation and optional activity cancellation preserve progress: tour_ecruteak_hall (0.9951ms)
  AssertionError [ERR_ASSERTION]: Expected values to be strictly deep-equal:
  + actual - expected
  
    [
  +   '현재 함께 걷는 동료가 없다. 센터 PC에서 맡긴 동료를 확인할 수 있다.',
  +   '함께 소리를 비교할 건강한 동료가 없다. 센터에서 회복하거나 PC로 편성한 뒤 다시 와도 된다.'
  -   '크기가 다른 방울과 끈을 나란히 두어 울림의 길이를 비교한다.\n특별한 포켓몬을 부르는 장치는 아니다.'
    ]
  
      at TestContext.<anonymous> (C:\my_play\poketmon_demo\tests\explore-interiors.test.ts:79:69)
      at Test.runInAsyncScope (node:async_hooks:227:14)
      at Test.run (node:internal/test_runner/test:1325:25)
      at Test.processPendingSubtests (node:internal/test_runner/test:911:18)
      at Test.postRun (node:internal/test_runner/test:1465:19)
      at Test.run (node:internal/test_runner/test:1390:12)
      at async Test.processPendingSubtests (node:internal/test_runner/test:911:7) {
    generatedMessage: true,
    code: 'ERR_ASSERTION',
    actual: [ '현재 함께 걷는 동료가 없다. 센터 PC에서 맡긴 동료를 확인할 수 있다.', '함께 소리를 비교할 건강한 동료가 없다. 센터에서 회복하거나 PC로 편성한 뒤 다시 와도 된다.' ],
    expected: [ '크기가 다른 방울과 끈을 나란히 두어 울림의 길이를 비교한다.\n특별한 포켓몬을 부르는 장치는 아니다.' ],
    operator: 'deepStrictEqual',
    diff: 'simple'
  }

test at tests\explore-interiors.test.ts:34:54
✖ room investigation and optional activity cancellation preserve progress: tour_mahogany_center (1.1695ms)
  AssertionError [ERR_ASSERTION]: Expected values to be strictly deep-equal:
  + actual - expected
  
    [
  +   '현재 함께 걷는 동료가 없다. 센터 PC에서 맡긴 동료를 확인할 수 있다.',
  +   '42번도로와 절구산 방문 기록은 아직 없다.',
  +   '아직 선택한 준비 동료가 없다.',
  +   '이 조사에서는 HP나 능력치가 변하지 않는다.'
  -   '절구산 아래 산물길을 지나온 동료가 흙과 잎을 털며 쉬는 자리다.\n실제 회복은 간호사에게 부탁하자.'
    ]
  
      at TestContext.<anonymous> (C:\my_play\poketmon_demo\tests\explore-interiors.test.ts:79:69)
      at Test.runInAsyncScope (node:async_hooks:227:14)
      at Test.run (node:internal/test_runner/test:1325:25)
      at Test.processPendingSubtests (node:internal/test_runner/test:911:18)
      at Test.postRun (node:internal/test_runner/test:1465:19)
      at Test.run (node:internal/test_runner/test:1390:12)
      at async Test.processPendingSubtests (node:internal/test_runner/test:911:7) {
    generatedMessage: true,
    code: 'ERR_ASSERTION',
    actual: [ '현재 함께 걷는 동료가 없다. 센터 PC에서 맡긴 동료를 확인할 수 있다.', '42번도로와 절구산 방문 기록은 아직 없다.', '아직 선택한 준비 동료가 없다.', '이 조사에서는 HP나 능력치가 변하지 않는다.' ],
    expected: [ '절구산 아래 산물길을 지나온 동료가 흙과 잎을 털며 쉬는 자리다.\n실제 회복은 간호사에게 부탁하자.' ],
    operator: 'deepStrictEqual',
    diff: 'simple'
  }

test at tests\explore-interiors.test.ts:34:54
✖ room investigation and optional activity cancellation preserve progress: tour_mahogany_hall (1.2448ms)
  AssertionError [ERR_ASSERTION]: Expected values to be strictly deep-equal:
  + actual - expected
  
    [
  +   '현재 함께 걷는 동료가 없다. 센터 PC에서 맡긴 동료를 확인할 수 있다.',
  +   '42번도로와 절구산 방문 기록은 아직 없다.',
  +   '장터 건조대에서 건강한 동료와 준비를 시작할 수 있다.',
  +   '아직 끝내지 않은 준비 단계가 있다.',
  +   '호수 사건·특별 조우·얼음샛길 통과·배지는 이 기록과 무관하다.'
  -   '42번 산물길, 43번 상류 빗길, 44번 얼음바람의 지형과 귀환 방향을 나누어 표시했다.'
    ]
  
      at TestContext.<anonymous> (C:\my_play\poketmon_demo\tests\explore-interiors.test.ts:79:69)
      at Test.runInAsyncScope (node:async_hooks:227:14)
      at Test.run (node:internal/test_runner/test:1325:25)
      at Test.processPendingSubtests (node:internal/test_runner/test:911:18)
      at Test.postRun (node:internal/test_runner/test:1465:19)
      at Test.run (node:internal/test_runner/test:1390:12)
      at async Test.processPendingSubtests (node:internal/test_runner/test:911:7) {
    generatedMessage: true,
    code: 'ERR_ASSERTION',
    actual: [ '현재 함께 걷는 동료가 없다. 센터 PC에서 맡긴 동료를 확인할 수 있다.', '42번도로와 절구산 방문 기록은 아직 없다.', '장터 건조대에서 건강한 동료와 준비를 시작할 수 있다.', '아직 끝내지 않은 준비 단계가 있다.', '호수 사건·특별 조우·얼음샛길 통과·배지는 이 기록과 무관하다.' ],
    expected: [ '42번 산물길, 43번 상류 빗길, 44번 얼음바람의 지형과 귀환 방향을 나누어 표시했다.' ],
    operator: 'deepStrictEqual',
    diff: 'simple'
  }

test at tests\explore-interiors.test.ts:34:54
✖ room investigation and optional activity cancellation preserve progress: tour_olivine_center (1.8305ms)
  AssertionError [ERR_ASSERTION]: Expected values to be strictly deep-equal:
  + actual - expected
  
    [
  +   '아직 함께 걷는 포켓몬이 없다.',
  +   '38·39번도로 출신 동료 0마리 · 파티 0 · PC 0',
  +   '등대 1층 렌즈→2층 항로 표지→3층 등실 기록을 이어갈 수 있다.',
  +   '실제 회복과 PC 편성은 간호사와 센터 PC를 이용한다.'
  -   '목초지와 내리막을 지나온 동료가 발의 흙을 털고 쉬는 자리다.\n실제 회복은 간호사에게 부탁하자.'
    ]
  
      at TestContext.<anonymous> (C:\my_play\poketmon_demo\tests\explore-interiors.test.ts:79:69)
      at Test.runInAsyncScope (node:async_hooks:227:14)
      at Test.run (node:internal/test_runner/test:1325:25)
      at Test.processPendingSubtests (node:internal/test_runner/test:911:18)
      at Test.postRun (node:internal/test_runner/test:1465:19)
      at Test.run (node:internal/test_runner/test:1390:12)
      at async Test.processPendingSubtests (node:internal/test_runner/test:911:7) {
    generatedMessage: true,
    code: 'ERR_ASSERTION',
    actual: [ '아직 함께 걷는 포켓몬이 없다.', '38·39번도로 출신 동료 0마리 · 파티 0 · PC 0', '등대 1층 렌즈→2층 항로 표지→3층 등실 기록을 이어갈 수 있다.', '실제 회복과 PC 편성은 간호사와 센터 PC를 이용한다.' ],
    expected: [ '목초지와 내리막을 지나온 동료가 발의 흙을 털고 쉬는 자리다.\n실제 회복은 간호사에게 부탁하자.' ],
    operator: 'deepStrictEqual',
    diff: 'simple'
  }

test at tests\explore-interiors.test.ts:34:54
✖ room investigation and optional activity cancellation preserve progress: tour_olivine_hall (6.7932ms)
  AssertionError [ERR_ASSERTION]: Expected values to be strictly deep-equal:
  + actual - expected
  
    [
  +   '아직 함께 걷는 포켓몬이 없다.',
  +   '센터에서 동료를 쉬게 한 뒤 함께 렌즈 빛을 살펴볼 수 있다.'
  -   '작은 보조 렌즈와 부드러운 천으로 빛의 번짐을 비교한다.'
    ]
  
      at TestContext.<anonymous> (C:\my_play\poketmon_demo\tests\explore-interiors.test.ts:79:69)
      at Test.runInAsyncScope (node:async_hooks:227:14)
      at Test.run (node:internal/test_runner/test:1325:25)
      at Test.processPendingSubtests (node:internal/test_runner/test:911:18)
      at Test.postRun (node:internal/test_runner/test:1465:19)
      at Test.run (node:internal/test_runner/test:1390:12)
      at async Test.processPendingSubtests (node:internal/test_runner/test:911:7) {
    generatedMessage: true,
    code: 'ERR_ASSERTION',
    actual: [ '아직 함께 걷는 포켓몬이 없다.', '센터에서 동료를 쉬게 한 뒤 함께 렌즈 빛을 살펴볼 수 있다.' ],
    expected: [ '작은 보조 렌즈와 부드러운 천으로 빛의 번짐을 비교한다.' ],
    operator: 'deepStrictEqual',
    diff: 'simple'
  }

test at tests\explore-interiors.test.ts:34:54
✖ room investigation and optional activity cancellation preserve progress: tour_cianwood_center (3.7312ms)
  AssertionError [ERR_ASSERTION]: Expected values to be strictly equal:
  + actual - expected
  
  + '진청 여행 준비'
  - '41번수로 동료 휴게석'
  
      at TestContext.<anonymous> (C:\my_play\poketmon_demo\tests\explore-interiors.test.ts:79:28)
      at Test.runInAsyncScope (node:async_hooks:227:14)
      at Test.run (node:internal/test_runner/test:1325:25)
      at Test.processPendingSubtests (node:internal/test_runner/test:911:18)
      at Test.postRun (node:internal/test_runner/test:1465:19)
      at Test.run (node:internal/test_runner/test:1390:12)
      at async Test.processPendingSubtests (node:internal/test_runner/test:911:7) {
    generatedMessage: true,
    code: 'ERR_ASSERTION',
    actual: '진청 여행 준비',
    expected: '41번수로 동료 휴게석',
    operator: 'strictEqual',
    diff: 'simple'
  }

test at tests\explore-interiors.test.ts:34:54
✖ room investigation and optional activity cancellation preserve progress: tour_cianwood_hall (5.8397ms)
  AssertionError [ERR_ASSERTION]: Expected values to be strictly deep-equal:
  + actual - expected
  
    [
  +   '현재 함께 걷는 동료가 없다.',
  +   '외부 화단→해변 발자국→호흡마당 산책을 마친 건강한 동료와 실내 균형 수련을 이어갈 수 있다.',
  +   '외부 기록이나 수련 없이도 도장 출입과 도시 이동은 열린다.'
  -   '외부에서 맞춘 호흡을 낮은 발 표식 위의 체중 이동으로 이어간다.'
    ]
  
      at TestContext.<anonymous> (C:\my_play\poketmon_demo\tests\explore-interiors.test.ts:79:69)
      at Test.runInAsyncScope (node:async_hooks:227:14)
      at Test.run (node:internal/test_runner/test:1325:25)
      at Test.processPendingSubtests (node:internal/test_runner/test:911:18)
      at Test.postRun (node:internal/test_runner/test:1465:19)
      at Test.run (node:internal/test_runner/test:1390:12)
      at async Test.processPendingSubtests (node:internal/test_runner/test:911:7) {
    generatedMessage: true,
    code: 'ERR_ASSERTION',
    actual: [ '현재 함께 걷는 동료가 없다.', '외부 화단→해변 발자국→호흡마당 산책을 마친 건강한 동료와 실내 균형 수련을 이어갈 수 있다.', '외부 기록이나 수련 없이도 도장 출입과 도시 이동은 열린다.' ],
    expected: [ '외부에서 맞춘 호흡을 낮은 발 표식 위의 체중 이동으로 이어간다.' ],
    operator: 'deepStrictEqual',
    diff: 'simple'
  }

test at tests\explore-interiors.test.ts:34:54
✖ room investigation and optional activity cancellation preserve progress: tour_castelia_hall (1.2003ms)
  AssertionError [ERR_ASSERTION]: Expected values to be strictly equal:
  
  '항구 갤러리' !== '항구의 아침'
  
      at TestContext.<anonymous> (C:\my_play\poketmon_demo\tests\explore-interiors.test.ts:79:28)
      at Test.runInAsyncScope (node:async_hooks:227:14)
      at Test.run (node:internal/test_runner/test:1325:25)
      at Test.processPendingSubtests (node:internal/test_runner/test:911:18)
      at Test.postRun (node:internal/test_runner/test:1465:19)
      at Test.run (node:internal/test_runner/test:1390:12)
      at async Test.processPendingSubtests (node:internal/test_runner/test:911:7) {
    generatedMessage: true,
    code: 'ERR_ASSERTION',
    actual: '항구 갤러리',
    expected: '항구의 아침',
    operator: 'strictEqual',
    diff: 'simple'
  }

test at tests\explore-interiors.test.ts:34:54
✖ room investigation and optional activity cancellation preserve progress: tour_mistralton_center (0.8383ms)
  AssertionError [ERR_ASSERTION]: Expected values to be strictly deep-equal:
  + actual - expected
  
    [
  +   '현재 함께 걷는 동료가 없다. PC에서 맡긴 동료를 확인할 수 있다.',
  +   '공항 터미널 1층 도착 안내도에서 지나온 육로를 확인할 수 있다.',
  +   '남쪽은 전기돌동굴을 거쳐 6번도로와 물풍경시티로 돌아간다. 다른 출구는 실제 연결된 육로 표지를 따른다.'
  -   '동굴에서 온 동료의 회복과 공항 도시의 육로를 확인하는 안내판이다.'
    ]
  
      at TestContext.<anonymous> (C:\my_play\poketmon_demo\tests\explore-interiors.test.ts:79:69)
      at Test.runInAsyncScope (node:async_hooks:227:14)
      at Test.run (node:internal/test_runner/test:1325:25)
      at Test.processPendingSubtests (node:internal/test_runner/test:911:18)
      at Test.postRun (node:internal/test_runner/test:1465:19)
      at Test.run (node:internal/test_runner/test:1390:12)
      at async Test.processPendingSubtests (node:internal/test_runner/test:911:7) {
    generatedMessage: true,
    code: 'ERR_ASSERTION',
    actual: [ '현재 함께 걷는 동료가 없다. PC에서 맡긴 동료를 확인할 수 있다.', '공항 터미널 1층 도착 안내도에서 지나온 육로를 확인할 수 있다.', '남쪽은 전기돌동굴을 거쳐 6번도로와 물풍경시티로 돌아간다. 다른 출구는 실제 연결된 육로 표지를 따른다.' ],
    expected: [ '동굴에서 온 동료의 회복과 공항 도시의 육로를 확인하는 안내판이다.' ],
    operator: 'deepStrictEqual',
    diff: 'simple'
  }

test at tests\explore-interiors.test.ts:34:54
✖ room investigation and optional activity cancellation preserve progress: tour_mistralton_hall (0.571ms)
  AssertionError [ERR_ASSERTION]: Expected values to be strictly deep-equal:
  + actual - expected
  
    [
  +   '물풍경시티 → 6번도로 → 전기돌동굴 1F 남부 → B1F → 1F 북부 → 궐수시티',
  +   '계절 연구소 관찰 기록은 비어 있다. 기록하지 않아도 이동과 도시 이용에는 영향이 없다.',
  +   '궐수 도착 기록을 수첩에 남겼다. 보상이나 새 통행 조건은 생기지 않는다.',
  +   '센터는 북서쪽, 활주로 보행로는 동쪽이다. 현재 이용 가능한 항공편은 없다.'
  -   '남쪽 전기돌동굴, 북서쪽 센터와 상점, 동쪽 활주로 외곽 보행로가 표시돼 있다.'
    ]
  
      at TestContext.<anonymous> (C:\my_play\poketmon_demo\tests\explore-interiors.test.ts:79:69)
      at Test.runInAsyncScope (node:async_hooks:227:14)
      at Test.run (node:internal/test_runner/test:1325:25)
      at Test.processPendingSubtests (node:internal/test_runner/test:911:18)
      at Test.postRun (node:internal/test_runner/test:1465:19)
      at Test.run (node:internal/test_runner/test:1390:12)
      at async Test.processPendingSubtests (node:internal/test_runner/test:911:7) {
    generatedMessage: true,
    code: 'ERR_ASSERTION',
    actual: [ '물풍경시티 → 6번도로 → 전기돌동굴 1F 남부 → B1F → 1F 북부 → 궐수시티', '계절 연구소 관찰 기록은 비어 있다. 기록하지 않아도 이동과 도시 이용에는 영향이 없다.', '궐수 도착 기록을 수첩에 남겼다. 보상이나 새 통행 조건은 생기지 않는다.', '센터는 북서쪽, 활주로 보행로는 동쪽이다. 현재 이용 가능한 항공편은 없다.' ],
    expected: [ '남쪽 전기돌동굴, 북서쪽 센터와 상점, 동쪽 활주로 외곽 보행로가 표시돼 있다.' ],
    operator: 'deepStrictEqual',
    diff: 'simple'
  }

test at tests\explore-interiors.test.ts:34:54
✖ room investigation and optional activity cancellation preserve progress: tour_lentimas_hall (0.4714ms)
  AssertionError [ERR_ASSERTION]: Expected values to be strictly deep-equal:
  + actual - expected
  
    [
  +   '재바람과 뜨거운 지면에 대비해 동료 상태와 귀환 방향을 확인하자.',
  +   '지친 동료는 센터에서 회복한 뒤 선택할 수 있다.'
  -   '동료의 상태, 물, 재를 닦을 천, 귀환 방향을 차례로 확인한다.'
    ]
  
      at TestContext.<anonymous> (C:\my_play\poketmon_demo\tests\explore-interiors.test.ts:79:69)
      at Test.runInAsyncScope (node:async_hooks:227:14)
      at Test.run (node:internal/test_runner/test:1325:25)
      at Test.processPendingSubtests (node:internal/test_runner/test:911:18)
      at Test.postRun (node:internal/test_runner/test:1465:19)
      at Test.run (node:internal/test_runner/test:1390:12)
      at async Test.processPendingSubtests (node:internal/test_runner/test:911:7) {
    generatedMessage: true,
    code: 'ERR_ASSERTION',
    actual: [ '재바람과 뜨거운 지면에 대비해 동료 상태와 귀환 방향을 확인하자.', '지친 동료는 센터에서 회복한 뒤 선택할 수 있다.' ],
    expected: [ '동료의 상태, 물, 재를 닦을 천, 귀환 방향을 차례로 확인한다.' ],
    operator: 'deepStrictEqual',
    diff: 'simple'
  }

test at tests\explore-interiors.test.ts:34:54
✖ room investigation and optional activity cancellation preserve progress: tour_undella_hall (0.5032ms)
  AssertionError [ERR_ASSERTION]: Expected values to be strictly deep-equal:
  + actual - expected
  
    [
  +   '산로마을 → 리버스마운틴 외부 → 통과구역 A → 통과구역 B → 물결마을',
  +   '산로마을 준비 기록 없이 도착했지만 통행에는 문제가 없었다.',
  +   '물결마을 도착을 수첩에 남겼다. 보상이나 새 통행 조건은 생기지 않는다.',
  +   '서쪽은 같은 구간을 거슬러 산로마을로, 동쪽은 13번도로를 지나 보배마을로 이어진다.'
  -   '산로마을에서 리버스마운틴 외부·A·B를 지나 물결마을에 온 순서를 기록한다.'
    ]
  
      at TestContext.<anonymous> (C:\my_play\poketmon_demo\tests\explore-interiors.test.ts:79:69)
      at Test.runInAsyncScope (node:async_hooks:227:14)
      at Test.run (node:internal/test_runner/test:1325:25)
      at Test.processPendingSubtests (node:internal/test_runner/test:911:18)
      at Test.postRun (node:internal/test_runner/test:1465:19)
      at Test.run (node:internal/test_runner/test:1390:12)
      at async Test.processPendingSubtests (node:internal/test_runner/test:911:7) {
    generatedMessage: true,
    code: 'ERR_ASSERTION',
    actual: [ '산로마을 → 리버스마운틴 외부 → 통과구역 A → 통과구역 B → 물결마을', '산로마을 준비 기록 없이 도착했지만 통행에는 문제가 없었다.', '물결마을 도착을 수첩에 남겼다. 보상이나 새 통행 조건은 생기지 않는다.', '서쪽은 같은 구간을 거슬러 산로마을로, 동쪽은 13번도로를 지나 보배마을로 이어진다.' ],
    expected: [ '산로마을에서 리버스마운틴 외부·A·B를 지나 물결마을에 온 순서를 기록한다.' ],
    operator: 'deepStrictEqual',
    diff: 'simple'
  }

test at tests\explore-interiors.test.ts:34:54
✖ room investigation and optional activity cancellation preserve progress: tour_lacunosa_hall (1.2217ms)
  AssertionError [ERR_ASSERTION]: Expected values to be strictly deep-equal:
  + actual - expected
  
    [
  +   '남쪽 문과 오래된 돌담, 13번도로 귀환 표지를 살펴보자.',
  +   '건강한 동료를 선택하거나 혼자 기록할 수 있다.'
  -   '남쪽 문·돌담·귀환 표지의 상태와 함께 걸은 동료를 기록한다.'
    ]
  
      at TestContext.<anonymous> (C:\my_play\poketmon_demo\tests\explore-interiors.test.ts:79:69)
      at Test.runInAsyncScope (node:async_hooks:227:14)
      at Test.run (node:internal/test_runner/test:1325:25)
      at Test.processPendingSubtests (node:internal/test_runner/test:911:18)
      at Test.postRun (node:internal/test_runner/test:1465:19)
      at Test.run (node:internal/test_runner/test:1390:12)
      at async Test.processPendingSubtests (node:internal/test_runner/test:911:7) {
    generatedMessage: true,
    code: 'ERR_ASSERTION',
    actual: [ '남쪽 문과 오래된 돌담, 13번도로 귀환 표지를 살펴보자.', '건강한 동료를 선택하거나 혼자 기록할 수 있다.' ],
    expected: [ '남쪽 문·돌담·귀환 표지의 상태와 함께 걸은 동료를 기록한다.' ],
    operator: 'deepStrictEqual',
    diff: 'simple'
  }

test at tests\explore-interiors.test.ts:34:54
✖ room investigation and optional activity cancellation preserve progress: tour_village_bridge_hall (0.5164ms)
  AssertionError [ERR_ASSERTION]: Expected values to be strictly deep-equal:
  + actual - expected
  
    [
  +   '긴 다리의 보행선과 양쪽 방향을 살펴보자.'
  -   '12번도로 도착, 중앙 보행선, 11번도로 방향을 동료와 확인한다.'
    ]
  
      at TestContext.<anonymous> (C:\my_play\poketmon_demo\tests\explore-interiors.test.ts:79:69)
      at Test.runInAsyncScope (node:async_hooks:227:14)
      at Test.run (node:internal/test_runner/test:1325:25)
      at Test.processPendingSubtests (node:internal/test_runner/test:911:18)
      at Test.postRun (node:internal/test_runner/test:1465:19)
      at Test.run (node:internal/test_runner/test:1390:12)
      at async Test.processPendingSubtests (node:internal/test_runner/test:911:7) {
    generatedMessage: true,
    code: 'ERR_ASSERTION',
    actual: [ '긴 다리의 보행선과 양쪽 방향을 살펴보자.' ],
    expected: [ '12번도로 도착, 중앙 보행선, 11번도로 방향을 동료와 확인한다.' ],
    operator: 'deepStrictEqual',
    diff: 'simple'
  }

test at tests\explore-interiors.test.ts:34:54
✖ room investigation and optional activity cancellation preserve progress: tour_opelucid_center (1.0132ms)
  AssertionError [ERR_ASSERTION]: Expected values to be strictly deep-equal:
  + actual - expected
  
    [
  +   '현재 함께 걷는 동료가 없다. PC에서 맡긴 동료를 확인할 수 있다.',
  +   '11번도로 출신 동료 · 파티 0마리 · PC 0마리\n아직 현지 출신 동료 없음',
  +   '마릴 · Lv.23~25 선택 조우\n지원 레벨 기술: 몸통박치기 · 웅크리기 · 꼬리흔들기 · 물대포',
  +   '마릴 현지 동료 없음\n포획하지 않아도 안전 본선과 역사관 활동을 이용할 수 있다.',
  +   '딱정곤 · Lv.23~25 선택 조우\n지원 레벨 기술: 째려보기 · 박치기',
  +   '딱정곤 현지 동료 없음\n포획하지 않아도 안전 본선과 역사관 활동을 이용할 수 있다.',
  +   '쪼마리 · Lv.23~25 선택 조우\n지원 레벨 기술: 흡혈 · 메가드레인',
  +   '쪼마리 현지 동료 없음\n포획하지 않아도 안전 본선과 역사관 활동을 이용할 수 있다.',
  +   '11번도로 물길 전망 순환로에서 현지 세 종을 사용하는 선택 트레이너와 겨룰 수 있다.',
  +   '역사관 1층에서 11번도로 도착문과 두 거리의 현재 생활을 기록할 수 있다.',
  +   '3층 동행 관찰석은 선택이며 전설 사건이나 통행 조건이 아니다.',
  +   '역사관 2층에서 세 종의 현재 기술과 확인 가능한 지원 기술을 다시 비교할 수 있다.',
  +   '동쪽은 공식 11번도로·빌리지브리지 방향이다. 기존 궐수·기하 축약 통로는 별도 귀환길로 표시한다.'
  -   '11번도로·용의 역사관·도시 두 거리와 기존 귀환 통로를 구분한 지도다.'
    ]
  
      at TestContext.<anonymous> (C:\my_play\poketmon_demo\tests\explore-interiors.test.ts:79:69)
      at Test.runInAsyncScope (node:async_hooks:227:14)
      at Test.run (node:internal/test_runner/test:1325:25)
      at Test.processPendingSubtests (node:internal/test_runner/test:911:18)
      at Test.postRun (node:internal/test_runner/test:1465:19)
      at Test.run (node:internal/test_runner/test:1390:12)
      at async Test.processPendingSubtests (node:internal/test_runner/test:911:7) {
    generatedMessage: true,
    code: 'ERR_ASSERTION',
    actual: [ '현재 함께 걷는 동료가 없다. PC에서 맡긴 동료를 확인할 수 있다.', '11번도로 출신 동료 · 파티 0마리 · PC 0마리\n아직 현지 출신 동료 없음', '마릴 · Lv.23~25 선택 조우\n지원 레벨 기술: 몸통박치기 · 웅크리기 · 꼬리흔들기 · 물대포', '마릴 현지 동료 없음\n포획하지 않아도 안전 본선과 역사관 활동을 이용할 수 있다.', '딱정곤 · Lv.23~25 선택 조우\n지원 레벨 기술: 째려보기 · 박치기', '딱정곤 현지 동료 없음\n포획하지 않아도 안전 본선과 역사관 활동을 이용할 수 있다.', '쪼마리 · Lv.23~25 선택 조우\n지원 레벨 기술: 흡혈 · 메가드레인', '쪼마리 현지 동료 없음\n포획하지 않아도 안전 본선과 역사관 활동을 이용할 수 있다.', '11번도로 물길 전망 순환로에서 현지 세 종을 사용하는 선택 트레이너와 겨룰 수 있다.', '역사관 1층에서 11번도로 도착문과 두 거리의 현재 생활을 기록할 수 있다.', '3층 동행 관찰석은 선택이며 전설 사건이나 통행 조건이 아니다.', '역사관 2층에서 세 종의 현재 기술과 확인 가능한 지원 기술을 다시 비교할 수 있다.', '동쪽은 공식 11번도로·빌리지브리지 방향이다. 기존 궐수·기하 축약 통로는 별도 귀환길로 표시한다.' ],
    expected: [ '11번도로·용의 역사관·도시 두 거리와 기존 귀환 통로를 구분한 지도다.' ],
    operator: 'deepStrictEqual',
    diff: 'simple'
  }

test at tests\explore-interiors.test.ts:34:54
✖ room investigation and optional activity cancellation preserve progress: tour_opelucid_hall (0.4694ms)
  AssertionError [ERR_ASSERTION]: Expected values to be strictly deep-equal:
  + actual - expected
  
    [
  +   '11번도로 도착문과 두 생활 거리의 현재 쓰임을 확인해 보자.',
  +   '11번도로 출신의 건강한 파티 동료는 목록 앞에 표시한다. 없어도 다른 동료나 혼자 기록할 수 있다.'
  -   '11번도로 도착문과 옛·새 거리의 현재 생활을 기록한다.'
    ]
  
      at TestContext.<anonymous> (C:\my_play\poketmon_demo\tests\explore-interiors.test.ts:79:69)
      at Test.runInAsyncScope (node:async_hooks:227:14)
      at Test.run (node:internal/test_runner/test:1325:25)
      at Test.processPendingSubtests (node:internal/test_runner/test:911:18)
      at Test.postRun (node:internal/test_runner/test:1465:19)
      at Test.run (node:internal/test_runner/test:1390:12)
      at async Test.processPendingSubtests (node:internal/test_runner/test:911:7) {
    generatedMessage: true,
    code: 'ERR_ASSERTION',
    actual: [ '11번도로 도착문과 두 생활 거리의 현재 쓰임을 확인해 보자.', '11번도로 출신의 건강한 파티 동료는 목록 앞에 표시한다. 없어도 다른 동료나 혼자 기록할 수 있다.' ],
    expected: [ '11번도로 도착문과 옛·새 거리의 현재 생활을 기록한다.' ],
    operator: 'deepStrictEqual',
    diff: 'simple'
  }

test at tests\explore-interiors.test.ts:34:54
✖ room investigation and optional activity cancellation preserve progress: tour_icirrus_center (0.8073ms)
  AssertionError [ERR_ASSERTION]: Expected values to be strictly deep-equal:
  + actual - expected
  
    [
  +   '현재 함께 걷는 동료가 없다. 센터 PC에서 동료를 확인할 수 있다.',
  +   '생활관 1층에서 8번도로 도착 순서를 동료나 혼자 기록할 수 있다.',
  +   '2층에는 마른 본선·빗물 순환로·도시 연못의 쓰임을 나눈 자료가 있다.',
  +   '3층 전망 휴게는 선택이며 실제 회복이나 용나선탑 사건 조건이 아니다.',
  +   '동쪽 문은 하나 8번도로→튜브라인브리지→9번도로→쌍용시티로 이어진다. 북쪽 문은 도로 번호 없는 접근로를 지나 용나선탑 기슭으로 이어진다.'
  -   '8번도로 귀환, 습지 생활관, 북쪽 용나선 방향을 구분한 지도다.'
    ]
  
      at TestContext.<anonymous> (C:\my_play\poketmon_demo\tests\explore-interiors.test.ts:79:69)
      at Test.runInAsyncScope (node:async_hooks:227:14)
      at Test.run (node:internal/test_runner/test:1325:25)
      at Test.processPendingSubtests (node:internal/test_runner/test:911:18)
      at Test.postRun (node:internal/test_runner/test:1465:19)
      at Test.run (node:internal/test_runner/test:1390:12)
      at async Test.processPendingSubtests (node:internal/test_runner/test:911:7) {
    generatedMessage: true,
    code: 'ERR_ASSERTION',
    actual: [ '현재 함께 걷는 동료가 없다. 센터 PC에서 동료를 확인할 수 있다.', '생활관 1층에서 8번도로 도착 순서를 동료나 혼자 기록할 수 있다.', '2층에는 마른 본선·빗물 순환로·도시 연못의 쓰임을 나눈 자료가 있다.', '3층 전망 휴게는 선택이며 실제 회복이나 용나선탑 사건 조건이 아니다.', '동쪽 문은 하나 8번도로→튜브라인브리지→9번도로→쌍용시티로 이어진다. 북쪽 문은 도로 번호 없는 접근로를 지나 용나선탑 기슭으로 이어진다.' ],
    expected: [ '8번도로 귀환, 습지 생활관, 북쪽 용나선 방향을 구분한 지도다.' ],
    operator: 'deepStrictEqual',
    diff: 'simple'
  }

test at tests\explore-interiors.test.ts:34:54
✖ room investigation and optional activity cancellation preserve progress: tour_icirrus_hall (0.5849ms)
  AssertionError [ERR_ASSERTION]: Expected values to be strictly equal:
  + actual - expected
  
  + '8번도로 도착 기록대'
  - '8번도로 귀환 지도'
          ^
  
      at TestContext.<anonymous> (C:\my_play\poketmon_demo\tests\explore-interiors.test.ts:79:28)
      at Test.runInAsyncScope (node:async_hooks:227:14)
      at Test.run (node:internal/test_runner/test:1325:25)
      at Test.processPendingSubtests (node:internal/test_runner/test:911:18)
      at Test.postRun (node:internal/test_runner/test:1465:19)
      at Test.run (node:internal/test_runner/test:1390:12)
      at async Test.processPendingSubtests (node:internal/test_runner/test:911:7) {
    generatedMessage: true,
    code: 'ERR_ASSERTION',
    actual: '8번도로 도착 기록대',
    expected: '8번도로 귀환 지도',
    operator: 'strictEqual',
    diff: 'simple'
  }

test at tests\explore-interiors.test.ts:34:54
✖ room investigation and optional activity cancellation preserve progress: tour_dragonspiral_hall (4.1628ms)
  AssertionError [ERR_ASSERTION]: Expected values to be strictly deep-equal:
  + actual - expected
  
    [
  +   '함께 회랑을 살필 건강한 동료가 없다.',
  +   '설화시티 센터에서 회복하거나 PC로 편성한 뒤 다시 와도 된다. 탑 출입과 계단은 막히지 않는다.'
  -   '남쪽 입구와 서쪽 궐수 귀환 통로, 위층 계단 방향을 구분한다.'
    ]
  
      at TestContext.<anonymous> (C:\my_play\poketmon_demo\tests\explore-interiors.test.ts:79:69)
      at Test.runInAsyncScope (node:async_hooks:227:14)
      at Test.run (node:internal/test_runner/test:1325:25)
      at Test.processPendingSubtests (node:internal/test_runner/test:911:18)
      at Test.postRun (node:internal/test_runner/test:1465:19)
      at Test.run (node:internal/test_runner/test:1390:12)
      at async Test.processPendingSubtests (node:internal/test_runner/test:911:7) {
    generatedMessage: true,
    code: 'ERR_ASSERTION',
    actual: [ '함께 회랑을 살필 건강한 동료가 없다.', '설화시티 센터에서 회복하거나 PC로 편성한 뒤 다시 와도 된다. 탑 출입과 계단은 막히지 않는다.' ],
    expected: [ '남쪽 입구와 서쪽 궐수 귀환 통로, 위층 계단 방향을 구분한다.' ],
    operator: 'deepStrictEqual',
    diff: 'simple'
  }

test at tests\explore-interiors.test.ts:34:54
✖ room investigation and optional activity cancellation preserve progress: tour_eterna_mart (1.3777ms)
  AssertionError [ERR_ASSERTION]: Expected values to be strictly equal:
  + actual - expected
  
  + undefined
  - '숲길 방수용품 진열대'
  
      at TestContext.<anonymous> (C:\my_play\poketmon_demo\tests\explore-interiors.test.ts:79:28)
      at Test.runInAsyncScope (node:async_hooks:227:14)
      at Test.run (node:internal/test_runner/test:1325:25)
      at Test.processPendingSubtests (node:internal/test_runner/test:911:18)
      at Test.postRun (node:internal/test_runner/test:1465:19)
      at Test.run (node:internal/test_runner/test:1390:12)
      at async Test.processPendingSubtests (node:internal/test_runner/test:911:7) {
    generatedMessage: true,
    code: 'ERR_ASSERTION',
    actual: undefined,
    expected: '숲길 방수용품 진열대',
    operator: 'strictEqual',
    diff: 'simple'
  }

test at tests\explore-interiors.test.ts:34:54
✖ room investigation and optional activity cancellation preserve progress: tour_eterna_home2 (1.1974ms)
  AssertionError [ERR_ASSERTION]: Expected values to be strictly equal:
  + actual - expected
  
  + undefined
  - '묘목 기록 작업대'
  
      at TestContext.<anonymous> (C:\my_play\poketmon_demo\tests\explore-interiors.test.ts:79:28)
      at Test.runInAsyncScope (node:async_hooks:227:14)
      at Test.run (node:internal/test_runner/test:1325:25)
      at Test.processPendingSubtests (node:internal/test_runner/test:911:18)
      at Test.postRun (node:internal/test_runner/test:1465:19)
      at Test.run (node:internal/test_runner/test:1390:12)
      at async Test.processPendingSubtests (node:internal/test_runner/test:911:7) {
    generatedMessage: true,
    code: 'ERR_ASSERTION',
    actual: undefined,
    expected: '묘목 기록 작업대',
    operator: 'strictEqual',
    diff: 'simple'
  }

test at tests\explore-interiors.test.ts:34:54
✖ room investigation and optional activity cancellation preserve progress: tour_hearthome_mart (1.4283ms)
  AssertionError [ERR_ASSERTION]: Expected values to be strictly equal:
  + actual - expected
  
  + undefined
  - '공연 산책용품 진열대'
  
      at TestContext.<anonymous> (C:\my_play\poketmon_demo\tests\explore-interiors.test.ts:79:28)
      at Test.runInAsyncScope (node:async_hooks:227:14)
      at Test.run (node:internal/test_runner/test:1325:25)
      at Test.processPendingSubtests (node:internal/test_runner/test:911:18)
      at Test.postRun (node:internal/test_runner/test:1465:19)
      at Test.run (node:internal/test_runner/test:1390:12)
      at async Test.processPendingSubtests (node:internal/test_runner/test:911:7) {
    generatedMessage: true,
    code: 'ERR_ASSERTION',
    actual: undefined,
    expected: '공연 산책용품 진열대',
    operator: 'strictEqual',
    diff: 'simple'
  }

test at tests\explore-interiors.test.ts:34:54
✖ room investigation and optional activity cancellation preserve progress: tour_hearthome_home2 (1.4269ms)
  AssertionError [ERR_ASSERTION]: Expected values to be strictly equal:
  + actual - expected
  
  + undefined
  - '공연 의상 수선대'
  
      at TestContext.<anonymous> (C:\my_play\poketmon_demo\tests\explore-interiors.test.ts:79:28)
      at Test.runInAsyncScope (node:async_hooks:227:14)
      at Test.run (node:internal/test_runner/test:1325:25)
      at Test.processPendingSubtests (node:internal/test_runner/test:911:18)
      at Test.postRun (node:internal/test_runner/test:1465:19)
      at Test.run (node:internal/test_runner/test:1390:12)
      at async Test.processPendingSubtests (node:internal/test_runner/test:911:7) {
    generatedMessage: true,
    code: 'ERR_ASSERTION',
    actual: undefined,
    expected: '공연 의상 수선대',
    operator: 'strictEqual',
    diff: 'simple'
  }

test at tests\explore-interiors.test.ts:34:54
✖ room investigation and optional activity cancellation preserve progress: tour_veilstone_home2 (1.4994ms)
  AssertionError [ERR_ASSERTION]: Expected values to be strictly equal:
  + actual - expected
  
  + '동료 휴식 방석'
  - '작은 화분'
  
      at TestContext.<anonymous> (C:\my_play\poketmon_demo\tests\explore-interiors.test.ts:79:28)
      at Test.runInAsyncScope (node:async_hooks:227:14)
      at Test.run (node:internal/test_runner/test:1325:25)
      at Test.processPendingSubtests (node:internal/test_runner/test:911:18)
      at Test.postRun (node:internal/test_runner/test:1465:19)
      at Test.run (node:internal/test_runner/test:1390:12)
      at async Test.processPendingSubtests (node:internal/test_runner/test:911:7) {
    generatedMessage: true,
    code: 'ERR_ASSERTION',
    actual: '동료 휴식 방석',
    expected: '작은 화분',
    operator: 'strictEqual',
    diff: 'simple'
  }

test at tests\explore-interiors.test.ts:34:54
✖ room investigation and optional activity cancellation preserve progress: tour_veilstone_home3 (1.1612ms)
  AssertionError [ERR_ASSERTION]: Expected values to be strictly equal:
  + actual - expected
  
  + '운반 동료 쉼터'
  - '작은 화분'
  
      at TestContext.<anonymous> (C:\my_play\poketmon_demo\tests\explore-interiors.test.ts:79:28)
      at Test.runInAsyncScope (node:async_hooks:227:14)
      at Test.run (node:internal/test_runner/test:1325:25)
      at Test.processPendingSubtests (node:internal/test_runner/test:911:18)
      at Test.postRun (node:internal/test_runner/test:1465:19)
      at Test.run (node:internal/test_runner/test:1390:12)
      at async Test.processPendingSubtests (node:internal/test_runner/test:911:7) {
    generatedMessage: true,
    code: 'ERR_ASSERTION',
    actual: '운반 동료 쉼터',
    expected: '작은 화분',
    operator: 'strictEqual',
    diff: 'simple'
  }

test at tests\explore-interiors.test.ts:34:54
✖ room investigation and optional activity cancellation preserve progress: tour_veilstone_hall_2f (0.7294ms)
  AssertionError [ERR_ASSERTION]: Expected values to be strictly equal:
  + actual - expected
  
  + '기술 준비 안내원'
  - '타입 대응표'
  
      at TestContext.<anonymous> (C:\my_play\poketmon_demo\tests\explore-interiors.test.ts:79:28)
      at Test.runInAsyncScope (node:async_hooks:227:14)
      at Test.run (node:internal/test_runner/test:1325:25)
      at Test.processPendingSubtests (node:internal/test_runner/test:911:18)
      at Test.postRun (node:internal/test_runner/test:1465:19)
      at Test.run (node:internal/test_runner/test:1390:12)
      at async Test.processPendingSubtests (node:internal/test_runner/test:911:7) {
    generatedMessage: true,
    code: 'ERR_ASSERTION',
    actual: '기술 준비 안내원',
    expected: '타입 대응표',
    operator: 'strictEqual',
    diff: 'simple'
  }

test at tests\explore-interiors.test.ts:34:54
✖ room investigation and optional activity cancellation preserve progress: tour_pastoria_mart (0.8927ms)
  AssertionError [ERR_ASSERTION]: Expected values to be strictly equal:
  + actual - expected
  
  + undefined
  - '습지 여행 정리대'
  
      at TestContext.<anonymous> (C:\my_play\poketmon_demo\tests\explore-interiors.test.ts:79:28)
      at Test.runInAsyncScope (node:async_hooks:227:14)
      at Test.run (node:internal/test_runner/test:1325:25)
      at Test.processPendingSubtests (node:internal/test_runner/test:911:18)
      at Test.postRun (node:internal/test_runner/test:1465:19)
      at Test.run (node:internal/test_runner/test:1390:12)
      at async Test.processPendingSubtests (node:internal/test_runner/test:911:7) {
    generatedMessage: true,
    code: 'ERR_ASSERTION',
    actual: undefined,
    expected: '습지 여행 정리대',
    operator: 'strictEqual',
    diff: 'simple'
  }

test at tests\explore-interiors.test.ts:34:54
✖ room investigation and optional activity cancellation preserve progress: tour_pastoria_home1 (5.8914ms)
  AssertionError [ERR_ASSERTION]: Expected values to be strictly equal:
  + actual - expected
  
  + undefined
  - '장비 건조대'
  
      at TestContext.<anonymous> (C:\my_play\poketmon_demo\tests\explore-interiors.test.ts:79:28)
      at Test.runInAsyncScope (node:async_hooks:227:14)
      at Test.run (node:internal/test_runner/test:1325:25)
      at Test.processPendingSubtests (node:internal/test_runner/test:911:18)
      at Test.postRun (node:internal/test_runner/test:1465:19)
      at Test.run (node:internal/test_runner/test:1390:12)
      at async Test.processPendingSubtests (node:internal/test_runner/test:911:7) {
    generatedMessage: true,
    code: 'ERR_ASSERTION',
    actual: undefined,
    expected: '장비 건조대',
    operator: 'strictEqual',
    diff: 'simple'
  }

test at tests\explore-interiors.test.ts:34:54
✖ room investigation and optional activity cancellation preserve progress: tour_pastoria_home1_2f (1.6183ms)
  AssertionError [ERR_ASSERTION]: Expected values to be strictly equal:
  + actual - expected
  
  + undefined
  - '습지 작업 기록'
  
      at TestContext.<anonymous> (C:\my_play\poketmon_demo\tests\explore-interiors.test.ts:79:28)
      at Test.runInAsyncScope (node:async_hooks:227:14)
      at Test.run (node:internal/test_runner/test:1325:25)
      at Test.processPendingSubtests (node:internal/test_runner/test:911:18)
      at Test.postRun (node:internal/test_runner/test:1465:19)
      at Test.run (node:internal/test_runner/test:1390:12)
      at async Test.processPendingSubtests (node:internal/test_runner/test:911:7) {
    generatedMessage: true,
    code: 'ERR_ASSERTION',
    actual: undefined,
    expected: '습지 작업 기록',
    operator: 'strictEqual',
    diff: 'simple'
  }

test at tests\explore-interiors.test.ts:34:54
✖ room investigation and optional activity cancellation preserve progress: tour_pastoria_home1_3f (1.0296ms)
  AssertionError [ERR_ASSERTION]: Expected values to be strictly equal:
  + actual - expected
  
  + undefined
  - '동료 전망 휴게석'
  
      at TestContext.<anonymous> (C:\my_play\poketmon_demo\tests\explore-interiors.test.ts:79:28)
      at Test.runInAsyncScope (node:async_hooks:227:14)
      at Test.run (node:internal/test_runner/test:1325:25)
      at Test.processPendingSubtests (node:internal/test_runner/test:911:18)
      at Test.postRun (node:internal/test_runner/test:1465:19)
      at Test.run (node:internal/test_runner/test:1390:12)
      at async Test.processPendingSubtests (node:internal/test_runner/test:911:7) {
    generatedMessage: true,
    code: 'ERR_ASSERTION',
    actual: undefined,
    expected: '동료 전망 휴게석',
    operator: 'strictEqual',
    diff: 'simple'
  }

test at tests\explore-interiors.test.ts:34:54
✖ room investigation and optional activity cancellation preserve progress: tour_pastoria_home2 (3.6548ms)
  AssertionError [ERR_ASSERTION]: Expected values to be strictly equal:
  + actual - expected
  
  + undefined
  - '장비 건조대'
  
      at TestContext.<anonymous> (C:\my_play\poketmon_demo\tests\explore-interiors.test.ts:79:28)
      at Test.runInAsyncScope (node:async_hooks:227:14)
      at Test.run (node:internal/test_runner/test:1325:25)
      at Test.processPendingSubtests (node:internal/test_runner/test:911:18)
      at Test.postRun (node:internal/test_runner/test:1465:19)
      at Test.run (node:internal/test_runner/test:1390:12)
      at async Test.processPendingSubtests (node:internal/test_runner/test:911:7) {
    generatedMessage: true,
    code: 'ERR_ASSERTION',
    actual: undefined,
    expected: '장비 건조대',
    operator: 'strictEqual',
    diff: 'simple'
  }

test at tests\explore-interiors.test.ts:34:54
✖ room investigation and optional activity cancellation preserve progress: tour_pastoria_home2_2f (1.4478ms)
  AssertionError [ERR_ASSERTION]: Expected values to be strictly equal:
  + actual - expected
  
  + undefined
  - '습지 작업 기록'
  
      at TestContext.<anonymous> (C:\my_play\poketmon_demo\tests\explore-interiors.test.ts:79:28)
      at Test.runInAsyncScope (node:async_hooks:227:14)
      at Test.run (node:internal/test_runner/test:1325:25)
      at Test.processPendingSubtests (node:internal/test_runner/test:911:18)
      at Test.postRun (node:internal/test_runner/test:1465:19)
      at Test.run (node:internal/test_runner/test:1390:12)
      at async Test.processPendingSubtests (node:internal/test_runner/test:911:7) {
    generatedMessage: true,
    code: 'ERR_ASSERTION',
    actual: undefined,
    expected: '습지 작업 기록',
    operator: 'strictEqual',
    diff: 'simple'
  }

test at tests\explore-interiors.test.ts:34:54
✖ room investigation and optional activity cancellation preserve progress: tour_pastoria_home2_3f (1.3876ms)
  AssertionError [ERR_ASSERTION]: Expected values to be strictly equal:
  + actual - expected
  
  + undefined
  - '동료 전망 휴게석'
  
      at TestContext.<anonymous> (C:\my_play\poketmon_demo\tests\explore-interiors.test.ts:79:28)
      at Test.runInAsyncScope (node:async_hooks:227:14)
      at Test.run (node:internal/test_runner/test:1325:25)
      at Test.processPendingSubtests (node:internal/test_runner/test:911:18)
      at Test.postRun (node:internal/test_runner/test:1465:19)
      at Test.run (node:internal/test_runner/test:1390:12)
      at async Test.processPendingSubtests (node:internal/test_runner/test:911:7) {
    generatedMessage: true,
    code: 'ERR_ASSERTION',
    actual: undefined,
    expected: '동료 전망 휴게석',
    operator: 'strictEqual',
    diff: 'simple'
  }

test at tests\explore-interiors.test.ts:34:54
✖ room investigation and optional activity cancellation preserve progress: tour_canalave_mart (1.343ms)
  AssertionError [ERR_ASSERTION]: Expected values to be strictly equal:
  + actual - expected
  
  + undefined
  - '항해 준비 정리대'
  
      at TestContext.<anonymous> (C:\my_play\poketmon_demo\tests\explore-interiors.test.ts:79:28)
      at Test.runInAsyncScope (node:async_hooks:227:14)
      at Test.run (node:internal/test_runner/test:1325:25)
      at Test.processPendingSubtests (node:internal/test_runner/test:911:18)
      at Test.postRun (node:internal/test_runner/test:1465:19)
      at Test.run (node:internal/test_runner/test:1390:12)
      at async Test.processPendingSubtests (node:internal/test_runner/test:911:7) {
    generatedMessage: true,
    code: 'ERR_ASSERTION',
    actual: undefined,
    expected: '항해 준비 정리대',
    operator: 'strictEqual',
    diff: 'simple'
  }

test at tests\explore-interiors.test.ts:34:54
✖ room investigation and optional activity cancellation preserve progress: tour_canalave_home1 (1.4272ms)
  AssertionError [ERR_ASSERTION]: Expected values to be strictly equal:
  + actual - expected
  
  + undefined
  - '동료 작업 장비대'
  
      at TestContext.<anonymous> (C:\my_play\poketmon_demo\tests\explore-interiors.test.ts:79:28)
      at Test.runInAsyncScope (node:async_hooks:227:14)
      at Test.run (node:internal/test_runner/test:1325:25)
      at Test.processPendingSubtests (node:internal/test_runner/test:911:18)
      at Test.postRun (node:internal/test_runner/test:1465:19)
      at Test.run (node:internal/test_runner/test:1390:12)
      at async Test.processPendingSubtests (node:internal/test_runner/test:911:7) {
    generatedMessage: true,
    code: 'ERR_ASSERTION',
    actual: undefined,
    expected: '동료 작업 장비대',
    operator: 'strictEqual',
    diff: 'simple'
  }

test at tests\explore-interiors.test.ts:34:54
✖ room investigation and optional activity cancellation preserve progress: tour_canalave_home1_2f (1.1137ms)
  AssertionError [ERR_ASSERTION]: Expected values to be strictly equal:
  + actual - expected
  
  + undefined
  - '운하 교대 기록'
  
      at TestContext.<anonymous> (C:\my_play\poketmon_demo\tests\explore-interiors.test.ts:79:28)
      at Test.runInAsyncScope (node:async_hooks:227:14)
      at Test.run (node:internal/test_runner/test:1325:25)
      at Test.processPendingSubtests (node:internal/test_runner/test:911:18)
      at Test.postRun (node:internal/test_runner/test:1465:19)
      at Test.run (node:internal/test_runner/test:1390:12)
      at async Test.processPendingSubtests (node:internal/test_runner/test:911:7) {
    generatedMessage: true,
    code: 'ERR_ASSERTION',
    actual: undefined,
    expected: '운하 교대 기록',
    operator: 'strictEqual',
    diff: 'simple'
  }

test at tests\explore-interiors.test.ts:34:54
✖ room investigation and optional activity cancellation preserve progress: tour_canalave_home1_3f (1.1449ms)
  AssertionError [ERR_ASSERTION]: Expected values to be strictly equal:
  + actual - expected
  
  + undefined
  - '포켓몬 공동 휴게석'
  
      at TestContext.<anonymous> (C:\my_play\poketmon_demo\tests\explore-interiors.test.ts:79:28)
      at Test.runInAsyncScope (node:async_hooks:227:14)
      at Test.run (node:internal/test_runner/test:1325:25)
      at Test.processPendingSubtests (node:internal/test_runner/test:911:18)
      at Test.postRun (node:internal/test_runner/test:1465:19)
      at Test.run (node:internal/test_runner/test:1390:12)
      at async Test.processPendingSubtests (node:internal/test_runner/test:911:7) {
    generatedMessage: true,
    code: 'ERR_ASSERTION',
    actual: undefined,
    expected: '포켓몬 공동 휴게석',
    operator: 'strictEqual',
    diff: 'simple'
  }

test at tests\explore-interiors.test.ts:34:54
✖ room investigation and optional activity cancellation preserve progress: tour_canalave_home2 (1.3117ms)
  AssertionError [ERR_ASSERTION]: Expected values to be strictly equal:
  + actual - expected
  
  + undefined
  - '동료 작업 장비대'
  
      at TestContext.<anonymous> (C:\my_play\poketmon_demo\tests\explore-interiors.test.ts:79:28)
      at Test.runInAsyncScope (node:async_hooks:227:14)
      at Test.run (node:internal/test_runner/test:1325:25)
      at Test.processPendingSubtests (node:internal/test_runner/test:911:18)
      at Test.postRun (node:internal/test_runner/test:1465:19)
      at Test.run (node:internal/test_runner/test:1390:12)
      at async Test.processPendingSubtests (node:internal/test_runner/test:911:7) {
    generatedMessage: true,
    code: 'ERR_ASSERTION',
    actual: undefined,
    expected: '동료 작업 장비대',
    operator: 'strictEqual',
    diff: 'simple'
  }

test at tests\explore-interiors.test.ts:34:54
✖ room investigation and optional activity cancellation preserve progress: tour_canalave_home2_2f (1.7137ms)
  AssertionError [ERR_ASSERTION]: Expected values to be strictly equal:
  + actual - expected
  
  + undefined
  - '운하 교대 기록'
  
      at TestContext.<anonymous> (C:\my_play\poketmon_demo\tests\explore-interiors.test.ts:79:28)
      at Test.runInAsyncScope (node:async_hooks:227:14)
      at Test.run (node:internal/test_runner/test:1325:25)
      at Test.processPendingSubtests (node:internal/test_runner/test:911:18)
      at Test.postRun (node:internal/test_runner/test:1465:19)
      at Test.run (node:internal/test_runner/test:1390:12)
      at async Test.processPendingSubtests (node:internal/test_runner/test:911:7) {
    generatedMessage: true,
    code: 'ERR_ASSERTION',
    actual: undefined,
    expected: '운하 교대 기록',
    operator: 'strictEqual',
    diff: 'simple'
  }

test at tests\explore-interiors.test.ts:34:54
✖ room investigation and optional activity cancellation preserve progress: tour_canalave_home2_3f (1.2763ms)
  AssertionError [ERR_ASSERTION]: Expected values to be strictly equal:
  + actual - expected
  
  + undefined
  - '포켓몬 공동 휴게석'
  
      at TestContext.<anonymous> (C:\my_play\poketmon_demo\tests\explore-interiors.test.ts:79:28)
      at Test.runInAsyncScope (node:async_hooks:227:14)
      at Test.run (node:internal/test_runner/test:1325:25)
      at Test.processPendingSubtests (node:internal/test_runner/test:911:18)
      at Test.postRun (node:internal/test_runner/test:1465:19)
      at Test.run (node:internal/test_runner/test:1390:12)
      at async Test.processPendingSubtests (node:internal/test_runner/test:911:7) {
    generatedMessage: true,
    code: 'ERR_ASSERTION',
    actual: undefined,
    expected: '포켓몬 공동 휴게석',
    operator: 'strictEqual',
    diff: 'simple'
  }

test at tests\explore-interiors.test.ts:34:54
✖ room investigation and optional activity cancellation preserve progress: tour_snowpoint_mart (1.1215ms)
  AssertionError [ERR_ASSERTION]: Expected values to be strictly equal:
  + actual - expected
  
  + undefined
  - '방한 여행 정리대'
  
      at TestContext.<anonymous> (C:\my_play\poketmon_demo\tests\explore-interiors.test.ts:79:28)
      at Test.runInAsyncScope (node:async_hooks:227:14)
      at Test.run (node:internal/test_runner/test:1325:25)
      at Test.processPendingSubtests (node:internal/test_runner/test:911:18)
      at Test.postRun (node:internal/test_runner/test:1465:19)
      at Test.run (node:internal/test_runner/test:1390:12)
      at async Test.processPendingSubtests (node:internal/test_runner/test:911:7) {
    generatedMessage: true,
    code: 'ERR_ASSERTION',
    actual: undefined,
    expected: '방한 여행 정리대',
    operator: 'strictEqual',
    diff: 'simple'
  }

test at tests\explore-interiors.test.ts:34:54
✖ room investigation and optional activity cancellation preserve progress: tour_sunyshore_mart (1.0801ms)
  AssertionError [ERR_ASSERTION]: Expected values to be strictly equal:
  + actual - expected
  
  + undefined
  - '해안 여행 정리대'
  
      at TestContext.<anonymous> (C:\my_play\poketmon_demo\tests\explore-interiors.test.ts:79:28)
      at Test.runInAsyncScope (node:async_hooks:227:14)
      at Test.run (node:internal/test_runner/test:1325:25)
      at Test.processPendingSubtests (node:internal/test_runner/test:911:18)
      at Test.postRun (node:internal/test_runner/test:1465:19)
      at Test.run (node:internal/test_runner/test:1390:12)
      at async Test.processPendingSubtests (node:internal/test_runner/test:911:7) {
    generatedMessage: true,
    code: 'ERR_ASSERTION',
    actual: undefined,
    expected: '해안 여행 정리대',
    operator: 'strictEqual',
    diff: 'simple'
  }

test at tests\explore-interiors.test.ts:34:54
✖ room investigation and optional activity cancellation preserve progress: tour_sunyshore_home1 (1.1228ms)
  AssertionError [ERR_ASSERTION]: Expected values to be strictly equal:
  
  '창가 소파' !== '작은 화분'
  
      at TestContext.<anonymous> (C:\my_play\poketmon_demo\tests\explore-interiors.test.ts:79:28)
      at Test.runInAsyncScope (node:async_hooks:227:14)
      at Test.run (node:internal/test_runner/test:1325:25)
      at Test.processPendingSubtests (node:internal/test_runner/test:911:18)
      at Test.postRun (node:internal/test_runner/test:1465:19)
      at Test.run (node:internal/test_runner/test:1390:12)
      at async Test.processPendingSubtests (node:internal/test_runner/test:911:7) {
    generatedMessage: true,
    code: 'ERR_ASSERTION',
    actual: '창가 소파',
    expected: '작은 화분',
    operator: 'strictEqual',
    diff: 'simple'
  }

test at tests\explore-interiors.test.ts:34:54
✖ room investigation and optional activity cancellation preserve progress: tour_sunyshore_home1_2f (1.6238ms)
  AssertionError [ERR_ASSERTION]: Expected values to be strictly equal:
  + actual - expected
  
  + '독서 책상'
  - '햇빛 작업 기록'
  
      at TestContext.<anonymous> (C:\my_play\poketmon_demo\tests\explore-interiors.test.ts:79:28)
      at Test.runInAsyncScope (node:async_hooks:227:14)
      at Test.run (node:internal/test_runner/test:1325:25)
      at Test.processPendingSubtests (node:internal/test_runner/test:911:18)
      at Test.postRun (node:internal/test_runner/test:1465:19)
      at Test.run (node:internal/test_runner/test:1390:12)
      at async Test.processPendingSubtests (node:internal/test_runner/test:911:7) {
    generatedMessage: true,
    code: 'ERR_ASSERTION',
    actual: '독서 책상',
    expected: '햇빛 작업 기록',
    operator: 'strictEqual',
    diff: 'simple'
  }

test at tests\explore-interiors.test.ts:34:54
✖ room investigation and optional activity cancellation preserve progress: tour_sunyshore_home1_3f (1.5121ms)
  AssertionError [ERR_ASSERTION]: Expected values to be strictly equal:
  + actual - expected
  
  + '이웃의 쉼터'
  - '동료 전망 방석'
  
      at TestContext.<anonymous> (C:\my_play\poketmon_demo\tests\explore-interiors.test.ts:79:28)
      at Test.runInAsyncScope (node:async_hooks:227:14)
      at Test.run (node:internal/test_runner/test:1325:25)
      at Test.processPendingSubtests (node:internal/test_runner/test:911:18)
      at Test.postRun (node:internal/test_runner/test:1465:19)
      at Test.run (node:internal/test_runner/test:1390:12)
      at async Test.processPendingSubtests (node:internal/test_runner/test:911:7) {
    generatedMessage: true,
    code: 'ERR_ASSERTION',
    actual: '이웃의 쉼터',
    expected: '동료 전망 방석',
    operator: 'strictEqual',
    diff: 'simple'
  }

test at tests\explore-interiors.test.ts:34:54
✖ room investigation and optional activity cancellation preserve progress: tour_sunyshore_home2 (8.3105ms)
  AssertionError [ERR_ASSERTION]: Expected values to be strictly equal:
  
  '창가 소파' !== '작은 화분'
  
      at TestContext.<anonymous> (C:\my_play\poketmon_demo\tests\explore-interiors.test.ts:79:28)
      at Test.runInAsyncScope (node:async_hooks:227:14)
      at Test.run (node:internal/test_runner/test:1325:25)
      at Test.processPendingSubtests (node:internal/test_runner/test:911:18)
      at Test.postRun (node:internal/test_runner/test:1465:19)
      at Test.run (node:internal/test_runner/test:1390:12)
      at async Test.processPendingSubtests (node:internal/test_runner/test:911:7) {
    generatedMessage: true,
    code: 'ERR_ASSERTION',
    actual: '창가 소파',
    expected: '작은 화분',
    operator: 'strictEqual',
    diff: 'simple'
  }

test at tests\explore-interiors.test.ts:34:54
✖ room investigation and optional activity cancellation preserve progress: tour_sunyshore_home2_2f (3.2036ms)
  AssertionError [ERR_ASSERTION]: Expected values to be strictly equal:
  + actual - expected
  
  + '독서 책상'
  - '햇빛 작업 기록'
  
      at TestContext.<anonymous> (C:\my_play\poketmon_demo\tests\explore-interiors.test.ts:79:28)
      at Test.runInAsyncScope (node:async_hooks:227:14)
      at Test.run (node:internal/test_runner/test:1325:25)
      at Test.processPendingSubtests (node:internal/test_runner/test:911:18)
      at Test.postRun (node:internal/test_runner/test:1465:19)
      at Test.run (node:internal/test_runner/test:1390:12)
      at async Test.processPendingSubtests (node:internal/test_runner/test:911:7) {
    generatedMessage: true,
    code: 'ERR_ASSERTION',
    actual: '독서 책상',
    expected: '햇빛 작업 기록',
    operator: 'strictEqual',
    diff: 'simple'
  }

test at tests\explore-interiors.test.ts:34:54
✖ room investigation and optional activity cancellation preserve progress: tour_sunyshore_home2_3f (12.2917ms)
  AssertionError [ERR_ASSERTION]: Expected values to be strictly equal:
  + actual - expected
  
  + '이웃의 쉼터'
  - '동료 전망 방석'
  
      at TestContext.<anonymous> (C:\my_play\poketmon_demo\tests\explore-interiors.test.ts:79:28)
      at Test.runInAsyncScope (node:async_hooks:227:14)
      at Test.run (node:internal/test_runner/test:1325:25)
      at Test.processPendingSubtests (node:internal/test_runner/test:911:18)
      at Test.postRun (node:internal/test_runner/test:1465:19)
      at Test.run (node:internal/test_runner/test:1390:12)
      at async Test.processPendingSubtests (node:internal/test_runner/test:911:7) {
    generatedMessage: true,
    code: 'ERR_ASSERTION',
    actual: '이웃의 쉼터',
    expected: '동료 전망 방석',
    operator: 'strictEqual',
    diff: 'simple'
  }

test at tests\explore-interiors.test.ts:34:54
✖ room investigation and optional activity cancellation preserve progress: tour_sunyshore_hall_2f (1.1182ms)
  AssertionError [ERR_ASSERTION]: Expected values to be strictly equal:
  + actual - expected
  
  + '관찰 기록판'
  - '동료 빛·물결 관찰 기록판'
  
      at TestContext.<anonymous> (C:\my_play\poketmon_demo\tests\explore-interiors.test.ts:79:28)
      at Test.runInAsyncScope (node:async_hooks:227:14)
      at Test.run (node:internal/test_runner/test:1325:25)
      at Test.processPendingSubtests (node:internal/test_runner/test:911:18)
      at Test.postRun (node:internal/test_runner/test:1465:19)
      at Test.run (node:internal/test_runner/test:1390:12)
      at async Test.processPendingSubtests (node:internal/test_runner/test:911:7) {
    generatedMessage: true,
    code: 'ERR_ASSERTION',
    actual: '관찰 기록판',
    expected: '동료 빛·물결 관찰 기록판',
    operator: 'strictEqual',
    diff: 'simple'
  }

test at tests\explore-interiors.test.ts:34:54
✖ room investigation and optional activity cancellation preserve progress: tour_sunyshore_hall_3f (0.7964ms)
  AssertionError [ERR_ASSERTION]: Expected values to be strictly equal:
  + actual - expected
  
  + '여행 수첩'
  - '등실 동료 전망석'
  
      at TestContext.<anonymous> (C:\my_play\poketmon_demo\tests\explore-interiors.test.ts:79:28)
      at Test.runInAsyncScope (node:async_hooks:227:14)
      at Test.run (node:internal/test_runner/test:1325:25)
      at Test.processPendingSubtests (node:internal/test_runner/test:911:18)
      at Test.postRun (node:internal/test_runner/test:1465:19)
      at Test.run (node:internal/test_runner/test:1390:12)
      at async Test.processPendingSubtests (node:internal/test_runner/test:911:7) {
    generatedMessage: true,
    code: 'ERR_ASSERTION',
    actual: '여행 수첩',
    expected: '등실 동료 전망석',
    operator: 'strictEqual',
    diff: 'simple'
  }

test at tests\explore-interiors.test.ts:34:54
✖ room investigation and optional activity cancellation preserve progress: tour_lake_mart (1.436ms)
  AssertionError [ERR_ASSERTION]: Expected values to be strictly equal:
  + actual - expected
  
  + undefined
  - '설원 출발 정리대'
  
      at TestContext.<anonymous> (C:\my_play\poketmon_demo\tests\explore-interiors.test.ts:79:28)
      at Test.runInAsyncScope (node:async_hooks:227:14)
      at Test.run (node:internal/test_runner/test:1325:25)
      at Test.processPendingSubtests (node:internal/test_runner/test:911:18)
      at Test.postRun (node:internal/test_runner/test:1465:19)
      at Test.run (node:internal/test_runner/test:1390:12)
      at async Test.processPendingSubtests (node:internal/test_runner/test:911:7) {
    generatedMessage: true,
    code: 'ERR_ASSERTION',
    actual: undefined,
    expected: '설원 출발 정리대',
    operator: 'strictEqual',
    diff: 'simple'
  }

test at tests\explore-interiors.test.ts:34:54
✖ room investigation and optional activity cancellation preserve progress: tour_vermilion_home1 (0.8706ms)
  AssertionError [ERR_ASSERTION]: Expected values to be strictly equal:
  + actual - expected
  
  + '항만 작업 장비 점검'
  - '작업 장비대'
  
      at TestContext.<anonymous> (C:\my_play\poketmon_demo\tests\explore-interiors.test.ts:79:28)
      at Test.runInAsyncScope (node:async_hooks:227:14)
      at Test.run (node:internal/test_runner/test:1325:25)
      at Test.processPendingSubtests (node:internal/test_runner/test:911:18)
      at Test.postRun (node:internal/test_runner/test:1465:19)
      at Test.run (node:internal/test_runner/test:1390:12)
      at async Test.processPendingSubtests (node:internal/test_runner/test:911:7) {
    generatedMessage: true,
    code: 'ERR_ASSERTION',
    actual: '항만 작업 장비 점검',
    expected: '작업 장비대',
    operator: 'strictEqual',
    diff: 'simple'
  }

test at tests\explore-interiors.test.ts:34:54
✖ room investigation and optional activity cancellation preserve progress: tour_vermilion_home1_2f (0.517ms)
  AssertionError [ERR_ASSERTION]: Expected values to be strictly equal:
  + actual - expected
  
  + '항구 가족 식탁'
  - '가족 식탁'
  
      at TestContext.<anonymous> (C:\my_play\poketmon_demo\tests\explore-interiors.test.ts:79:28)
      at Test.runInAsyncScope (node:async_hooks:227:14)
      at Test.run (node:internal/test_runner/test:1325:25)
      at Test.processPendingSubtests (node:internal/test_runner/test:911:18)
      at Test.postRun (node:internal/test_runner/test:1465:19)
      at Test.run (node:internal/test_runner/test:1390:12)
      at async Test.processPendingSubtests (node:internal/test_runner/test:911:7) {
    generatedMessage: true,
    code: 'ERR_ASSERTION',
    actual: '항구 가족 식탁',
    expected: '가족 식탁',
    operator: 'strictEqual',
    diff: 'simple'
  }

test at tests\explore-interiors.test.ts:34:54
✖ room investigation and optional activity cancellation preserve progress: tour_vermilion_home1_3f (1.5749ms)
  AssertionError [ERR_ASSERTION]: Expected values to be strictly equal:
  + actual - expected
  
  + '항만 주택 공동 화단'
  - '공동 화단'
  
      at TestContext.<anonymous> (C:\my_play\poketmon_demo\tests\explore-interiors.test.ts:79:28)
      at Test.runInAsyncScope (node:async_hooks:227:14)
      at Test.run (node:internal/test_runner/test:1325:25)
      at Test.processPendingSubtests (node:internal/test_runner/test:911:18)
      at Test.postRun (node:internal/test_runner/test:1465:19)
      at Test.run (node:internal/test_runner/test:1390:12)
      at async Test.processPendingSubtests (node:internal/test_runner/test:911:7) {
    generatedMessage: true,
    code: 'ERR_ASSERTION',
    actual: '항만 주택 공동 화단',
    expected: '공동 화단',
    operator: 'strictEqual',
    diff: 'simple'
  }

test at tests\explore-interiors.test.ts:34:54
✖ room investigation and optional activity cancellation preserve progress: tour_vermilion_home2 (0.4875ms)
  AssertionError [ERR_ASSERTION]: Expected values to be strictly equal:
  + actual - expected
  
  + '해안길 여행 가방 점검'
  - '여행 가방 작업대'
  
      at TestContext.<anonymous> (C:\my_play\poketmon_demo\tests\explore-interiors.test.ts:79:28)
      at Test.runInAsyncScope (node:async_hooks:227:14)
      at Test.run (node:internal/test_runner/test:1325:25)
      at Test.processPendingSubtests (node:internal/test_runner/test:911:18)
      at Test.postRun (node:internal/test_runner/test:1465:19)
      at Test.run (node:internal/test_runner/test:1390:12)
      at async Test.processPendingSubtests (node:internal/test_runner/test:911:7) {
    generatedMessage: true,
    code: 'ERR_ASSERTION',
    actual: '해안길 여행 가방 점검',
    expected: '여행 가방 작업대',
    operator: 'strictEqual',
    diff: 'simple'
  }

test at tests\explore-interiors.test.ts:34:54
✖ room investigation and optional activity cancellation preserve progress: tour_vermilion_home2_2f (3.1402ms)
  AssertionError [ERR_ASSERTION]: Expected values to be strictly equal:
  + actual - expected
  
  + '항해 가족 항로 기록'
  - '항로 기록장'
  
      at TestContext.<anonymous> (C:\my_play\poketmon_demo\tests\explore-interiors.test.ts:79:28)
      at Test.runInAsyncScope (node:async_hooks:227:14)
      at Test.run (node:internal/test_runner/test:1325:25)
      at Test.processPendingSubtests (node:internal/test_runner/test:911:18)
      at Test.postRun (node:internal/test_runner/test:1465:19)
      at Test.run (node:internal/test_runner/test:1390:12)
      at async Test.processPendingSubtests (node:internal/test_runner/test:911:7) {
    generatedMessage: true,
    code: 'ERR_ASSERTION',
    actual: '항해 가족 항로 기록',
    expected: '항로 기록장',
    operator: 'strictEqual',
    diff: 'simple'
  }

test at tests\explore-interiors.test.ts:34:54
✖ room investigation and optional activity cancellation preserve progress: tour_vermilion_home2_3f (1.3535ms)
  AssertionError [ERR_ASSERTION]: Expected values to be strictly equal:
  + actual - expected
  
  + '항해 가족 수초 화분'
  - '수초 화분'
  
      at TestContext.<anonymous> (C:\my_play\poketmon_demo\tests\explore-interiors.test.ts:79:28)
      at Test.runInAsyncScope (node:async_hooks:227:14)
      at Test.run (node:internal/test_runner/test:1325:25)
      at Test.processPendingSubtests (node:internal/test_runner/test:911:18)
      at Test.postRun (node:internal/test_runner/test:1465:19)
      at Test.run (node:internal/test_runner/test:1390:12)
      at async Test.processPendingSubtests (node:internal/test_runner/test:911:7) {
    generatedMessage: true,
    code: 'ERR_ASSERTION',
    actual: '항해 가족 수초 화분',
    expected: '수초 화분',
    operator: 'strictEqual',
    diff: 'simple'
  }

test at tests\explore-interiors.test.ts:34:54
✖ room investigation and optional activity cancellation preserve progress: tour_vermilion_hall_2f (9.0748ms)
  AssertionError [ERR_ASSERTION]: Expected values to be strictly equal:
  + actual - expected
  
  + '하역 관찰 기록'
  - '하역 관찰 창'
           ^
  
      at TestContext.<anonymous> (C:\my_play\poketmon_demo\tests\explore-interiors.test.ts:79:28)
      at Test.runInAsyncScope (node:async_hooks:227:14)
      at Test.run (node:internal/test_runner/test:1325:25)
      at Test.processPendingSubtests (node:internal/test_runner/test:911:18)
      at Test.postRun (node:internal/test_runner/test:1465:19)
      at Test.run (node:internal/test_runner/test:1390:12)
      at async Test.processPendingSubtests (node:internal/test_runner/test:911:7) {
    generatedMessage: true,
    code: 'ERR_ASSERTION',
    actual: '하역 관찰 기록',
    expected: '하역 관찰 창',
    operator: 'strictEqual',
    diff: 'simple'
  }

test at tests\explore-interiors.test.ts:34:54
✖ room investigation and optional activity cancellation preserve progress: tour_vermilion_hall_3f (0.7259ms)
  AssertionError [ERR_ASSERTION]: Expected values to be strictly deep-equal:
  + actual - expected
  
    [
  +   '염분 섞인 바람에도 잘 자라는 식물과 포켓몬용 물그릇이 놓여 있다.',
  +   '함께 쉬는 동료가 없다.',
  +   '센터 PC에서 여행할 동료를 정한 뒤 다시 와 보자.'
  -   '바닷바람에 강한 식물 곁에\n포켓몬용 물그릇이 놓여 있다.'
    ]
  
      at TestContext.<anonymous> (C:\my_play\poketmon_demo\tests\explore-interiors.test.ts:79:69)
      at Test.runInAsyncScope (node:async_hooks:227:14)
      at Test.run (node:internal/test_runner/test:1325:25)
      at Test.processPendingSubtests (node:internal/test_runner/test:911:18)
      at Test.postRun (node:internal/test_runner/test:1465:19)
      at Test.run (node:internal/test_runner/test:1390:12)
      at async Test.processPendingSubtests (node:internal/test_runner/test:911:7) {
    generatedMessage: true,
    code: 'ERR_ASSERTION',
    actual: [ '염분 섞인 바람에도 잘 자라는 식물과 포켓몬용 물그릇이 놓여 있다.', '함께 쉬는 동료가 없다.', '센터 PC에서 여행할 동료를 정한 뒤 다시 와 보자.' ],
    expected: [ '바닷바람에 강한 식물 곁에\n포켓몬용 물그릇이 놓여 있다.' ],
    operator: 'deepStrictEqual',
    diff: 'simple'
  }

test at tests\explore-interiors.test.ts:34:54
✖ room investigation and optional activity cancellation preserve progress: tour_celadon_mart (2.9221ms)
  AssertionError [ERR_ASSERTION]: Expected values to be strictly equal:
  + actual - expected
  
  + '무지개 생활 기록'
  - '정원·도로 여행 진열대'
  
      at TestContext.<anonymous> (C:\my_play\poketmon_demo\tests\explore-interiors.test.ts:79:28)
      at Test.runInAsyncScope (node:async_hooks:227:14)
      at Test.run (node:internal/test_runner/test:1325:25)
      at Test.processPendingSubtests (node:internal/test_runner/test:911:18)
      at Test.postRun (node:internal/test_runner/test:1465:19)
      at Test.run (node:internal/test_runner/test:1390:12)
      at async Test.processPendingSubtests (node:internal/test_runner/test:911:7) {
    generatedMessage: true,
    code: 'ERR_ASSERTION',
    actual: '무지개 생활 기록',
    expected: '정원·도로 여행 진열대',
    operator: 'strictEqual',
    diff: 'simple'
  }

test at tests\explore-interiors.test.ts:34:54
✖ room investigation and optional activity cancellation preserve progress: tour_celadon_home1 (1.4908ms)
  AssertionError [ERR_ASSERTION]: Expected values to be strictly equal:
  + actual - expected
  
  + '무지개 생활 기록'
  - '꽃집 모종 기록대'
  
      at TestContext.<anonymous> (C:\my_play\poketmon_demo\tests\explore-interiors.test.ts:79:28)
      at Test.runInAsyncScope (node:async_hooks:227:14)
      at Test.run (node:internal/test_runner/test:1325:25)
      at Test.processPendingSubtests (node:internal/test_runner/test:911:18)
      at Test.postRun (node:internal/test_runner/test:1465:19)
      at Test.run (node:internal/test_runner/test:1390:12)
      at async Test.processPendingSubtests (node:internal/test_runner/test:911:7) {
    generatedMessage: true,
    code: 'ERR_ASSERTION',
    actual: '무지개 생활 기록',
    expected: '꽃집 모종 기록대',
    operator: 'strictEqual',
    diff: 'simple'
  }

test at tests\explore-interiors.test.ts:34:54
✖ room investigation and optional activity cancellation preserve progress: tour_celadon_home2 (1.262ms)
  AssertionError [ERR_ASSERTION]: Expected values to be strictly equal:
  + actual - expected
  
  + '무지개 생활 기록'
  - '백화점 가족 장보기표'
  
      at TestContext.<anonymous> (C:\my_play\poketmon_demo\tests\explore-interiors.test.ts:79:28)
      at Test.runInAsyncScope (node:async_hooks:227:14)
      at Test.run (node:internal/test_runner/test:1325:25)
      at Test.processPendingSubtests (node:internal/test_runner/test:911:18)
      at Test.postRun (node:internal/test_runner/test:1465:19)
      at Test.run (node:internal/test_runner/test:1390:12)
      at async Test.processPendingSubtests (node:internal/test_runner/test:911:7) {
    generatedMessage: true,
    code: 'ERR_ASSERTION',
    actual: '무지개 생활 기록',
    expected: '백화점 가족 장보기표',
    operator: 'strictEqual',
    diff: 'simple'
  }

test at tests\explore-interiors.test.ts:34:54
✖ room investigation and optional activity cancellation preserve progress: tour_celadon_hall_2f (1.0688ms)
  AssertionError [ERR_ASSERTION]: Expected values to be strictly equal:
  + actual - expected
  
  + '백화점 기술 역할층'
  - '기술 역할 비교대'
  
      at TestContext.<anonymous> (C:\my_play\poketmon_demo\tests\explore-interiors.test.ts:79:28)
      at Test.runInAsyncScope (node:async_hooks:227:14)
      at Test.run (node:internal/test_runner/test:1325:25)
      at Test.processPendingSubtests (node:internal/test_runner/test:911:18)
      at Test.postRun (node:internal/test_runner/test:1465:19)
      at Test.run (node:internal/test_runner/test:1390:12)
      at async Test.processPendingSubtests (node:internal/test_runner/test:911:7) {
    generatedMessage: true,
    code: 'ERR_ASSERTION',
    actual: '백화점 기술 역할층',
    expected: '기술 역할 비교대',
    operator: 'strictEqual',
    diff: 'simple'
  }

test at tests\explore-interiors.test.ts:34:54
✖ room investigation and optional activity cancellation preserve progress: tour_celadon_hall_3f (0.8241ms)
  AssertionError [ERR_ASSERTION]: Expected values to be strictly equal:
  + actual - expected
  
  + '백화점 정원 연구층'
  - '도시 화단 표본대'
  
      at TestContext.<anonymous> (C:\my_play\poketmon_demo\tests\explore-interiors.test.ts:79:28)
      at Test.runInAsyncScope (node:async_hooks:227:14)
      at Test.run (node:internal/test_runner/test:1325:25)
      at Test.processPendingSubtests (node:internal/test_runner/test:911:18)
      at Test.postRun (node:internal/test_runner/test:1465:19)
      at Test.run (node:internal/test_runner/test:1390:12)
      at async Test.processPendingSubtests (node:internal/test_runner/test:911:7) {
    generatedMessage: true,
    code: 'ERR_ASSERTION',
    actual: '백화점 정원 연구층',
    expected: '도시 화단 표본대',
    operator: 'strictEqual',
    diff: 'simple'
  }

test at tests\explore-interiors.test.ts:34:54
✖ room investigation and optional activity cancellation preserve progress: tour_saffron_mart (0.7082ms)
  AssertionError [ERR_ASSERTION]: Expected values to be strictly equal:
  + actual - expected
  
  + '노랑 생활 기록'
  - '도시·도로 여행 진열대'
  
      at TestContext.<anonymous> (C:\my_play\poketmon_demo\tests\explore-interiors.test.ts:79:28)
      at Test.runInAsyncScope (node:async_hooks:227:14)
      at Test.run (node:internal/test_runner/test:1325:25)
      at Test.processPendingSubtests (node:internal/test_runner/test:911:18)
      at Test.postRun (node:internal/test_runner/test:1465:19)
      at Test.run (node:internal/test_runner/test:1390:12)
      at async Test.processPendingSubtests (node:internal/test_runner/test:911:7) {
    generatedMessage: true,
    code: 'ERR_ASSERTION',
    actual: '노랑 생활 기록',
    expected: '도시·도로 여행 진열대',
    operator: 'strictEqual',
    diff: 'simple'
  }

test at tests\explore-interiors.test.ts:34:54
✖ room investigation and optional activity cancellation preserve progress: tour_saffron_home1 (0.9531ms)
  AssertionError [ERR_ASSERTION]: Expected values to be strictly equal:
  + actual - expected
  
  + '노랑 생활 기록'
  - '통근 가방 정리대'
  
      at TestContext.<anonymous> (C:\my_play\poketmon_demo\tests\explore-interiors.test.ts:79:28)
      at Test.runInAsyncScope (node:async_hooks:227:14)
      at Test.run (node:internal/test_runner/test:1325:25)
      at Test.processPendingSubtests (node:internal/test_runner/test:911:18)
      at Test.postRun (node:internal/test_runner/test:1465:19)
      at Test.run (node:internal/test_runner/test:1390:12)
      at async Test.processPendingSubtests (node:internal/test_runner/test:911:7) {
    generatedMessage: true,
    code: 'ERR_ASSERTION',
    actual: '노랑 생활 기록',
    expected: '통근 가방 정리대',
    operator: 'strictEqual',
    diff: 'simple'
  }

test at tests\explore-interiors.test.ts:34:54
✖ room investigation and optional activity cancellation preserve progress: tour_saffron_home1_2f (0.6757ms)
  AssertionError [ERR_ASSERTION]: Expected values to be strictly equal:
  + actual - expected
  
  + '노랑 생활 기록'
  - '무지개·보라 여행 사진책'
  
      at TestContext.<anonymous> (C:\my_play\poketmon_demo\tests\explore-interiors.test.ts:79:28)
      at Test.runInAsyncScope (node:async_hooks:227:14)
      at Test.run (node:internal/test_runner/test:1325:25)
      at Test.processPendingSubtests (node:internal/test_runner/test:911:18)
      at Test.postRun (node:internal/test_runner/test:1465:19)
      at Test.run (node:internal/test_runner/test:1390:12)
      at async Test.processPendingSubtests (node:internal/test_runner/test:911:7) {
    generatedMessage: true,
    code: 'ERR_ASSERTION',
    actual: '노랑 생활 기록',
    expected: '무지개·보라 여행 사진책',
    operator: 'strictEqual',
    diff: 'simple'
  }

test at tests\explore-interiors.test.ts:34:54
✖ room investigation and optional activity cancellation preserve progress: tour_saffron_home1_3f (0.6604ms)
  AssertionError [ERR_ASSERTION]: Expected values to be strictly equal:
  + actual - expected
  
  + '노랑 생활 기록'
  - '옥상빛 실내 화단'
  
      at TestContext.<anonymous> (C:\my_play\poketmon_demo\tests\explore-interiors.test.ts:79:28)
      at Test.runInAsyncScope (node:async_hooks:227:14)
      at Test.run (node:internal/test_runner/test:1325:25)
      at Test.processPendingSubtests (node:internal/test_runner/test:911:18)
      at Test.postRun (node:internal/test_runner/test:1465:19)
      at Test.run (node:internal/test_runner/test:1390:12)
      at async Test.processPendingSubtests (node:internal/test_runner/test:911:7) {
    generatedMessage: true,
    code: 'ERR_ASSERTION',
    actual: '노랑 생활 기록',
    expected: '옥상빛 실내 화단',
    operator: 'strictEqual',
    diff: 'simple'
  }

test at tests\explore-interiors.test.ts:34:54
✖ room investigation and optional activity cancellation preserve progress: tour_saffron_home2 (1.6114ms)
  AssertionError [ERR_ASSERTION]: Expected values to be strictly equal:
  + actual - expected
  
  + '노랑 생활 기록'
  - '공동 급수 관리표'
  
      at TestContext.<anonymous> (C:\my_play\poketmon_demo\tests\explore-interiors.test.ts:79:28)
      at Test.runInAsyncScope (node:async_hooks:227:14)
      at Test.run (node:internal/test_runner/test:1325:25)
      at Test.processPendingSubtests (node:internal/test_runner/test:911:18)
      at Test.postRun (node:internal/test_runner/test:1465:19)
      at Test.run (node:internal/test_runner/test:1390:12)
      at async Test.processPendingSubtests (node:internal/test_runner/test:911:7) {
    generatedMessage: true,
    code: 'ERR_ASSERTION',
    actual: '노랑 생활 기록',
    expected: '공동 급수 관리표',
    operator: 'strictEqual',
    diff: 'simple'
  }

test at tests\explore-interiors.test.ts:34:54
✖ room investigation and optional activity cancellation preserve progress: tour_saffron_home2_2f (0.7156ms)
  AssertionError [ERR_ASSERTION]: Expected values to be strictly equal:
  + actual - expected
  
  + '노랑 생활 기록'
  - '생활 장치 수선대'
  
      at TestContext.<anonymous> (C:\my_play\poketmon_demo\tests\explore-interiors.test.ts:79:28)
      at Test.runInAsyncScope (node:async_hooks:227:14)
      at Test.run (node:internal/test_runner/test:1325:25)
      at Test.processPendingSubtests (node:internal/test_runner/test:911:18)
      at Test.postRun (node:internal/test_runner/test:1465:19)
      at Test.run (node:internal/test_runner/test:1390:12)
      at async Test.processPendingSubtests (node:internal/test_runner/test:911:7) {
    generatedMessage: true,
    code: 'ERR_ASSERTION',
    actual: '노랑 생활 기록',
    expected: '생활 장치 수선대',
    operator: 'strictEqual',
    diff: 'simple'
  }

test at tests\explore-interiors.test.ts:34:54
✖ room investigation and optional activity cancellation preserve progress: tour_saffron_home2_3f (4.08ms)
  AssertionError [ERR_ASSERTION]: Expected values to be strictly equal:
  + actual - expected
  
  + '노랑 생활 기록'
  - '이웃 공동 화분'
  
      at TestContext.<anonymous> (C:\my_play\poketmon_demo\tests\explore-interiors.test.ts:79:28)
      at Test.runInAsyncScope (node:async_hooks:227:14)
      at Test.run (node:internal/test_runner/test:1325:25)
      at Test.processPendingSubtests (node:internal/test_runner/test:911:18)
      at Test.postRun (node:internal/test_runner/test:1465:19)
      at Test.run (node:internal/test_runner/test:1390:12)
      at async Test.processPendingSubtests (node:internal/test_runner/test:911:7) {
    generatedMessage: true,
    code: 'ERR_ASSERTION',
    actual: '노랑 생활 기록',
    expected: '이웃 공동 화분',
    operator: 'strictEqual',
    diff: 'simple'
  }

test at tests\explore-interiors.test.ts:34:54
✖ room investigation and optional activity cancellation preserve progress: tour_saffron_home3 (2.0713ms)
  AssertionError [ERR_ASSERTION]: Expected values to be strictly equal:
  + actual - expected
  
  + '성도행 열차 안내'
  - '금빛역 왕복 시간표'
  
      at TestContext.<anonymous> (C:\my_play\poketmon_demo\tests\explore-interiors.test.ts:79:28)
      at Test.runInAsyncScope (node:async_hooks:227:14)
      at Test.run (node:internal/test_runner/test:1325:25)
      at Test.processPendingSubtests (node:internal/test_runner/test:911:18)
      at Test.postRun (node:internal/test_runner/test:1465:19)
      at Test.run (node:internal/test_runner/test:1390:12)
      at async Test.processPendingSubtests (node:internal/test_runner/test:911:7) {
    generatedMessage: true,
    code: 'ERR_ASSERTION',
    actual: '성도행 열차 안내',
    expected: '금빛역 왕복 시간표',
    operator: 'strictEqual',
    diff: 'simple'
  }

test at tests\explore-interiors.test.ts:34:54
✖ room investigation and optional activity cancellation preserve progress: tour_saffron_home3_2f (1.1875ms)
  AssertionError [ERR_ASSERTION]: Expected values to be strictly equal:
  + actual - expected
  
  + '노랑 생활 기록'
  - '관동·성도 생활 교류책'
  
      at TestContext.<anonymous> (C:\my_play\poketmon_demo\tests\explore-interiors.test.ts:79:28)
      at Test.runInAsyncScope (node:async_hooks:227:14)
      at Test.run (node:internal/test_runner/test:1325:25)
      at Test.processPendingSubtests (node:internal/test_runner/test:911:18)
      at Test.postRun (node:internal/test_runner/test:1465:19)
      at Test.run (node:internal/test_runner/test:1390:12)
      at async Test.processPendingSubtests (node:internal/test_runner/test:911:7) {
    generatedMessage: true,
    code: 'ERR_ASSERTION',
    actual: '노랑 생활 기록',
    expected: '관동·성도 생활 교류책',
    operator: 'strictEqual',
    diff: 'simple'
  }

test at tests\explore-interiors.test.ts:34:54
✖ room investigation and optional activity cancellation preserve progress: tour_saffron_home3_3f (2.8469ms)
  AssertionError [ERR_ASSERTION]: Expected values to be strictly equal:
  + actual - expected
  
  + '노랑 생활 기록'
  - '열차 창가 화분'
  
      at TestContext.<anonymous> (C:\my_play\poketmon_demo\tests\explore-interiors.test.ts:79:28)
      at Test.runInAsyncScope (node:async_hooks:227:14)
      at Test.run (node:internal/test_runner/test:1325:25)
      at Test.processPendingSubtests (node:internal/test_runner/test:911:18)
      at Test.postRun (node:internal/test_runner/test:1465:19)
      at Test.run (node:internal/test_runner/test:1390:12)
      at async Test.processPendingSubtests (node:internal/test_runner/test:911:7) {
    generatedMessage: true,
    code: 'ERR_ASSERTION',
    actual: '노랑 생활 기록',
    expected: '열차 창가 화분',
    operator: 'strictEqual',
    diff: 'simple'
  }

test at tests\explore-interiors.test.ts:34:54
✖ room investigation and optional activity cancellation preserve progress: tour_saffron_hall_2f (5.0848ms)
  AssertionError [ERR_ASSERTION]: Expected values to be strictly equal:
  + actual - expected
  
  + '실프 공개 견학'
  - '장치 안전 시험대'
  
      at TestContext.<anonymous> (C:\my_play\poketmon_demo\tests\explore-interiors.test.ts:79:28)
      at Test.runInAsyncScope (node:async_hooks:227:14)
      at Test.run (node:internal/test_runner/test:1325:25)
      at Test.processPendingSubtests (node:internal/test_runner/test:911:18)
      at Test.postRun (node:internal/test_runner/test:1465:19)
      at Test.run (node:internal/test_runner/test:1390:12)
      at async Test.processPendingSubtests (node:internal/test_runner/test:911:7) {
    generatedMessage: true,
    code: 'ERR_ASSERTION',
    actual: '실프 공개 견학',
    expected: '장치 안전 시험대',
    operator: 'strictEqual',
    diff: 'simple'
  }

test at tests\explore-interiors.test.ts:34:54
✖ room investigation and optional activity cancellation preserve progress: tour_saffron_hall_3f (0.8487ms)
  AssertionError [ERR_ASSERTION]: Expected values to be strictly equal:
  + actual - expected
  
  + '실프 공개 견학'
  - '도시 생활 기술 모형'
  
      at TestContext.<anonymous> (C:\my_play\poketmon_demo\tests\explore-interiors.test.ts:79:28)
      at Test.runInAsyncScope (node:async_hooks:227:14)
      at Test.run (node:internal/test_runner/test:1325:25)
      at Test.processPendingSubtests (node:internal/test_runner/test:911:18)
      at Test.postRun (node:internal/test_runner/test:1465:19)
      at Test.run (node:internal/test_runner/test:1390:12)
      at async Test.processPendingSubtests (node:internal/test_runner/test:911:7) {
    generatedMessage: true,
    code: 'ERR_ASSERTION',
    actual: '실프 공개 견학',
    expected: '도시 생활 기술 모형',
    operator: 'strictEqual',
    diff: 'simple'
  }

test at tests\explore-interiors.test.ts:34:54
✖ room investigation and optional activity cancellation preserve progress: tour_lavender_mart (3.7001ms)
  AssertionError [ERR_ASSERTION]: Expected values to be strictly equal:
  + actual - expected
  
  + '보라 여행 보급 안내'
  - '동굴 여행용품 진열대'
  
      at TestContext.<anonymous> (C:\my_play\poketmon_demo\tests\explore-interiors.test.ts:79:28)
      at Test.runInAsyncScope (node:async_hooks:227:14)
      at Test.run (node:internal/test_runner/test:1325:25)
      at Test.processPendingSubtests (node:internal/test_runner/test:911:18)
      at Test.postRun (node:internal/test_runner/test:1465:19)
      at Test.run (node:internal/test_runner/test:1390:12)
      at async Test.processPendingSubtests (node:internal/test_runner/test:911:7) {
    generatedMessage: true,
    code: 'ERR_ASSERTION',
    actual: '보라 여행 보급 안내',
    expected: '동굴 여행용품 진열대',
    operator: 'strictEqual',
    diff: 'simple'
  }

test at tests\explore-interiors.test.ts:34:54
✖ room investigation and optional activity cancellation preserve progress: tour_lavender_home1 (7.2445ms)
  AssertionError [ERR_ASSERTION]: Expected values to be strictly equal:
  + actual - expected
  
  + '꽃정원과 동행 기록'
  - '꽃정원 손질 도구대'
        ^
  
      at TestContext.<anonymous> (C:\my_play\poketmon_demo\tests\explore-interiors.test.ts:79:28)
      at Test.runInAsyncScope (node:async_hooks:227:14)
      at Test.run (node:internal/test_runner/test:1325:25)
      at Test.processPendingSubtests (node:internal/test_runner/test:911:18)
      at Test.postRun (node:internal/test_runner/test:1465:19)
      at Test.run (node:internal/test_runner/test:1390:12)
      at async Test.processPendingSubtests (node:internal/test_runner/test:911:7) {
    generatedMessage: true,
    code: 'ERR_ASSERTION',
    actual: '꽃정원과 동행 기록',
    expected: '꽃정원 손질 도구대',
    operator: 'strictEqual',
    diff: 'simple'
  }

test at tests\explore-interiors.test.ts:34:54
✖ room investigation and optional activity cancellation preserve progress: tour_lavender_home2 (0.9068ms)
  AssertionError [ERR_ASSERTION]: Expected values to be strictly equal:
  + actual - expected
  
  + '가족과 동료 돌봄'
  - '마을 물그릇 돌봄표'
  
      at TestContext.<anonymous> (C:\my_play\poketmon_demo\tests\explore-interiors.test.ts:79:28)
      at Test.runInAsyncScope (node:async_hooks:227:14)
      at Test.run (node:internal/test_runner/test:1325:25)
      at Test.processPendingSubtests (node:internal/test_runner/test:911:18)
      at Test.postRun (node:internal/test_runner/test:1465:19)
      at Test.run (node:internal/test_runner/test:1390:12)
      at async Test.processPendingSubtests (node:internal/test_runner/test:911:7) {
    generatedMessage: true,
    code: 'ERR_ASSERTION',
    actual: '가족과 동료 돌봄',
    expected: '마을 물그릇 돌봄표',
    operator: 'strictEqual',
    diff: 'simple'
  }

test at tests\explore-interiors.test.ts:34:54
✖ room investigation and optional activity cancellation preserve progress: tour_lavender_hall_2f (1.129ms)
  AssertionError [ERR_ASSERTION]: Expected values to be strictly equal:
  + actual - expected
  
  + '포켓몬 돌봄 기록'
  - '포켓몬 돌봄 기록장'
              ^
  
      at TestContext.<anonymous> (C:\my_play\poketmon_demo\tests\explore-interiors.test.ts:79:28)
      at Test.runInAsyncScope (node:async_hooks:227:14)
      at Test.run (node:internal/test_runner/test:1325:25)
      at Test.processPendingSubtests (node:internal/test_runner/test:911:18)
      at Test.postRun (node:internal/test_runner/test:1465:19)
      at Test.run (node:internal/test_runner/test:1390:12)
      at async Test.processPendingSubtests (node:internal/test_runner/test:911:7) {
    generatedMessage: true,
    code: 'ERR_ASSERTION',
    actual: '포켓몬 돌봄 기록',
    expected: '포켓몬 돌봄 기록장',
    operator: 'strictEqual',
    diff: 'simple'
  }

test at tests\explore-interiors.test.ts:34:54
✖ room investigation and optional activity cancellation preserve progress: tour_lavender_hall_3f (0.752ms)
  AssertionError [ERR_ASSERTION]: Expected values to be strictly equal:
  + actual - expected
  
  + undefined
  - '바람을 알리는 작은 종'
  
      at TestContext.<anonymous> (C:\my_play\poketmon_demo\tests\explore-interiors.test.ts:79:28)
      at Test.runInAsyncScope (node:async_hooks:227:14)
      at Test.run (node:internal/test_runner/test:1325:25)
      at Test.processPendingSubtests (node:internal/test_runner/test:911:18)
      at Test.postRun (node:internal/test_runner/test:1465:19)
      at Test.run (node:internal/test_runner/test:1390:12)
      at async Test.processPendingSubtests (node:internal/test_runner/test:911:7) {
    generatedMessage: true,
    code: 'ERR_ASSERTION',
    actual: undefined,
    expected: '바람을 알리는 작은 종',
    operator: 'strictEqual',
    diff: 'simple'
  }

test at tests\explore-interiors.test.ts:34:54
✖ room investigation and optional activity cancellation preserve progress: tour_fuchsia_mart (1.5459ms)
  AssertionError [ERR_ASSERTION]: Expected values to be strictly equal:
  + actual - expected
  
  + undefined
  - '습지 여행 보급 진열'
  
      at TestContext.<anonymous> (C:\my_play\poketmon_demo\tests\explore-interiors.test.ts:79:28)
      at Test.runInAsyncScope (node:async_hooks:227:14)
      at Test.run (node:internal/test_runner/test:1325:25)
      at Test.processPendingSubtests (node:internal/test_runner/test:911:18)
      at Test.postRun (node:internal/test_runner/test:1465:19)
      at Test.run (node:internal/test_runner/test:1390:12)
      at async Test.processPendingSubtests (node:internal/test_runner/test:911:7) {
    generatedMessage: true,
    code: 'ERR_ASSERTION',
    actual: undefined,
    expected: '습지 여행 보급 진열',
    operator: 'strictEqual',
    diff: 'simple'
  }

test at tests\explore-interiors.test.ts:34:54
✖ room investigation and optional activity cancellation preserve progress: tour_fuchsia_home1 (0.856ms)
  AssertionError [ERR_ASSERTION]: Expected values to be strictly equal:
  + actual - expected
  
  + undefined
  - '먹이 그릇 세척대'
  
      at TestContext.<anonymous> (C:\my_play\poketmon_demo\tests\explore-interiors.test.ts:79:28)
      at Test.runInAsyncScope (node:async_hooks:227:14)
      at Test.run (node:internal/test_runner/test:1325:25)
      at Test.processPendingSubtests (node:internal/test_runner/test:911:18)
      at Test.postRun (node:internal/test_runner/test:1465:19)
      at Test.run (node:internal/test_runner/test:1390:12)
      at async Test.processPendingSubtests (node:internal/test_runner/test:911:7) {
    generatedMessage: true,
    code: 'ERR_ASSERTION',
    actual: undefined,
    expected: '먹이 그릇 세척대',
    operator: 'strictEqual',
    diff: 'simple'
  }

test at tests\explore-interiors.test.ts:34:54
✖ room investigation and optional activity cancellation preserve progress: tour_fuchsia_home2 (3.1125ms)
  AssertionError [ERR_ASSERTION]: Expected values to be strictly equal:
  + actual - expected
  
  + undefined
  - '보호숲 순찰표'
  
      at TestContext.<anonymous> (C:\my_play\poketmon_demo\tests\explore-interiors.test.ts:79:28)
      at Test.runInAsyncScope (node:async_hooks:227:14)
      at Test.run (node:internal/test_runner/test:1325:25)
      at Test.processPendingSubtests (node:internal/test_runner/test:911:18)
      at Test.postRun (node:internal/test_runner/test:1465:19)
      at Test.run (node:internal/test_runner/test:1390:12)
      at async Test.processPendingSubtests (node:internal/test_runner/test:911:7) {
    generatedMessage: true,
    code: 'ERR_ASSERTION',
    actual: undefined,
    expected: '보호숲 순찰표',
    operator: 'strictEqual',
    diff: 'simple'
  }

test at tests\explore-interiors.test.ts:34:54
✖ room investigation and optional activity cancellation preserve progress: tour_cinnabar_home1 (0.5849ms)
  AssertionError [ERR_ASSERTION]: Expected values to be strictly equal:
  + actual - expected
  
  + '동료를 돌보는 주민'
  - '함께 쓰는 식탁'
  
      at TestContext.<anonymous> (C:\my_play\poketmon_demo\tests\explore-interiors.test.ts:79:28)
      at Test.runInAsyncScope (node:async_hooks:227:14)
      at Test.run (node:internal/test_runner/test:1325:25)
      at Test.processPendingSubtests (node:internal/test_runner/test:911:18)
      at Test.postRun (node:internal/test_runner/test:1465:19)
      at Test.run (node:internal/test_runner/test:1390:12)
      at async Test.processPendingSubtests (node:internal/test_runner/test:911:7) {
    generatedMessage: true,
    code: 'ERR_ASSERTION',
    actual: '동료를 돌보는 주민',
    expected: '함께 쓰는 식탁',
    operator: 'strictEqual',
    diff: 'simple'
  }

test at tests\explore-interiors.test.ts:34:54
✖ room investigation and optional activity cancellation preserve progress: tour_cinnabar_home2 (1.349ms)
  AssertionError [ERR_ASSERTION]: Expected values to be strictly equal:
  + actual - expected
  
  + '여행 준비를 하는 주민'
  - '가방 수선대'
  
      at TestContext.<anonymous> (C:\my_play\poketmon_demo\tests\explore-interiors.test.ts:79:28)
      at Test.runInAsyncScope (node:async_hooks:227:14)
      at Test.run (node:internal/test_runner/test:1325:25)
      at Test.processPendingSubtests (node:internal/test_runner/test:911:18)
      at Test.postRun (node:internal/test_runner/test:1465:19)
      at Test.run (node:internal/test_runner/test:1390:12)
      at async Test.processPendingSubtests (node:internal/test_runner/test:911:7) {
    generatedMessage: true,
    code: 'ERR_ASSERTION',
    actual: '여행 준비를 하는 주민',
    expected: '가방 수선대',
    operator: 'strictEqual',
    diff: 'simple'
  }

test at tests\explore-interiors.test.ts:34:54
✖ room investigation and optional activity cancellation preserve progress: tour_goldenrod_mart (9.6311ms)
  AssertionError [ERR_ASSERTION]: Expected values to be strictly equal:
  + actual - expected
  
  + undefined
  - '시장 도시락 진열대'
  
      at TestContext.<anonymous> (C:\my_play\poketmon_demo\tests\explore-interiors.test.ts:79:28)
      at Test.runInAsyncScope (node:async_hooks:227:14)
      at Test.run (node:internal/test_runner/test:1325:25)
      at Test.processPendingSubtests (node:internal/test_runner/test:911:18)
      at Test.postRun (node:internal/test_runner/test:1465:19)
      at Test.run (node:internal/test_runner/test:1390:12)
      at async Test.processPendingSubtests (node:internal/test_runner/test:911:7) {
    generatedMessage: true,
    code: 'ERR_ASSERTION',
    actual: undefined,
    expected: '시장 도시락 진열대',
    operator: 'strictEqual',
    diff: 'simple'
  }

test at tests\explore-interiors.test.ts:34:54
✖ room investigation and optional activity cancellation preserve progress: tour_goldenrod_home1 (17.4154ms)
  AssertionError [ERR_ASSERTION]: Expected values to be strictly equal:
  + actual - expected
  
  + undefined
  - '동료 식사 뒤 쉼터'
  
      at TestContext.<anonymous> (C:\my_play\poketmon_demo\tests\explore-interiors.test.ts:79:28)
      at Test.runInAsyncScope (node:async_hooks:227:14)
      at Test.run (node:internal/test_runner/test:1325:25)
      at Test.processPendingSubtests (node:internal/test_runner/test:911:18)
      at Test.postRun (node:internal/test_runner/test:1465:19)
      at Test.run (node:internal/test_runner/test:1390:12)
      at async Test.processPendingSubtests (node:internal/test_runner/test:911:7) {
    generatedMessage: true,
    code: 'ERR_ASSERTION',
    actual: undefined,
    expected: '동료 식사 뒤 쉼터',
    operator: 'strictEqual',
    diff: 'simple'
  }

test at tests\explore-interiors.test.ts:34:54
✖ room investigation and optional activity cancellation preserve progress: tour_goldenrod_home1_2f (0.9407ms)
  AssertionError [ERR_ASSERTION]: Expected values to be strictly equal:
  + actual - expected
  
  + undefined
  - '동료 건강 기록장'
  
      at TestContext.<anonymous> (C:\my_play\poketmon_demo\tests\explore-interiors.test.ts:79:28)
      at Test.runInAsyncScope (node:async_hooks:227:14)
      at Test.run (node:internal/test_runner/test:1325:25)
      at Test.processPendingSubtests (node:internal/test_runner/test:911:18)
      at Test.postRun (node:internal/test_runner/test:1465:19)
      at Test.run (node:internal/test_runner/test:1390:12)
      at async Test.processPendingSubtests (node:internal/test_runner/test:911:7) {
    generatedMessage: true,
    code: 'ERR_ASSERTION',
    actual: undefined,
    expected: '동료 건강 기록장',
    operator: 'strictEqual',
    diff: 'simple'
  }

test at tests\explore-interiors.test.ts:34:54
✖ room investigation and optional activity cancellation preserve progress: tour_goldenrod_home1_3f (1.3191ms)
  AssertionError [ERR_ASSERTION]: Expected values to be strictly equal:
  + actual - expected
  
  + undefined
  - '공동 낮잠 자리'
  
      at TestContext.<anonymous> (C:\my_play\poketmon_demo\tests\explore-interiors.test.ts:79:28)
      at Test.runInAsyncScope (node:async_hooks:227:14)
      at Test.run (node:internal/test_runner/test:1325:25)
      at Test.processPendingSubtests (node:internal/test_runner/test:911:18)
      at Test.postRun (node:internal/test_runner/test:1465:19)
      at Test.run (node:internal/test_runner/test:1390:12)
      at async Test.processPendingSubtests (node:internal/test_runner/test:911:7) {
    generatedMessage: true,
    code: 'ERR_ASSERTION',
    actual: undefined,
    expected: '공동 낮잠 자리',
    operator: 'strictEqual',
    diff: 'simple'
  }

test at tests\explore-interiors.test.ts:34:54
✖ room investigation and optional activity cancellation preserve progress: tour_goldenrod_home2 (3.2277ms)
  AssertionError [ERR_ASSERTION]: Expected values to be strictly equal:
  + actual - expected
  
  + undefined
  - '볼 주머니 수선대'
  
      at TestContext.<anonymous> (C:\my_play\poketmon_demo\tests\explore-interiors.test.ts:79:28)
      at Test.runInAsyncScope (node:async_hooks:227:14)
      at Test.run (node:internal/test_runner/test:1325:25)
      at Test.processPendingSubtests (node:internal/test_runner/test:911:18)
      at Test.postRun (node:internal/test_runner/test:1465:19)
      at Test.run (node:internal/test_runner/test:1390:12)
      at async Test.processPendingSubtests (node:internal/test_runner/test:911:7) {
    generatedMessage: true,
    code: 'ERR_ASSERTION',
    actual: undefined,
    expected: '볼 주머니 수선대',
    operator: 'strictEqual',
    diff: 'simple'
  }

test at tests\explore-interiors.test.ts:34:54
✖ room investigation and optional activity cancellation preserve progress: tour_goldenrod_home2_2f (3.8465ms)
  AssertionError [ERR_ASSERTION]: Expected values to be strictly equal:
  + actual - expected
  
  + undefined
  - '34번도로 굽이 지도'
  
      at TestContext.<anonymous> (C:\my_play\poketmon_demo\tests\explore-interiors.test.ts:79:28)
      at Test.runInAsyncScope (node:async_hooks:227:14)
      at Test.run (node:internal/test_runner/test:1325:25)
      at Test.processPendingSubtests (node:internal/test_runner/test:911:18)
      at Test.postRun (node:internal/test_runner/test:1465:19)
      at Test.run (node:internal/test_runner/test:1390:12)
      at async Test.processPendingSubtests (node:internal/test_runner/test:911:7) {
    generatedMessage: true,
    code: 'ERR_ASSERTION',
    actual: undefined,
    expected: '34번도로 굽이 지도',
    operator: 'strictEqual',
    diff: 'simple'
  }

test at tests\explore-interiors.test.ts:34:54
✖ room investigation and optional activity cancellation preserve progress: tour_goldenrod_home2_3f (0.7474ms)
  AssertionError [ERR_ASSERTION]: Expected values to be strictly equal:
  + actual - expected
  
  + undefined
  - '여행 장비 건조대'
  
      at TestContext.<anonymous> (C:\my_play\poketmon_demo\tests\explore-interiors.test.ts:79:28)
      at Test.runInAsyncScope (node:async_hooks:227:14)
      at Test.run (node:internal/test_runner/test:1325:25)
      at Test.processPendingSubtests (node:internal/test_runner/test:911:18)
      at Test.postRun (node:internal/test_runner/test:1465:19)
      at Test.run (node:internal/test_runner/test:1390:12)
      at async Test.processPendingSubtests (node:internal/test_runner/test:911:7) {
    generatedMessage: true,
    code: 'ERR_ASSERTION',
    actual: undefined,
    expected: '여행 장비 건조대',
    operator: 'strictEqual',
    diff: 'simple'
  }

test at tests\explore-interiors.test.ts:34:54
✖ room investigation and optional activity cancellation preserve progress: tour_goldenrod_home3 (2.7933ms)
  AssertionError [ERR_ASSERTION]: Expected values to be strictly equal:
  + actual - expected
  
  + undefined
  - '가족용 라디오'
  
      at TestContext.<anonymous> (C:\my_play\poketmon_demo\tests\explore-interiors.test.ts:79:28)
      at Test.runInAsyncScope (node:async_hooks:227:14)
      at Test.run (node:internal/test_runner/test:1325:25)
      at Test.processPendingSubtests (node:internal/test_runner/test:911:18)
      at Test.postRun (node:internal/test_runner/test:1465:19)
      at Test.run (node:internal/test_runner/test:1390:12)
      at async Test.processPendingSubtests (node:internal/test_runner/test:911:7) {
    generatedMessage: true,
    code: 'ERR_ASSERTION',
    actual: undefined,
    expected: '가족용 라디오',
    operator: 'strictEqual',
    diff: 'simple'
  }

test at tests\explore-interiors.test.ts:34:54
✖ room investigation and optional activity cancellation preserve progress: tour_goldenrod_home3_2f (1.7595ms)
  AssertionError [ERR_ASSERTION]: Expected values to be strictly equal:
  + actual - expected
  
  + undefined
  - '주간 방송표'
  
      at TestContext.<anonymous> (C:\my_play\poketmon_demo\tests\explore-interiors.test.ts:79:28)
      at Test.runInAsyncScope (node:async_hooks:227:14)
      at Test.run (node:internal/test_runner/test:1325:25)
      at Test.processPendingSubtests (node:internal/test_runner/test:911:18)
      at Test.postRun (node:internal/test_runner/test:1465:19)
      at Test.run (node:internal/test_runner/test:1390:12)
      at async Test.processPendingSubtests (node:internal/test_runner/test:911:7) {
    generatedMessage: true,
    code: 'ERR_ASSERTION',
    actual: undefined,
    expected: '주간 방송표',
    operator: 'strictEqual',
    diff: 'simple'
  }

test at tests\explore-interiors.test.ts:34:54
✖ room investigation and optional activity cancellation preserve progress: tour_goldenrod_home3_3f (0.6451ms)
  AssertionError [ERR_ASSERTION]: Expected values to be strictly equal:
  + actual - expected
  
  + undefined
  - '옥상 안테나 조절기'
  
      at TestContext.<anonymous> (C:\my_play\poketmon_demo\tests\explore-interiors.test.ts:79:28)
      at Test.runInAsyncScope (node:async_hooks:227:14)
      at Test.run (node:internal/test_runner/test:1325:25)
      at Test.processPendingSubtests (node:internal/test_runner/test:911:18)
      at Test.postRun (node:internal/test_runner/test:1465:19)
      at Test.run (node:internal/test_runner/test:1390:12)
      at async Test.processPendingSubtests (node:internal/test_runner/test:911:7) {
    generatedMessage: true,
    code: 'ERR_ASSERTION',
    actual: undefined,
    expected: '옥상 안테나 조절기',
    operator: 'strictEqual',
    diff: 'simple'
  }

test at tests\explore-interiors.test.ts:34:54
✖ room investigation and optional activity cancellation preserve progress: tour_goldenrod_hall_2f (4.6018ms)
  AssertionError [ERR_ASSERTION]: Expected values to be strictly equal:
  + actual - expected
  
  + undefined
  - '휴대 녹음기 정비대'
  
      at TestContext.<anonymous> (C:\my_play\poketmon_demo\tests\explore-interiors.test.ts:79:28)
      at Test.runInAsyncScope (node:async_hooks:227:14)
      at Test.run (node:internal/test_runner/test:1325:25)
      at Test.processPendingSubtests (node:internal/test_runner/test:911:18)
      at Test.postRun (node:internal/test_runner/test:1465:19)
      at Test.run (node:internal/test_runner/test:1390:12)
      at async Test.processPendingSubtests (node:internal/test_runner/test:911:7) {
    generatedMessage: true,
    code: 'ERR_ASSERTION',
    actual: undefined,
    expected: '휴대 녹음기 정비대',
    operator: 'strictEqual',
    diff: 'simple'
  }

test at tests\explore-interiors.test.ts:34:54
✖ room investigation and optional activity cancellation preserve progress: tour_goldenrod_hall_3f (1.0882ms)
  AssertionError [ERR_ASSERTION]: Expected values to be strictly equal:
  + actual - expected
  
  + undefined
  - '방송 수신 확인대'
  
      at TestContext.<anonymous> (C:\my_play\poketmon_demo\tests\explore-interiors.test.ts:79:28)
      at Test.runInAsyncScope (node:async_hooks:227:14)
      at Test.run (node:internal/test_runner/test:1325:25)
      at Test.processPendingSubtests (node:internal/test_runner/test:911:18)
      at Test.postRun (node:internal/test_runner/test:1465:19)
      at Test.run (node:internal/test_runner/test:1390:12)
      at async Test.processPendingSubtests (node:internal/test_runner/test:911:7) {
    generatedMessage: true,
    code: 'ERR_ASSERTION',
    actual: undefined,
    expected: '방송 수신 확인대',
    operator: 'strictEqual',
    diff: 'simple'
  }

test at tests\explore-interiors.test.ts:34:54
✖ room investigation and optional activity cancellation preserve progress: tour_violet_mart (0.676ms)
  AssertionError [ERR_ASSERTION]: Expected values to be strictly equal:
  + actual - expected
  
  + '도라지 여행 보급 안내'
  - '탑 수련 준비 진열대'
  
      at TestContext.<anonymous> (C:\my_play\poketmon_demo\tests\explore-interiors.test.ts:79:28)
      at Test.runInAsyncScope (node:async_hooks:227:14)
      at Test.run (node:internal/test_runner/test:1325:25)
      at Test.processPendingSubtests (node:internal/test_runner/test:911:18)
      at Test.postRun (node:internal/test_runner/test:1465:19)
      at Test.run (node:internal/test_runner/test:1390:12)
      at async Test.processPendingSubtests (node:internal/test_runner/test:911:7) {
    generatedMessage: true,
    code: 'ERR_ASSERTION',
    actual: '도라지 여행 보급 안내',
    expected: '탑 수련 준비 진열대',
    operator: 'strictEqual',
    diff: 'simple'
  }

test at tests\explore-interiors.test.ts:34:54
✖ room investigation and optional activity cancellation preserve progress: tour_violet_home1 (0.9035ms)
  AssertionError [ERR_ASSERTION]: Expected values to be strictly equal:
  + actual - expected
  
  + '탑 마루 생활 기록'
  - '탑 마루 손질 도구대'
          ^
  
      at TestContext.<anonymous> (C:\my_play\poketmon_demo\tests\explore-interiors.test.ts:79:28)
      at Test.runInAsyncScope (node:async_hooks:227:14)
      at Test.run (node:internal/test_runner/test:1325:25)
      at Test.processPendingSubtests (node:internal/test_runner/test:911:18)
      at Test.postRun (node:internal/test_runner/test:1465:19)
      at Test.run (node:internal/test_runner/test:1390:12)
      at async Test.processPendingSubtests (node:internal/test_runner/test:911:7) {
    generatedMessage: true,
    code: 'ERR_ASSERTION',
    actual: '탑 마루 생활 기록',
    expected: '탑 마루 손질 도구대',
    operator: 'strictEqual',
    diff: 'simple'
  }

test at tests\explore-interiors.test.ts:34:54
✖ room investigation and optional activity cancellation preserve progress: tour_violet_home2 (0.7727ms)
  AssertionError [ERR_ASSERTION]: Expected values to be strictly equal:
  + actual - expected
  
  + '새 포켓몬 돌봄 기록'
  - '물그릇 돌봄표'
  
      at TestContext.<anonymous> (C:\my_play\poketmon_demo\tests\explore-interiors.test.ts:79:28)
      at Test.runInAsyncScope (node:async_hooks:227:14)
      at Test.run (node:internal/test_runner/test:1325:25)
      at Test.processPendingSubtests (node:internal/test_runner/test:911:18)
      at Test.postRun (node:internal/test_runner/test:1465:19)
      at Test.run (node:internal/test_runner/test:1390:12)
      at async Test.processPendingSubtests (node:internal/test_runner/test:911:7) {
    generatedMessage: true,
    code: 'ERR_ASSERTION',
    actual: '새 포켓몬 돌봄 기록',
    expected: '물그릇 돌봄표',
    operator: 'strictEqual',
    diff: 'simple'
  }

test at tests\explore-interiors.test.ts:34:54
✖ room investigation and optional activity cancellation preserve progress: tour_violet_hall_2f (0.7036ms)
  AssertionError [ERR_ASSERTION]: Expected values to be strictly deep-equal:
  + actual - expected
  
    [
  +   '1층 첫걸음 기록과 함께 수련할 건강한 동료를 확인할 수 없다.',
  +   '1층으로 돌아가 동료를 고르거나 센터에서 회복하자. 위층 이동은 막히지 않는다.'
  -   '가느다란 나무 기둥과 바닥의 발 모양 표식이 한 줄로 놓였다.\n서두르지 않고 중심을 옮기는 수련용이다.'
    ]
  
      at TestContext.<anonymous> (C:\my_play\poketmon_demo\tests\explore-interiors.test.ts:79:69)
      at Test.runInAsyncScope (node:async_hooks:227:14)
      at Test.run (node:internal/test_runner/test:1325:25)
      at Test.processPendingSubtests (node:internal/test_runner/test:911:18)
      at Test.postRun (node:internal/test_runner/test:1465:19)
      at Test.run (node:internal/test_runner/test:1390:12)
      at async Test.processPendingSubtests (node:internal/test_runner/test:911:7) {
    generatedMessage: true,
    code: 'ERR_ASSERTION',
    actual: [ '1층 첫걸음 기록과 함께 수련할 건강한 동료를 확인할 수 없다.', '1층으로 돌아가 동료를 고르거나 센터에서 회복하자. 위층 이동은 막히지 않는다.' ],
    expected: [ '가느다란 나무 기둥과 바닥의 발 모양 표식이 한 줄로 놓였다.\n서두르지 않고 중심을 옮기는 수련용이다.' ],
    operator: 'deepStrictEqual',
    diff: 'simple'
  }

test at tests\explore-interiors.test.ts:34:54
✖ room investigation and optional activity cancellation preserve progress: tour_violet_hall_3f (0.6141ms)
  AssertionError [ERR_ASSERTION]: Expected values to be strictly deep-equal:
  + actual - expected
  
    [
  +   '바람에 맞춰 종이 천천히 울린다.',
  +   '1층 첫걸음과 2층 균형 수련을 하지 않아도 전망과 계단은 이용할 수 있다.'
  -   '창으로 들어오는 바람이 약한 종을 울려 들숨과 날숨의 길이를 알려 준다.\n사건이나 특별한 만남의 신호는 아니다.'
    ]
  
      at TestContext.<anonymous> (C:\my_play\poketmon_demo\tests\explore-interiors.test.ts:79:69)
      at Test.runInAsyncScope (node:async_hooks:227:14)
      at Test.run (node:internal/test_runner/test:1325:25)
      at Test.processPendingSubtests (node:internal/test_runner/test:911:18)
      at Test.postRun (node:internal/test_runner/test:1465:19)
      at Test.run (node:internal/test_runner/test:1390:12)
      at async Test.processPendingSubtests (node:internal/test_runner/test:911:7) {
    generatedMessage: true,
    code: 'ERR_ASSERTION',
    actual: [ '바람에 맞춰 종이 천천히 울린다.', '1층 첫걸음과 2층 균형 수련을 하지 않아도 전망과 계단은 이용할 수 있다.' ],
    expected: [ '창으로 들어오는 바람이 약한 종을 울려 들숨과 날숨의 길이를 알려 준다.\n사건이나 특별한 만남의 신호는 아니다.' ],
    operator: 'deepStrictEqual',
    diff: 'simple'
  }

test at tests\explore-interiors.test.ts:34:54
✖ room investigation and optional activity cancellation preserve progress: tour_azalea_mart (0.5888ms)
  AssertionError [ERR_ASSERTION]: Expected values to be strictly equal:
  + actual - expected
  
  + '고동 여행 보급 안내'
  - '숲길 여행용품 진열대'
  
      at TestContext.<anonymous> (C:\my_play\poketmon_demo\tests\explore-interiors.test.ts:79:28)
      at Test.runInAsyncScope (node:async_hooks:227:14)
      at Test.run (node:internal/test_runner/test:1325:25)
      at Test.processPendingSubtests (node:internal/test_runner/test:911:18)
      at Test.postRun (node:internal/test_runner/test:1465:19)
      at Test.run (node:internal/test_runner/test:1390:12)
      at async Test.processPendingSubtests (node:internal/test_runner/test:911:7) {
    generatedMessage: true,
    code: 'ERR_ASSERTION',
    actual: '고동 여행 보급 안내',
    expected: '숲길 여행용품 진열대',
    operator: 'strictEqual',
    diff: 'simple'
  }

test at tests\explore-interiors.test.ts:34:54
✖ room investigation and optional activity cancellation preserve progress: tour_azalea_home1 (0.8974ms)
  AssertionError [ERR_ASSERTION]: Expected values to be strictly equal:
  + actual - expected
  
  + '고동 공방 생활 기록'
  - '규토리 손질 도구대'
  
      at TestContext.<anonymous> (C:\my_play\poketmon_demo\tests\explore-interiors.test.ts:79:28)
      at Test.runInAsyncScope (node:async_hooks:227:14)
      at Test.run (node:internal/test_runner/test:1325:25)
      at Test.processPendingSubtests (node:internal/test_runner/test:911:18)
      at Test.postRun (node:internal/test_runner/test:1465:19)
      at Test.run (node:internal/test_runner/test:1390:12)
      at async Test.processPendingSubtests (node:internal/test_runner/test:911:7) {
    generatedMessage: true,
    code: 'ERR_ASSERTION',
    actual: '고동 공방 생활 기록',
    expected: '규토리 손질 도구대',
    operator: 'strictEqual',
    diff: 'simple'
  }

test at tests\explore-interiors.test.ts:34:54
✖ room investigation and optional activity cancellation preserve progress: tour_azalea_home2 (0.7348ms)
  AssertionError [ERR_ASSERTION]: Expected values to be strictly equal:
  + actual - expected
  
  + '우물과 숲 생태 기록'
  - '우물 주변 관찰 그림'
       ^
  
      at TestContext.<anonymous> (C:\my_play\poketmon_demo\tests\explore-interiors.test.ts:79:28)
      at Test.runInAsyncScope (node:async_hooks:227:14)
      at Test.run (node:internal/test_runner/test:1325:25)
      at Test.processPendingSubtests (node:internal/test_runner/test:911:18)
      at Test.postRun (node:internal/test_runner/test:1465:19)
      at Test.run (node:internal/test_runner/test:1390:12)
      at async Test.processPendingSubtests (node:internal/test_runner/test:911:7) {
    generatedMessage: true,
    code: 'ERR_ASSERTION',
    actual: '우물과 숲 생태 기록',
    expected: '우물 주변 관찰 그림',
    operator: 'strictEqual',
    diff: 'simple'
  }

test at tests\explore-interiors.test.ts:34:54
✖ room investigation and optional activity cancellation preserve progress: tour_ecruteak_mart (0.6084ms)
  AssertionError [ERR_ASSERTION]: Expected values to be strictly equal:
  + actual - expected
  
  + '인주 여행 보급 안내'
  - '목조 거리 여행용품대'
  
      at TestContext.<anonymous> (C:\my_play\poketmon_demo\tests\explore-interiors.test.ts:79:28)
      at Test.runInAsyncScope (node:async_hooks:227:14)
      at Test.run (node:internal/test_runner/test:1325:25)
      at Test.processPendingSubtests (node:internal/test_runner/test:911:18)
      at Test.postRun (node:internal/test_runner/test:1465:19)
      at Test.run (node:internal/test_runner/test:1390:12)
      at async Test.processPendingSubtests (node:internal/test_runner/test:911:7) {
    generatedMessage: true,
    code: 'ERR_ASSERTION',
    actual: '인주 여행 보급 안내',
    expected: '목조 거리 여행용품대',
    operator: 'strictEqual',
    diff: 'simple'
  }

test at tests\explore-interiors.test.ts:34:54
✖ room investigation and optional activity cancellation preserve progress: tour_ecruteak_home1 (3.5476ms)
  AssertionError [ERR_ASSERTION]: Expected values to be strictly equal:
  + actual - expected
  
  + '인주 목조 거리 생활 기록'
  - '목조 담장 손질대'
  
      at TestContext.<anonymous> (C:\my_play\poketmon_demo\tests\explore-interiors.test.ts:79:28)
      at Test.runInAsyncScope (node:async_hooks:227:14)
      at Test.run (node:internal/test_runner/test:1325:25)
      at Test.processPendingSubtests (node:internal/test_runner/test:911:18)
      at Test.postRun (node:internal/test_runner/test:1465:19)
      at Test.run (node:internal/test_runner/test:1390:12)
      at async Test.processPendingSubtests (node:internal/test_runner/test:911:7) {
    generatedMessage: true,
    code: 'ERR_ASSERTION',
    actual: '인주 목조 거리 생활 기록',
    expected: '목조 담장 손질대',
    operator: 'strictEqual',
    diff: 'simple'
  }

test at tests\explore-interiors.test.ts:34:54
✖ room investigation and optional activity cancellation preserve progress: tour_ecruteak_home2 (1.018ms)
  AssertionError [ERR_ASSERTION]: Expected values to be strictly equal:
  + actual - expected
  
  + '인주 목조 거리 생활 기록'
  - '단풍정원 돌봄표'
  
      at TestContext.<anonymous> (C:\my_play\poketmon_demo\tests\explore-interiors.test.ts:79:28)
      at Test.runInAsyncScope (node:async_hooks:227:14)
      at Test.run (node:internal/test_runner/test:1325:25)
      at Test.processPendingSubtests (node:internal/test_runner/test:911:18)
      at Test.postRun (node:internal/test_runner/test:1465:19)
      at Test.run (node:internal/test_runner/test:1390:12)
      at async Test.processPendingSubtests (node:internal/test_runner/test:911:7) {
    generatedMessage: true,
    code: 'ERR_ASSERTION',
    actual: '인주 목조 거리 생활 기록',
    expected: '단풍정원 돌봄표',
    operator: 'strictEqual',
    diff: 'simple'
  }

test at tests\explore-interiors.test.ts:34:54
✖ room investigation and optional activity cancellation preserve progress: tour_ecruteak_hall_2f (8.8422ms)
  AssertionError [ERR_ASSERTION]: Expected values to be strictly deep-equal:
  + actual - expected
  
    [
  +   '먼저 1층 방울 소리 비교대에서 건강한 동료와 관찰을 시작하자.',
  +   '전시 표본은 직접 분해하지 않는다.'
  -   '못을 박지 않고 홈과 받침을 맞추는 목조 짜임 표본을 살핀다.\n전시 표본을 직접 해체하지 않는다.'
    ]
  
      at TestContext.<anonymous> (C:\my_play\poketmon_demo\tests\explore-interiors.test.ts:79:69)
      at Test.runInAsyncScope (node:async_hooks:227:14)
      at Test.run (node:internal/test_runner/test:1325:25)
      at Test.processPendingSubtests (node:internal/test_runner/test:911:18)
      at Test.postRun (node:internal/test_runner/test:1465:19)
      at Test.run (node:internal/test_runner/test:1390:12)
      at async Test.processPendingSubtests (node:internal/test_runner/test:911:7) {
    generatedMessage: true,
    code: 'ERR_ASSERTION',
    actual: [ '먼저 1층 방울 소리 비교대에서 건강한 동료와 관찰을 시작하자.', '전시 표본은 직접 분해하지 않는다.' ],
    expected: [ '못을 박지 않고 홈과 받침을 맞추는 목조 짜임 표본을 살핀다.\n전시 표본을 직접 해체하지 않는다.' ],
    operator: 'deepStrictEqual',
    diff: 'simple'
  }

test at tests\explore-interiors.test.ts:34:54
✖ room investigation and optional activity cancellation preserve progress: tour_ecruteak_hall_3f (1.8412ms)
  AssertionError [ERR_ASSERTION]: Expected values to be strictly deep-equal:
  + actual - expected
  
    [
  +   '1층 방울 비교와 2층 목조 짜임 관찰을 마치면 같은 동료와 바람 방향을 기록할 수 있다.'
  -   '서쪽 목초지와 동쪽 산길에서 들어오는 바람에 따라 작은 풍경이 다르게 흔들린다.\n전설 등장 신호로 사용하지 않는다.'
    ]
  
      at TestContext.<anonymous> (C:\my_play\poketmon_demo\tests\explore-interiors.test.ts:79:69)
      at Test.runInAsyncScope (node:async_hooks:227:14)
      at Test.run (node:internal/test_runner/test:1325:25)
      at Test.processPendingSubtests (node:internal/test_runner/test:911:18)
      at Test.postRun (node:internal/test_runner/test:1465:19)
      at Test.run (node:internal/test_runner/test:1390:12)
      at async Test.processPendingSubtests (node:internal/test_runner/test:911:7) {
    generatedMessage: true,
    code: 'ERR_ASSERTION',
    actual: [ '1층 방울 비교와 2층 목조 짜임 관찰을 마치면 같은 동료와 바람 방향을 기록할 수 있다.' ],
    expected: [ '서쪽 목초지와 동쪽 산길에서 들어오는 바람에 따라 작은 풍경이 다르게 흔들린다.\n전설 등장 신호로 사용하지 않는다.' ],
    operator: 'deepStrictEqual',
    diff: 'simple'
  }

test at tests\explore-interiors.test.ts:34:54
✖ room investigation and optional activity cancellation preserve progress: tour_mahogany_mart (0.6962ms)
  AssertionError [ERR_ASSERTION]: Expected values to be strictly equal:
  + actual - expected
  
  + '황토 산길 보급 안내'
  - '산길 건조용품대'
  
      at TestContext.<anonymous> (C:\my_play\poketmon_demo\tests\explore-interiors.test.ts:79:28)
      at Test.runInAsyncScope (node:async_hooks:227:14)
      at Test.run (node:internal/test_runner/test:1325:25)
      at Test.processPendingSubtests (node:internal/test_runner/test:911:18)
      at Test.postRun (node:internal/test_runner/test:1465:19)
      at Test.run (node:internal/test_runner/test:1390:12)
      at async Test.processPendingSubtests (node:internal/test_runner/test:911:7) {
    generatedMessage: true,
    code: 'ERR_ASSERTION',
    actual: '황토 산길 보급 안내',
    expected: '산길 건조용품대',
    operator: 'strictEqual',
    diff: 'simple'
  }

test at tests\explore-interiors.test.ts:34:54
✖ room investigation and optional activity cancellation preserve progress: tour_mahogany_home1 (1.1751ms)
  AssertionError [ERR_ASSERTION]: Expected values to be strictly equal:
  + actual - expected
  
  + '황토 산기슭 생활 기록'
  - '산나물 손질대'
  
      at TestContext.<anonymous> (C:\my_play\poketmon_demo\tests\explore-interiors.test.ts:79:28)
      at Test.runInAsyncScope (node:async_hooks:227:14)
      at Test.run (node:internal/test_runner/test:1325:25)
      at Test.processPendingSubtests (node:internal/test_runner/test:911:18)
      at Test.postRun (node:internal/test_runner/test:1465:19)
      at Test.run (node:internal/test_runner/test:1390:12)
      at async Test.processPendingSubtests (node:internal/test_runner/test:911:7) {
    generatedMessage: true,
    code: 'ERR_ASSERTION',
    actual: '황토 산기슭 생활 기록',
    expected: '산나물 손질대',
    operator: 'strictEqual',
    diff: 'simple'
  }

test at tests\explore-interiors.test.ts:34:54
✖ room investigation and optional activity cancellation preserve progress: tour_mahogany_home2 (1.8122ms)
  AssertionError [ERR_ASSERTION]: Expected values to be strictly equal:
  + actual - expected
  
  + '황토 산기슭 생활 기록'
  - '상류 빗물 사용표'
  
      at TestContext.<anonymous> (C:\my_play\poketmon_demo\tests\explore-interiors.test.ts:79:28)
      at Test.runInAsyncScope (node:async_hooks:227:14)
      at Test.run (node:internal/test_runner/test:1325:25)
      at Test.processPendingSubtests (node:internal/test_runner/test:911:18)
      at Test.postRun (node:internal/test_runner/test:1465:19)
      at Test.run (node:internal/test_runner/test:1390:12)
      at async Test.processPendingSubtests (node:internal/test_runner/test:911:7) {
    generatedMessage: true,
    code: 'ERR_ASSERTION',
    actual: '황토 산기슭 생활 기록',
    expected: '상류 빗물 사용표',
    operator: 'strictEqual',
    diff: 'simple'
  }

test at tests\explore-interiors.test.ts:34:54
✖ room investigation and optional activity cancellation preserve progress: tour_olivine_mart (1.8555ms)
  AssertionError [ERR_ASSERTION]: Expected values to be strictly equal:
  + actual - expected
  
  + '담청 출발 준비'
  - '해풍 여행용품대'
  
      at TestContext.<anonymous> (C:\my_play\poketmon_demo\tests\explore-interiors.test.ts:79:28)
      at Test.runInAsyncScope (node:async_hooks:227:14)
      at Test.run (node:internal/test_runner/test:1325:25)
      at Test.processPendingSubtests (node:internal/test_runner/test:911:18)
      at Test.postRun (node:internal/test_runner/test:1465:19)
      at Test.run (node:internal/test_runner/test:1390:12)
      at async Test.processPendingSubtests (node:internal/test_runner/test:911:7) {
    generatedMessage: true,
    code: 'ERR_ASSERTION',
    actual: '담청 출발 준비',
    expected: '해풍 여행용품대',
    operator: 'strictEqual',
    diff: 'simple'
  }

test at tests\explore-interiors.test.ts:34:54
✖ room investigation and optional activity cancellation preserve progress: tour_olivine_home1 (1.7757ms)
  AssertionError [ERR_ASSERTION]: Expected values to be strictly equal:
  + actual - expected
  
  + '담청 공동주택 생활'
  - '항구 장비 손질대'
  
      at TestContext.<anonymous> (C:\my_play\poketmon_demo\tests\explore-interiors.test.ts:79:28)
      at Test.runInAsyncScope (node:async_hooks:227:14)
      at Test.run (node:internal/test_runner/test:1325:25)
      at Test.processPendingSubtests (node:internal/test_runner/test:911:18)
      at Test.postRun (node:internal/test_runner/test:1465:19)
      at Test.run (node:internal/test_runner/test:1390:12)
      at async Test.processPendingSubtests (node:internal/test_runner/test:911:7) {
    generatedMessage: true,
    code: 'ERR_ASSERTION',
    actual: '담청 공동주택 생활',
    expected: '항구 장비 손질대',
    operator: 'strictEqual',
    diff: 'simple'
  }

test at tests\explore-interiors.test.ts:34:54
✖ room investigation and optional activity cancellation preserve progress: tour_olivine_home1_2f (1.3206ms)
  AssertionError [ERR_ASSERTION]: Expected values to be strictly equal:
  + actual - expected
  
  + '담청 공동주택 생활'
  - '항구 생활 기록장'
  
      at TestContext.<anonymous> (C:\my_play\poketmon_demo\tests\explore-interiors.test.ts:79:28)
      at Test.runInAsyncScope (node:async_hooks:227:14)
      at Test.run (node:internal/test_runner/test:1325:25)
      at Test.processPendingSubtests (node:internal/test_runner/test:911:18)
      at Test.postRun (node:internal/test_runner/test:1465:19)
      at Test.run (node:internal/test_runner/test:1390:12)
      at async Test.processPendingSubtests (node:internal/test_runner/test:911:7) {
    generatedMessage: true,
    code: 'ERR_ASSERTION',
    actual: '담청 공동주택 생활',
    expected: '항구 생활 기록장',
    operator: 'strictEqual',
    diff: 'simple'
  }

test at tests\explore-interiors.test.ts:34:54
✖ room investigation and optional activity cancellation preserve progress: tour_olivine_home1_3f (1.1422ms)
  AssertionError [ERR_ASSERTION]: Expected values to be strictly equal:
  + actual - expected
  
  + '담청 공동주택 생활'
  - '옥상 바람 화분'
  
      at TestContext.<anonymous> (C:\my_play\poketmon_demo\tests\explore-interiors.test.ts:79:28)
      at Test.runInAsyncScope (node:async_hooks:227:14)
      at Test.run (node:internal/test_runner/test:1325:25)
      at Test.processPendingSubtests (node:internal/test_runner/test:911:18)
      at Test.postRun (node:internal/test_runner/test:1465:19)
      at Test.run (node:internal/test_runner/test:1390:12)
      at async Test.processPendingSubtests (node:internal/test_runner/test:911:7) {
    generatedMessage: true,
    code: 'ERR_ASSERTION',
    actual: '담청 공동주택 생활',
    expected: '옥상 바람 화분',
    operator: 'strictEqual',
    diff: 'simple'
  }

test at tests\explore-interiors.test.ts:34:54
✖ room investigation and optional activity cancellation preserve progress: tour_olivine_home2 (1.4702ms)
  AssertionError [ERR_ASSERTION]: Expected values to be strictly equal:
  + actual - expected
  
  + '담청 공동주택 생활'
  - '항구 장비 손질대'
  
      at TestContext.<anonymous> (C:\my_play\poketmon_demo\tests\explore-interiors.test.ts:79:28)
      at Test.runInAsyncScope (node:async_hooks:227:14)
      at Test.run (node:internal/test_runner/test:1325:25)
      at Test.processPendingSubtests (node:internal/test_runner/test:911:18)
      at Test.postRun (node:internal/test_runner/test:1465:19)
      at Test.run (node:internal/test_runner/test:1390:12)
      at async Test.processPendingSubtests (node:internal/test_runner/test:911:7) {
    generatedMessage: true,
    code: 'ERR_ASSERTION',
    actual: '담청 공동주택 생활',
    expected: '항구 장비 손질대',
    operator: 'strictEqual',
    diff: 'simple'
  }

test at tests\explore-interiors.test.ts:34:54
✖ room investigation and optional activity cancellation preserve progress: tour_olivine_home2_2f (1.0526ms)
  AssertionError [ERR_ASSERTION]: Expected values to be strictly equal:
  + actual - expected
  
  + '담청 공동주택 생활'
  - '항구 생활 기록장'
  
      at TestContext.<anonymous> (C:\my_play\poketmon_demo\tests\explore-interiors.test.ts:79:28)
      at Test.runInAsyncScope (node:async_hooks:227:14)
      at Test.run (node:internal/test_runner/test:1325:25)
      at Test.processPendingSubtests (node:internal/test_runner/test:911:18)
      at Test.postRun (node:internal/test_runner/test:1465:19)
      at Test.run (node:internal/test_runner/test:1390:12)
      at async Test.processPendingSubtests (node:internal/test_runner/test:911:7) {
    generatedMessage: true,
    code: 'ERR_ASSERTION',
    actual: '담청 공동주택 생활',
    expected: '항구 생활 기록장',
    operator: 'strictEqual',
    diff: 'simple'
  }

test at tests\explore-interiors.test.ts:34:54
✖ room investigation and optional activity cancellation preserve progress: tour_olivine_home2_3f (1.1137ms)
  AssertionError [ERR_ASSERTION]: Expected values to be strictly equal:
  + actual - expected
  
  + '담청 공동주택 생활'
  - '옥상 바람 화분'
  
      at TestContext.<anonymous> (C:\my_play\poketmon_demo\tests\explore-interiors.test.ts:79:28)
      at Test.runInAsyncScope (node:async_hooks:227:14)
      at Test.run (node:internal/test_runner/test:1325:25)
      at Test.processPendingSubtests (node:internal/test_runner/test:911:18)
      at Test.postRun (node:internal/test_runner/test:1465:19)
      at Test.run (node:internal/test_runner/test:1390:12)
      at async Test.processPendingSubtests (node:internal/test_runner/test:911:7) {
    generatedMessage: true,
    code: 'ERR_ASSERTION',
    actual: '담청 공동주택 생활',
    expected: '옥상 바람 화분',
    operator: 'strictEqual',
    diff: 'simple'
  }

test at tests\explore-interiors.test.ts:34:54
✖ room investigation and optional activity cancellation preserve progress: tour_olivine_hall_2f (1.4176ms)
  AssertionError [ERR_ASSERTION]: Expected values to be strictly deep-equal:
  + actual - expected
  
    [
  +   '아직 함께 걷는 포켓몬이 없다.',
  +   '1층 렌즈 손질대에서 건강한 동료를 먼저 고르자. 계단 통행은 막히지 않는다.'
  -   '외항의 부표와 방파제 사이를 비추는 관측 장치다.'
    ]
  
      at TestContext.<anonymous> (C:\my_play\poketmon_demo\tests\explore-interiors.test.ts:79:69)
      at Test.runInAsyncScope (node:async_hooks:227:14)
      at Test.run (node:internal/test_runner/test:1325:25)
      at Test.processPendingSubtests (node:internal/test_runner/test:911:18)
      at Test.postRun (node:internal/test_runner/test:1465:19)
      at Test.run (node:internal/test_runner/test:1390:12)
      at async Test.processPendingSubtests (node:internal/test_runner/test:911:7) {
    generatedMessage: true,
    code: 'ERR_ASSERTION',
    actual: [ '아직 함께 걷는 포켓몬이 없다.', '1층 렌즈 손질대에서 건강한 동료를 먼저 고르자. 계단 통행은 막히지 않는다.' ],
    expected: [ '외항의 부표와 방파제 사이를 비추는 관측 장치다.' ],
    operator: 'deepStrictEqual',
    diff: 'simple'
  }

test at tests\explore-interiors.test.ts:34:54
✖ room investigation and optional activity cancellation preserve progress: tour_olivine_hall_3f (1.3206ms)
  AssertionError [ERR_ASSERTION]: Expected values to be strictly deep-equal:
  + actual - expected
  
    [
  +   '아직 함께 걷는 포켓몬이 없다.',
  +   '1층에서 동료를 고르고 2층 외항 표지를 관찰하면 같은 동료와 빛의 방향을 기록할 수 있다.',
  +   '관찰 없이도 등대와 도시를 자유롭게 오르내릴 수 있다.'
  -   '외항과 작업항에 일정한 간격으로 빛을 보낸다.\n조사로 항로가 새로 열리지는 않는다.'
    ]
  
      at TestContext.<anonymous> (C:\my_play\poketmon_demo\tests\explore-interiors.test.ts:79:69)
      at Test.runInAsyncScope (node:async_hooks:227:14)
      at Test.run (node:internal/test_runner/test:1325:25)
      at Test.processPendingSubtests (node:internal/test_runner/test:911:18)
      at Test.postRun (node:internal/test_runner/test:1465:19)
      at Test.run (node:internal/test_runner/test:1390:12)
      at async Test.processPendingSubtests (node:internal/test_runner/test:911:7) {
    generatedMessage: true,
    code: 'ERR_ASSERTION',
    actual: [ '아직 함께 걷는 포켓몬이 없다.', '1층에서 동료를 고르고 2층 외항 표지를 관찰하면 같은 동료와 빛의 방향을 기록할 수 있다.', '관찰 없이도 등대와 도시를 자유롭게 오르내릴 수 있다.' ],
    expected: [ '외항과 작업항에 일정한 간격으로 빛을 보낸다.\n조사로 항로가 새로 열리지는 않는다.' ],
    operator: 'deepStrictEqual',
    diff: 'simple'
  }

test at tests\explore-interiors.test.ts:34:54
✖ room investigation and optional activity cancellation preserve progress: tour_cianwood_mart (1.1922ms)
  AssertionError [ERR_ASSERTION]: Expected values to be strictly equal:
  + actual - expected
  
  + '진청 출발 준비'
  - '해변 여행용품대'
  
      at TestContext.<anonymous> (C:\my_play\poketmon_demo\tests\explore-interiors.test.ts:79:28)
      at Test.runInAsyncScope (node:async_hooks:227:14)
      at Test.run (node:internal/test_runner/test:1325:25)
      at Test.processPendingSubtests (node:internal/test_runner/test:911:18)
      at Test.postRun (node:internal/test_runner/test:1465:19)
      at Test.run (node:internal/test_runner/test:1390:12)
      at async Test.processPendingSubtests (node:internal/test_runner/test:911:7) {
    generatedMessage: true,
    code: 'ERR_ASSERTION',
    actual: '진청 출발 준비',
    expected: '해변 여행용품대',
    operator: 'strictEqual',
    diff: 'simple'
  }

test at tests\explore-interiors.test.ts:34:54
✖ room investigation and optional activity cancellation preserve progress: tour_cianwood_home1 (1.4533ms)
  AssertionError [ERR_ASSERTION]: Expected values to be strictly equal:
  + actual - expected
  
  + '진청 공동주택 생활'
  - '해변 장비 손질대'
  
      at TestContext.<anonymous> (C:\my_play\poketmon_demo\tests\explore-interiors.test.ts:79:28)
      at Test.runInAsyncScope (node:async_hooks:227:14)
      at Test.run (node:internal/test_runner/test:1325:25)
      at Test.processPendingSubtests (node:internal/test_runner/test:911:18)
      at Test.postRun (node:internal/test_runner/test:1465:19)
      at Test.run (node:internal/test_runner/test:1390:12)
      at async Test.processPendingSubtests (node:internal/test_runner/test:911:7) {
    generatedMessage: true,
    code: 'ERR_ASSERTION',
    actual: '진청 공동주택 생활',
    expected: '해변 장비 손질대',
    operator: 'strictEqual',
    diff: 'simple'
  }

test at tests\explore-interiors.test.ts:34:54
✖ room investigation and optional activity cancellation preserve progress: tour_cianwood_home1_2f (1.491ms)
  AssertionError [ERR_ASSERTION]: Expected values to be strictly equal:
  + actual - expected
  
  + '진청 공동주택 생활'
  - '연락선 생활 기록'
  
      at TestContext.<anonymous> (C:\my_play\poketmon_demo\tests\explore-interiors.test.ts:79:28)
      at Test.runInAsyncScope (node:async_hooks:227:14)
      at Test.run (node:internal/test_runner/test:1325:25)
      at Test.processPendingSubtests (node:internal/test_runner/test:911:18)
      at Test.postRun (node:internal/test_runner/test:1465:19)
      at Test.run (node:internal/test_runner/test:1390:12)
      at async Test.processPendingSubtests (node:internal/test_runner/test:911:7) {
    generatedMessage: true,
    code: 'ERR_ASSERTION',
    actual: '진청 공동주택 생활',
    expected: '연락선 생활 기록',
    operator: 'strictEqual',
    diff: 'simple'
  }

test at tests\explore-interiors.test.ts:34:54
✖ room investigation and optional activity cancellation preserve progress: tour_cianwood_home1_3f (1.2631ms)
  AssertionError [ERR_ASSERTION]: Expected values to be strictly equal:
  + actual - expected
  
  + '진청 공동주택 생활'
  - '옥상 해풍 화분'
  
      at TestContext.<anonymous> (C:\my_play\poketmon_demo\tests\explore-interiors.test.ts:79:28)
      at Test.runInAsyncScope (node:async_hooks:227:14)
      at Test.run (node:internal/test_runner/test:1325:25)
      at Test.processPendingSubtests (node:internal/test_runner/test:911:18)
      at Test.postRun (node:internal/test_runner/test:1465:19)
      at Test.run (node:internal/test_runner/test:1390:12)
      at async Test.processPendingSubtests (node:internal/test_runner/test:911:7) {
    generatedMessage: true,
    code: 'ERR_ASSERTION',
    actual: '진청 공동주택 생활',
    expected: '옥상 해풍 화분',
    operator: 'strictEqual',
    diff: 'simple'
  }

test at tests\explore-interiors.test.ts:34:54
✖ room investigation and optional activity cancellation preserve progress: tour_cianwood_home2 (1.4868ms)
  AssertionError [ERR_ASSERTION]: Expected values to be strictly equal:
  + actual - expected
  
  + '진청 공동주택 생활'
  - '해변 장비 손질대'
  
      at TestContext.<anonymous> (C:\my_play\poketmon_demo\tests\explore-interiors.test.ts:79:28)
      at Test.runInAsyncScope (node:async_hooks:227:14)
      at Test.run (node:internal/test_runner/test:1325:25)
      at Test.processPendingSubtests (node:internal/test_runner/test:911:18)
      at Test.postRun (node:internal/test_runner/test:1465:19)
      at Test.run (node:internal/test_runner/test:1390:12)
      at async Test.processPendingSubtests (node:internal/test_runner/test:911:7) {
    generatedMessage: true,
    code: 'ERR_ASSERTION',
    actual: '진청 공동주택 생활',
    expected: '해변 장비 손질대',
    operator: 'strictEqual',
    diff: 'simple'
  }

test at tests\explore-interiors.test.ts:34:54
✖ room investigation and optional activity cancellation preserve progress: tour_cianwood_home2_2f (1.4582ms)
  AssertionError [ERR_ASSERTION]: Expected values to be strictly equal:
  + actual - expected
  
  + '진청 공동주택 생활'
  - '연락선 생활 기록'
  
      at TestContext.<anonymous> (C:\my_play\poketmon_demo\tests\explore-interiors.test.ts:79:28)
      at Test.runInAsyncScope (node:async_hooks:227:14)
      at Test.run (node:internal/test_runner/test:1325:25)
      at Test.processPendingSubtests (node:internal/test_runner/test:911:18)
      at Test.postRun (node:internal/test_runner/test:1465:19)
      at Test.run (node:internal/test_runner/test:1390:12)
      at async Test.processPendingSubtests (node:internal/test_runner/test:911:7) {
    generatedMessage: true,
    code: 'ERR_ASSERTION',
    actual: '진청 공동주택 생활',
    expected: '연락선 생활 기록',
    operator: 'strictEqual',
    diff: 'simple'
  }

test at tests\explore-interiors.test.ts:34:54
✖ room investigation and optional activity cancellation preserve progress: tour_cianwood_home2_3f (1.1267ms)
  AssertionError [ERR_ASSERTION]: Expected values to be strictly equal:
  + actual - expected
  
  + '진청 공동주택 생활'
  - '옥상 해풍 화분'
  
      at TestContext.<anonymous> (C:\my_play\poketmon_demo\tests\explore-interiors.test.ts:79:28)
      at Test.runInAsyncScope (node:async_hooks:227:14)
      at Test.run (node:internal/test_runner/test:1325:25)
      at Test.processPendingSubtests (node:internal/test_runner/test:911:18)
      at Test.postRun (node:internal/test_runner/test:1465:19)
      at Test.run (node:internal/test_runner/test:1390:12)
      at async Test.processPendingSubtests (node:internal/test_runner/test:911:7) {
    generatedMessage: true,
    code: 'ERR_ASSERTION',
    actual: '진청 공동주택 생활',
    expected: '옥상 해풍 화분',
    operator: 'strictEqual',
    diff: 'simple'
  }

test at tests\explore-interiors.test.ts:34:54
✖ room investigation and optional activity cancellation preserve progress: tour_castelia_home4 (0.8233ms)
  AssertionError [ERR_ASSERTION]: Expected values to be strictly equal:
  + actual - expected
  
  + '항구를 그리는 주민'
  - '그림 작업대'
  
      at TestContext.<anonymous> (C:\my_play\poketmon_demo\tests\explore-interiors.test.ts:79:28)
      at Test.runInAsyncScope (node:async_hooks:227:14)
      at Test.run (node:internal/test_runner/test:1325:25)
      at Test.processPendingSubtests (node:internal/test_runner/test:911:18)
      at Test.postRun (node:internal/test_runner/test:1465:19)
      at Test.run (node:internal/test_runner/test:1390:12)
      at async Test.processPendingSubtests (node:internal/test_runner/test:911:7) {
    generatedMessage: true,
    code: 'ERR_ASSERTION',
    actual: '항구를 그리는 주민',
    expected: '그림 작업대',
    operator: 'strictEqual',
    diff: 'simple'
  }

test at tests\explore-interiors.test.ts:34:54
✖ room investigation and optional activity cancellation preserve progress: tour_castelia_home5 (0.4639ms)
  AssertionError [ERR_ASSERTION]: Expected values to be strictly equal:
  + actual - expected
  
  + '정원을 돌보는 주민'
  - '동료 돌봄 책상'
  
      at TestContext.<anonymous> (C:\my_play\poketmon_demo\tests\explore-interiors.test.ts:79:28)
      at Test.runInAsyncScope (node:async_hooks:227:14)
      at Test.run (node:internal/test_runner/test:1325:25)
      at Test.processPendingSubtests (node:internal/test_runner/test:911:18)
      at Test.postRun (node:internal/test_runner/test:1465:19)
      at Test.run (node:internal/test_runner/test:1390:12)
      at async Test.processPendingSubtests (node:internal/test_runner/test:911:7) {
    generatedMessage: true,
    code: 'ERR_ASSERTION',
    actual: '정원을 돌보는 주민',
    expected: '동료 돌봄 책상',
    operator: 'strictEqual',
    diff: 'simple'
  }

test at tests\explore-interiors.test.ts:34:54
✖ room investigation and optional activity cancellation preserve progress: tour_mistralton_hall_2f (3.9425ms)
  AssertionError [ERR_ASSERTION]: Expected values to be strictly deep-equal:
  + actual - expected
  
    [
  +   '활주로 풍향 기록은 보이지만 6번도로 계절 연구소의 관찰 기록은 비어 있다.',
  +   '화물·기상 운영 검토를 수첩에 남겼다. 운항이나 통행 조건은 바뀌지 않는다.',
  +   '현재 항공편은 운영하지 않는다. 동쪽 활주로는 울타리 밖 보행로에서 관찰한다.'
  -   '활주로 표지탑이 가리킨 풍향과 시간대별 바람 세기가 기록돼 있다.'
    ]
  
      at TestContext.<anonymous> (C:\my_play\poketmon_demo\tests\explore-interiors.test.ts:79:69)
      at Test.runInAsyncScope (node:async_hooks:227:14)
      at Test.run (node:internal/test_runner/test:1325:25)
      at Test.processPendingSubtests (node:internal/test_runner/test:911:18)
      at Test.postRun (node:internal/test_runner/test:1465:19)
      at Test.run (node:internal/test_runner/test:1390:12)
      at async Test.processPendingSubtests (node:internal/test_runner/test:911:7) {
    generatedMessage: true,
    code: 'ERR_ASSERTION',
    actual: [ '활주로 풍향 기록은 보이지만 6번도로 계절 연구소의 관찰 기록은 비어 있다.', '화물·기상 운영 검토를 수첩에 남겼다. 운항이나 통행 조건은 바뀌지 않는다.', '현재 항공편은 운영하지 않는다. 동쪽 활주로는 울타리 밖 보행로에서 관찰한다.' ],
    expected: [ '활주로 표지탑이 가리킨 풍향과 시간대별 바람 세기가 기록돼 있다.' ],
    operator: 'deepStrictEqual',
    diff: 'simple'
  }

test at tests\explore-interiors.test.ts:34:54
✖ room investigation and optional activity cancellation preserve progress: tour_mistralton_hall_3f (15.767ms)
  AssertionError [ERR_ASSERTION]: Expected values to be strictly deep-equal:
  + actual - expected
  
    [
  +   '현재 함께 쉬어 갈 건강한 동료가 없다.',
  +   '센터 PC에서 동료를 확인하거나 간호사에게 회복한 뒤 다시 와도 된다.'
  -   '날개·발·호흡을 살피고 급수한 시간이 차례로 적혀 있다.'
    ]
  
      at TestContext.<anonymous> (C:\my_play\poketmon_demo\tests\explore-interiors.test.ts:79:69)
      at Test.runInAsyncScope (node:async_hooks:227:14)
      at Test.run (node:internal/test_runner/test:1325:25)
      at Test.processPendingSubtests (node:internal/test_runner/test:911:18)
      at Test.postRun (node:internal/test_runner/test:1465:19)
      at Test.run (node:internal/test_runner/test:1390:12)
      at async Test.processPendingSubtests (node:internal/test_runner/test:911:7) {
    generatedMessage: true,
    code: 'ERR_ASSERTION',
    actual: [ '현재 함께 쉬어 갈 건강한 동료가 없다.', '센터 PC에서 동료를 확인하거나 간호사에게 회복한 뒤 다시 와도 된다.' ],
    expected: [ '날개·발·호흡을 살피고 급수한 시간이 차례로 적혀 있다.' ],
    operator: 'deepStrictEqual',
    diff: 'simple'
  }

test at tests\explore-interiors.test.ts:34:54
✖ room investigation and optional activity cancellation preserve progress: tour_undella_hall_3f (0.5585ms)
  AssertionError [ERR_ASSERTION]: Expected values to be strictly equal:
  + actual - expected
  
  + '동행 손질 기록'
  - '동행 손질대'
          ^
  
      at TestContext.<anonymous> (C:\my_play\poketmon_demo\tests\explore-interiors.test.ts:79:28)
      at Test.runInAsyncScope (node:async_hooks:227:14)
      at Test.run (node:internal/test_runner/test:1325:25)
      at Test.processPendingSubtests (node:internal/test_runner/test:911:18)
      at Test.postRun (node:internal/test_runner/test:1465:19)
      at Test.run (node:internal/test_runner/test:1390:12)
      at async Test.processPendingSubtests (node:internal/test_runner/test:911:7) {
    generatedMessage: true,
    code: 'ERR_ASSERTION',
    actual: '동행 손질 기록',
    expected: '동행 손질대',
    operator: 'strictEqual',
    diff: 'simple'
  }

test at tests\explore-interiors.test.ts:34:54
✖ room investigation and optional activity cancellation preserve progress: tour_lacunosa_hall_3f (1.7764ms)
  AssertionError [ERR_ASSERTION]: Expected values to be strictly deep-equal:
  + actual - expected
  
    [
  +   '사람과 포켓몬이 함께 쓰는 안뜰을 살펴보자.'
  -   '건강한 동료와 물그릇·그늘·통로를 살핀 기록을 남긴다.'
    ]
  
      at TestContext.<anonymous> (C:\my_play\poketmon_demo\tests\explore-interiors.test.ts:79:69)
      at Test.runInAsyncScope (node:async_hooks:227:14)
      at Test.run (node:internal/test_runner/test:1325:25)
      at Test.processPendingSubtests (node:internal/test_runner/test:911:18)
      at Test.postRun (node:internal/test_runner/test:1465:19)
      at Test.run (node:internal/test_runner/test:1390:12)
      at async Test.processPendingSubtests (node:internal/test_runner/test:911:7) {
    generatedMessage: true,
    code: 'ERR_ASSERTION',
    actual: [ '사람과 포켓몬이 함께 쓰는 안뜰을 살펴보자.' ],
    expected: [ '건강한 동료와 물그릇·그늘·통로를 살핀 기록을 남긴다.' ],
    operator: 'deepStrictEqual',
    diff: 'simple'
  }

test at tests\explore-interiors.test.ts:34:54
✖ room investigation and optional activity cancellation preserve progress: tour_village_bridge_hall_3f (1.1025ms)
  AssertionError [ERR_ASSERTION]: Expected values to be strictly deep-equal:
  + actual - expected
  
    [
  +   '다리를 건넌 동료가 안전하게 쉴 자리를 살펴보자.'
  -   '건강한 동료와 다리 휴게뜰의 물·그늘·통로를 살핀다.'
    ]
  
      at TestContext.<anonymous> (C:\my_play\poketmon_demo\tests\explore-interiors.test.ts:79:69)
      at Test.runInAsyncScope (node:async_hooks:227:14)
      at Test.run (node:internal/test_runner/test:1325:25)
      at Test.processPendingSubtests (node:internal/test_runner/test:911:18)
      at Test.postRun (node:internal/test_runner/test:1465:19)
      at Test.run (node:internal/test_runner/test:1390:12)
      at async Test.processPendingSubtests (node:internal/test_runner/test:911:7) {
    generatedMessage: true,
    code: 'ERR_ASSERTION',
    actual: [ '다리를 건넌 동료가 안전하게 쉴 자리를 살펴보자.' ],
    expected: [ '건강한 동료와 다리 휴게뜰의 물·그늘·통로를 살핀다.' ],
    operator: 'deepStrictEqual',
    diff: 'simple'
  }

test at tests\explore-interiors.test.ts:34:54
✖ room investigation and optional activity cancellation preserve progress: tour_opelucid_hall_2f (0.941ms)
  AssertionError [ERR_ASSERTION]: Expected values to be strictly equal:
  + actual - expected
  
  + '11번도로 동료 기술 자료'
  - '건축 비교 모형'
  
      at TestContext.<anonymous> (C:\my_play\poketmon_demo\tests\explore-interiors.test.ts:79:28)
      at Test.runInAsyncScope (node:async_hooks:227:14)
      at Test.run (node:internal/test_runner/test:1325:25)
      at Test.processPendingSubtests (node:internal/test_runner/test:911:18)
      at Test.postRun (node:internal/test_runner/test:1465:19)
      at Test.run (node:internal/test_runner/test:1390:12)
      at async Test.processPendingSubtests (node:internal/test_runner/test:911:7) {
    generatedMessage: true,
    code: 'ERR_ASSERTION',
    actual: '11번도로 동료 기술 자료',
    expected: '건축 비교 모형',
    operator: 'strictEqual',
    diff: 'simple'
  }

test at tests\explore-interiors.test.ts:34:54
✖ room investigation and optional activity cancellation preserve progress: tour_opelucid_hall_3f (0.8656ms)
  AssertionError [ERR_ASSERTION]: Expected values to be strictly deep-equal:
  + actual - expected
  
    [
  +   '건강한 동료와 광장의 용 문양을 천천히 비교해 보자.',
  +   '11번도로 출신 동료는 목록 앞에 표시하며 필수 포획 조건은 아니다.'
  -   '건강한 동료와 광장 문양을 살피고 조용히 쉬는 자리다.'
    ]
  
      at TestContext.<anonymous> (C:\my_play\poketmon_demo\tests\explore-interiors.test.ts:79:69)
      at Test.runInAsyncScope (node:async_hooks:227:14)
      at Test.run (node:internal/test_runner/test:1325:25)
      at Test.processPendingSubtests (node:internal/test_runner/test:911:18)
      at Test.postRun (node:internal/test_runner/test:1465:19)
      at Test.run (node:internal/test_runner/test:1390:12)
      at async Test.processPendingSubtests (node:internal/test_runner/test:911:7) {
    generatedMessage: true,
    code: 'ERR_ASSERTION',
    actual: [ '건강한 동료와 광장의 용 문양을 천천히 비교해 보자.', '11번도로 출신 동료는 목록 앞에 표시하며 필수 포획 조건은 아니다.' ],
    expected: [ '건강한 동료와 광장 문양을 살피고 조용히 쉬는 자리다.' ],
    operator: 'deepStrictEqual',
    diff: 'simple'
  }

test at tests\explore-interiors.test.ts:34:54
✖ room investigation and optional activity cancellation preserve progress: tour_icirrus_hall_2f (0.6412ms)
  AssertionError [ERR_ASSERTION]: Expected values to be strictly deep-equal:
  + actual - expected
  
    [
  +   '1층 도착 기록대에서 8번도로의 마른 본선과 빗물 순환로를 먼저 구분할 수 있다.',
  +   '기록하지 않아도 자료실과 도시 이동은 자유롭다.'
  -   '마른 본선과 빗물 순환로, 도시 연못의 쓰임을 생활 기록으로 비교한다.'
    ]
  
      at TestContext.<anonymous> (C:\my_play\poketmon_demo\tests\explore-interiors.test.ts:79:69)
      at Test.runInAsyncScope (node:async_hooks:227:14)
      at Test.run (node:internal/test_runner/test:1325:25)
      at Test.processPendingSubtests (node:internal/test_runner/test:911:18)
      at Test.postRun (node:internal/test_runner/test:1465:19)
      at Test.run (node:internal/test_runner/test:1390:12)
      at async Test.processPendingSubtests (node:internal/test_runner/test:911:7) {
    generatedMessage: true,
    code: 'ERR_ASSERTION',
    actual: [ '1층 도착 기록대에서 8번도로의 마른 본선과 빗물 순환로를 먼저 구분할 수 있다.', '기록하지 않아도 자료실과 도시 이동은 자유롭다.' ],
    expected: [ '마른 본선과 빗물 순환로, 도시 연못의 쓰임을 생활 기록으로 비교한다.' ],
    operator: 'deepStrictEqual',
    diff: 'simple'
  }

test at tests\explore-interiors.test.ts:34:54
✖ room investigation and optional activity cancellation preserve progress: tour_icirrus_hall_3f (0.5399ms)
  AssertionError [ERR_ASSERTION]: Expected values to be strictly deep-equal:
  + actual - expected
  
    [
  +   '건강한 동료와 마른 전망석에서 8번도로와 북쪽 방향을 돌아보자.',
  +   '2층 비교 전에도 쉴 수 있으며 활동 순서는 통행 조건이 아니다.'
  -   '북쪽 둔덕과 용나선탑 방향을 보며 동료와 쉬는 자리다.'
    ]
  
      at TestContext.<anonymous> (C:\my_play\poketmon_demo\tests\explore-interiors.test.ts:79:69)
      at Test.runInAsyncScope (node:async_hooks:227:14)
      at Test.run (node:internal/test_runner/test:1325:25)
      at Test.processPendingSubtests (node:internal/test_runner/test:911:18)
      at Test.postRun (node:internal/test_runner/test:1465:19)
      at Test.run (node:internal/test_runner/test:1390:12)
      at async Test.processPendingSubtests (node:internal/test_runner/test:911:7) {
    generatedMessage: true,
    code: 'ERR_ASSERTION',
    actual: [ '건강한 동료와 마른 전망석에서 8번도로와 북쪽 방향을 돌아보자.', '2층 비교 전에도 쉴 수 있으며 활동 순서는 통행 조건이 아니다.' ],
    expected: [ '북쪽 둔덕과 용나선탑 방향을 보며 동료와 쉬는 자리다.' ],
    operator: 'deepStrictEqual',
    diff: 'simple'
  }

test at tests\explore-interiors.test.ts:34:54
✖ room investigation and optional activity cancellation preserve progress: tour_dragonspiral_hall_2f (0.8588ms)
  AssertionError [ERR_ASSERTION]: Expected values to be strictly deep-equal:
  + actual - expected
  
    [
  +   '1층 기단 방향석에서 건강한 동료와 관찰을 시작할 수 있다.',
  +   '관찰 전에도 계단과 회랑은 자유롭게 이용한다.'
  -   '돌마다 하중을 나누는 방향 표시가 남아 있다.'
    ]
  
      at TestContext.<anonymous> (C:\my_play\poketmon_demo\tests\explore-interiors.test.ts:79:69)
      at Test.runInAsyncScope (node:async_hooks:227:14)
      at Test.run (node:internal/test_runner/test:1325:25)
      at Test.processPendingSubtests (node:internal/test_runner/test:911:18)
      at Test.postRun (node:internal/test_runner/test:1465:19)
      at Test.run (node:internal/test_runner/test:1390:12)
      at async Test.processPendingSubtests (node:internal/test_runner/test:911:7) {
    generatedMessage: true,
    code: 'ERR_ASSERTION',
    actual: [ '1층 기단 방향석에서 건강한 동료와 관찰을 시작할 수 있다.', '관찰 전에도 계단과 회랑은 자유롭게 이용한다.' ],
    expected: [ '돌마다 하중을 나누는 방향 표시가 남아 있다.' ],
    operator: 'deepStrictEqual',
    diff: 'simple'
  }

test at tests\explore-interiors.test.ts:34:54
✖ room investigation and optional activity cancellation preserve progress: tour_dragonspiral_hall_3f (0.5418ms)
  AssertionError [ERR_ASSERTION]: Expected values to be strictly deep-equal:
  + actual - expected
  
    [
  +   '1층 기단 방향과 2층 석재 맞춤을 살핀 뒤 같은 동료와 바람을 기록할 수 있다.',
  +   '단계를 마치지 않아도 3층과 아래층을 자유롭게 왕복한다.'
  -   '설화시티·습지·탑 상부에서 부는 바람의 방향을 비교한다.'
    ]
  
      at TestContext.<anonymous> (C:\my_play\poketmon_demo\tests\explore-interiors.test.ts:79:69)
      at Test.runInAsyncScope (node:async_hooks:227:14)
      at Test.run (node:internal/test_runner/test:1325:25)
      at Test.processPendingSubtests (node:internal/test_runner/test:911:18)
      at Test.postRun (node:internal/test_runner/test:1465:19)
      at Test.run (node:internal/test_runner/test:1390:12)
      at async Test.processPendingSubtests (node:internal/test_runner/test:911:7) {
    generatedMessage: true,
    code: 'ERR_ASSERTION',
    actual: [ '1층 기단 방향과 2층 석재 맞춤을 살핀 뒤 같은 동료와 바람을 기록할 수 있다.', '단계를 마치지 않아도 3층과 아래층을 자유롭게 왕복한다.' ],
    expected: [ '설화시티·습지·탑 상부에서 부는 바람의 방향을 비교한다.' ],
    operator: 'deepStrictEqual',
    diff: 'simple'
  }

test at tests\explore-interiors.test.ts:34:54
✖ room investigation and optional activity cancellation preserve progress: tour_route_six_lab (2.1859ms)
  AssertionError [ERR_ASSERTION]: Expected values to be strictly deep-equal:
  + actual - expected
  
    [
  +   '풀·강물·결정 조각을 누구와 관찰할지 선택하자.',
  +   '지친 동료는 센터에서 회복한 뒤 선택할 수 있다.'
  -   '파트너와 함께 본 풀·바람·결정 조각을 적는 빈 기록지다.',
  -   '특정 포켓몬을 잡거나 모든 계절 모습을 모을 필요는 없다.'
    ]
  
      at TestContext.<anonymous> (C:\my_play\poketmon_demo\tests\explore-interiors.test.ts:79:69)
      at Test.runInAsyncScope (node:async_hooks:227:14)
      at Test.run (node:internal/test_runner/test:1325:25)
      at Test.processPendingSubtests (node:internal/test_runner/test:911:18)
      at Test.postRun (node:internal/test_runner/test:1465:19)
      at Test.run (node:internal/test_runner/test:1390:12)
      at async Test.processPendingSubtests (node:internal/test_runner/test:911:7) {
    generatedMessage: true,
    code: 'ERR_ASSERTION',
    actual: [ '풀·강물·결정 조각을 누구와 관찰할지 선택하자.', '지친 동료는 센터에서 회복한 뒤 선택할 수 있다.' ],
    expected: [ '파트너와 함께 본 풀·바람·결정 조각을 적는 빈 기록지다.', '특정 포켓몬을 잡거나 모든 계절 모습을 모을 필요는 없다.' ],
    operator: 'deepStrictEqual',
    diff: 'simple'
  }

test at tests\explore-interiors.test.ts:93:1
✖ revision seven interior saves relocate only obstructed positions and preserve progress (295.1335ms)
  AssertionError [ERR_ASSERTION]: tour_dragonspiral_hall_2f
      at TestContext.<anonymous> (C:\my_play\poketmon_demo\tests\explore-interiors.test.ts:97:47)
      at Test.runInAsyncScope (node:async_hooks:227:14)
      at Test.run (node:internal/test_runner/test:1325:25)
      at Test.processPendingSubtests (node:internal/test_runner/test:911:18)
      at Test.postRun (node:internal/test_runner/test:1465:19)
      at Test.run (node:internal/test_runner/test:1390:12)
      at async Test.processPendingSubtests (node:internal/test_runner/test:911:7) {
    generatedMessage: false,
    code: 'ERR_ASSERTION',
    actual: null,
    expected: true,
    operator: '==',
    diff: 'simple'
  }

test at tests\explore-interiors.test.ts:103:1
✖ facility dialogue fits the two-line DS dialogue box and landmark collections are distinct (1.2698ms)
  AssertionError [ERR_ASSERTION]: tour_eterna_hall dialogue width: 지금의 남쪽 산책로는 아직 그려져 있지 않다.
      at TestContext.<anonymous> (C:\my_play\poketmon_demo\tests\explore-interiors.test.ts:109:42)
      at Test.runInAsyncScope (node:async_hooks:227:14)
      at Test.run (node:internal/test_runner/test:1325:25)
      at Test.processPendingSubtests (node:internal/test_runner/test:911:18)
      at Test.postRun (node:internal/test_runner/test:1465:19)
      at Test.run (node:internal/test_runner/test:1390:12)
      at async Test.processPendingSubtests (node:internal/test_runner/test:911:7) {
    generatedMessage: false,
    code: 'ERR_ASSERTION',
    actual: false,
    expected: true,
    operator: '==',
    diff: 'simple'
  }

test at tests\explore-journal.test.ts:36:1
✖ all map visits separate 43 original places, interiors and new passages without duplicates (617.0517ms)
  AssertionError [ERR_ASSERTION]: Expected values to be strictly equal:
  
  48 !== 43
  
      at TestContext.<anonymous> (C:\my_play\poketmon_demo\tests\explore-journal.test.ts:38:76)
      at Test.runInAsyncScope (node:async_hooks:227:14)
      at Test.run (node:internal/test_runner/test:1325:25)
      at Test.processPendingSubtests (node:internal/test_runner/test:911:18)
      at Test.postRun (node:internal/test_runner/test:1465:19)
      at Test.run (node:internal/test_runner/test:1390:12)
      at async Test.processPendingSubtests (node:internal/test_runner/test:911:7) {
    generatedMessage: true,
    code: 'ERR_ASSERTION',
    actual: 48,
    expected: 43,
    operator: 'strictEqual',
    diff: 'simple'
  }

test at tests\explore-layouts.test.ts:10:1
✖ six towns and five trails have distinct investigable arrangements while facility doors stay aligned (57.8684ms)
  AssertionError [ERR_ASSERTION]: The expression evaluated to a falsy value:
  
    assert(TOUR_FEATURES.tour_hearthome.every(f=>f.kind==='garden'))
  
      at TestContext.<anonymous> (C:\my_play\poketmon_demo\tests\explore-layouts.test.ts:13:64)
      at Test.runInAsyncScope (node:async_hooks:227:14)
      at Test.run (node:internal/test_runner/test:1325:25)
      at Test.start (node:internal/test_runner/test:1191:17)
      at startSubtestAfterBootstrap (node:internal/test_runner/harness:385:17) {
    generatedMessage: true,
    code: 'ERR_ASSERTION',
    actual: false,
    expected: true,
    operator: '==',
    diff: 'simple'
  }

test at tests\explore-layouts.test.ts:41:1
✖ wooden observation paths stay on reachable floor and revision 11 saves recover new scenery overlaps (37.8909ms)
  AssertionError [ERR_ASSERTION]: tour_eterna deck is floor
  
  '#' !== '.'
  
      at TestContext.<anonymous> (C:\my_play\poketmon_demo\tests\explore-layouts.test.ts:53:14)
      at Test.runInAsyncScope (node:async_hooks:227:14)
      at Test.run (node:internal/test_runner/test:1325:25)
      at Test.processPendingSubtests (node:internal/test_runner/test:911:18)
      at Test.postRun (node:internal/test_runner/test:1465:19)
      at Test.run (node:internal/test_runner/test:1390:12)
      at async Test.processPendingSubtests (node:internal/test_runner/test:911:7) {
    generatedMessage: false,
    code: 'ERR_ASSERTION',
    actual: '#',
    expected: '.',
    operator: 'strictEqual',
    diff: 'simple'
  }

test at tests\explore-minimap.test.ts:16:1
✖ all tour minimap markers match actual doors or NPCs, fit the map and have distinct touch areas (9.9905ms)
  AssertionError [ERR_ASSERTION]: The expression evaluated to a falsy value:
  
    assert(map.warps.some(w=>w.to===m.destination&&w.x===m.x&&w.y===m.y))
  
      at TestContext.<anonymous> (C:\my_play\poketmon_demo\tests\explore-minimap.test.ts:22:38)
      at Test.runInAsyncScope (node:async_hooks:227:14)
      at Test.run (node:internal/test_runner/test:1325:25)
      at Test.start (node:internal/test_runner/test:1191:17)
      at startSubtestAfterBootstrap (node:internal/test_runner/harness:385:17) {
    generatedMessage: true,
    code: 'ERR_ASSERTION',
    actual: false,
    expected: true,
    operator: '==',
    diff: 'simple'
  }

test at tests\explore-minimap.test.ts:32:1
✖ touching facilities guides without travel, while touching a person only identifies them (71.3126ms)
  AssertionError [ERR_ASSERTION]: Expected values to be strictly equal:
  + actual - expected
  
  + ''
  - '광장 주민 · 앞에서 Z 대화'
  
      at TestContext.<anonymous> (C:\my_play\poketmon_demo\tests\explore-minimap.test.ts:36:94)
      at Test.runInAsyncScope (node:async_hooks:227:14)
      at Test.run (node:internal/test_runner/test:1325:25)
      at Test.processPendingSubtests (node:internal/test_runner/test:911:18)
      at Test.postRun (node:internal/test_runner/test:1465:19)
      at Test.run (node:internal/test_runner/test:1390:12)
      at async startSubtestAfterBootstrap (node:internal/test_runner/harness:385:3) {
    generatedMessage: true,
    code: 'ERR_ASSERTION',
    actual: '',
    expected: '광장 주민 · 앞에서 Z 대화',
    operator: 'strictEqual',
    diff: 'simple'
  }

test at tests\explore-minimap.test.ts:41:1
✖ markers cannot change guidance through menus, dialogue, walking, transitions or stale map hits (33.4557ms)
  AssertionError [ERR_ASSERTION]: Expected values to be strictly equal:
  
  20 !== 0
  
      at TestContext.<anonymous> (C:\my_play\poketmon_demo\tests\explore-minimap.test.ts:52:10)
      at Test.runInAsyncScope (node:async_hooks:227:14)
      at Test.run (node:internal/test_runner/test:1325:25)
      at Test.processPendingSubtests (node:internal/test_runner/test:911:18)
      at Test.postRun (node:internal/test_runner/test:1465:19)
      at Test.run (node:internal/test_runner/test:1390:12)
      at async Test.processPendingSubtests (node:internal/test_runner/test:911:7) {
    generatedMessage: true,
    code: 'ERR_ASSERTION',
    actual: 20,
    expected: 0,
    operator: 'strictEqual',
    diff: 'simple'
  }

test at tests\explore-navigation.test.ts:11:1
✖ every pair of tour destinations has a legal connected map route and a usable first exit path (30.6346ms)
  AssertionError [ERR_ASSERTION]: Expected values to be strictly equal:
  + actual - expected
  
  + 'blocked'
  - 'walking'
  
      at TestContext.<anonymous> (C:\my_play\poketmon_demo\tests\explore-navigation.test.ts:12:189)
      at Test.runInAsyncScope (node:async_hooks:227:14)
      at Test.run (node:internal/test_runner/test:1325:25)
      at Test.start (node:internal/test_runner/test:1191:17)
      at startSubtestAfterBootstrap (node:internal/test_runner/harness:385:17) {
    generatedMessage: true,
    code: 'ERR_ASSERTION',
    actual: 'blocked',
    expected: 'walking',
    operator: 'strictEqual',
    diff: 'simple'
  }

test at tests\explore-navigation.test.ts:18:1
✖ all interiors first guide outside and recognize a destination already being visited (54.2439ms)
  AssertionError [ERR_ASSERTION]: Expected values to be strictly equal:
  + actual - expected
  
  + 'blocked'
  - 'walking'
  
      at TestContext.<anonymous> (C:\my_play\poketmon_demo\tests\explore-navigation.test.ts:19:278)
      at Test.runInAsyncScope (node:async_hooks:227:14)
      at Test.run (node:internal/test_runner/test:1325:25)
      at Test.processPendingSubtests (node:internal/test_runner/test:911:18)
      at Test.postRun (node:internal/test_runner/test:1465:19)
      at Test.run (node:internal/test_runner/test:1390:12)
      at async startSubtestAfterBootstrap (node:internal/test_runner/harness:385:3) {
    generatedMessage: true,
    code: 'ERR_ASSERTION',
    actual: 'blocked',
    expected: 'walking',
    operator: 'strictEqual',
    diff: 'simple'
  }

test at tests\explore-outdoors.test.ts:11:1
✖ original outdoor maps and added passages expose solid signs for actual exterior exits (5.3975ms)
  AssertionError [ERR_ASSERTION]: Expected values to be strictly equal:
  
  151 !== 134
  
      at TestContext.<anonymous> (C:\my_play\poketmon_demo\tests\explore-outdoors.test.ts:12:10)
      at Test.runInAsyncScope (node:async_hooks:227:14)
      at Test.run (node:internal/test_runner/test:1325:25)
      at Test.start (node:internal/test_runner/test:1191:17)
      at startSubtestAfterBootstrap (node:internal/test_runner/harness:385:17) {
    generatedMessage: true,
    code: 'ERR_ASSERTION',
    actual: 151,
    expected: 134,
    operator: 'strictEqual',
    diff: 'simple'
  }

test at tests\explore-outdoors.test.ts:22:44
✖ outdoor investigation through reachable surfaces preserves progress: tour_jubilife (40.4079ms)
  AssertionError [ERR_ASSERTION]: ← 서쪽 출구 → 신오 218번도로 · 육지 접근부
      at TestContext.<anonymous> (C:\my_play\poketmon_demo\tests\explore-outdoors.test.ts:46:131)
      at Test.runInAsyncScope (node:async_hooks:227:14)
      at Test.run (node:internal/test_runner/test:1325:25)
      at Test.processPendingSubtests (node:internal/test_runner/test:911:18)
      at Test.postRun (node:internal/test_runner/test:1465:19)
      at Test.run (node:internal/test_runner/test:1390:12)
      at async startSubtestAfterBootstrap (node:internal/test_runner/harness:385:3) {
    generatedMessage: false,
    code: 'ERR_ASSERTION',
    actual: false,
    expected: true,
    operator: '==',
    diff: 'simple'
  }

test at tests\explore-outdoors.test.ts:22:44
✖ outdoor investigation through reachable surfaces preserves progress: tour_eterna (46.353ms)
  AssertionError [ERR_ASSERTION]: Expected values to be strictly equal:
  + actual - expected
  
  + '묘목밭 관리판'
  - '숲지기들의 묘목밭'
  
      at TestContext.<anonymous> (C:\my_play\poketmon_demo\tests\explore-outdoors.test.ts:39:65)
      at Test.runInAsyncScope (node:async_hooks:227:14)
      at Test.run (node:internal/test_runner/test:1325:25)
      at Test.processPendingSubtests (node:internal/test_runner/test:911:18)
      at Test.postRun (node:internal/test_runner/test:1465:19)
      at Test.run (node:internal/test_runner/test:1390:12)
      at async Test.processPendingSubtests (node:internal/test_runner/test:911:7) {
    generatedMessage: true,
    code: 'ERR_ASSERTION',
    actual: '묘목밭 관리판',
    expected: '숲지기들의 묘목밭',
    operator: 'strictEqual',
    diff: 'simple'
  }

test at tests\explore-outdoors.test.ts:22:44
✖ outdoor investigation through reachable surfaces preserves progress: tour_hearthome (16.7769ms)
  AssertionError [ERR_ASSERTION]: 중앙 공연 거리로 이어지는 길을 비워 두었다.
      at TestContext.<anonymous> (C:\my_play\poketmon_demo\tests\explore-outdoors.test.ts:46:131)
      at Test.runInAsyncScope (node:async_hooks:227:14)
      at Test.run (node:internal/test_runner/test:1325:25)
      at Test.processPendingSubtests (node:internal/test_runner/test:911:18)
      at Test.postRun (node:internal/test_runner/test:1465:19)
      at Test.run (node:internal/test_runner/test:1390:12)
      at async Test.processPendingSubtests (node:internal/test_runner/test:911:7) {
    generatedMessage: false,
    code: 'ERR_ASSERTION',
    actual: false,
    expected: true,
    operator: '==',
    diff: 'simple'
  }

test at tests\explore-outdoors.test.ts:22:44
✖ outdoor investigation through reachable surfaces preserves progress: tour_veilstone (15.0515ms)
  AssertionError [ERR_ASSERTION]: 긴 고갯길을 건너온 동료가 숨을 고르는 작은 화단이다.
      at TestContext.<anonymous> (C:\my_play\poketmon_demo\tests\explore-outdoors.test.ts:46:131)
      at Test.runInAsyncScope (node:async_hooks:227:14)
      at Test.run (node:internal/test_runner/test:1325:25)
      at Test.processPendingSubtests (node:internal/test_runner/test:911:18)
      at Test.postRun (node:internal/test_runner/test:1465:19)
      at Test.run (node:internal/test_runner/test:1390:12)
      at async Test.processPendingSubtests (node:internal/test_runner/test:911:7) {
    generatedMessage: false,
    code: 'ERR_ASSERTION',
    actual: false,
    expected: true,
    operator: '==',
    diff: 'simple'
  }

test at tests\explore-outdoors.test.ts:22:44
✖ outdoor investigation through reachable surfaces preserves progress: tour_pastoria (7.888ms)
  AssertionError [ERR_ASSERTION]: 정원길에서 내려온 물기가 갈대 사이로 번진다.
      at TestContext.<anonymous> (C:\my_play\poketmon_demo\tests\explore-outdoors.test.ts:46:131)
      at Test.runInAsyncScope (node:async_hooks:227:14)
      at Test.run (node:internal/test_runner/test:1325:25)
      at Test.processPendingSubtests (node:internal/test_runner/test:911:18)
      at Test.postRun (node:internal/test_runner/test:1465:19)
      at Test.run (node:internal/test_runner/test:1390:12)
      at async Test.processPendingSubtests (node:internal/test_runner/test:911:7) {
    generatedMessage: false,
    code: 'ERR_ASSERTION',
    actual: false,
    expected: true,
    operator: '==',
    diff: 'simple'
  }

test at tests\explore-outdoors.test.ts:22:44
✖ outdoor investigation through reachable surfaces preserves progress: tour_canalave (85.3132ms)
  AssertionError [ERR_ASSERTION]: 도보 연구길에서 내려온 여행자가 운하의 수위와 화물을 살핀다.
      at TestContext.<anonymous> (C:\my_play\poketmon_demo\tests\explore-outdoors.test.ts:46:131)
      at Test.runInAsyncScope (node:async_hooks:227:14)
      at Test.run (node:internal/test_runner/test:1325:25)
      at Test.processPendingSubtests (node:internal/test_runner/test:911:18)
      at Test.postRun (node:internal/test_runner/test:1465:19)
      at Test.run (node:internal/test_runner/test:1390:12)
      at async Test.processPendingSubtests (node:internal/test_runner/test:911:7) {
    generatedMessage: false,
    code: 'ERR_ASSERTION',
    actual: false,
    expected: true,
    operator: '==',
    diff: 'simple'
  }

test at tests\explore-outdoors.test.ts:22:44
✖ outdoor investigation through reachable surfaces preserves progress: tour_snowpoint (9.6854ms)
  AssertionError [ERR_ASSERTION]: 눈에 묻히지 않는 돌기둥이 남쪽 입구를 표시한다.
      at TestContext.<anonymous> (C:\my_play\poketmon_demo\tests\explore-outdoors.test.ts:46:131)
      at Test.runInAsyncScope (node:async_hooks:227:14)
      at Test.run (node:internal/test_runner/test:1325:25)
      at Test.processPendingSubtests (node:internal/test_runner/test:911:18)
      at Test.postRun (node:internal/test_runner/test:1465:19)
      at Test.run (node:internal/test_runner/test:1390:12)
      at async Test.processPendingSubtests (node:internal/test_runner/test:911:7) {
    generatedMessage: false,
    code: 'ERR_ASSERTION',
    actual: false,
    expected: true,
    operator: '==',
    diff: 'simple'
  }

test at tests\explore-outdoors.test.ts:22:44
✖ outdoor investigation through reachable surfaces preserves progress: tour_sunyshore (8.0589ms)
  AssertionError [ERR_ASSERTION]: 해안길을 지나온 파도가 낮은 방파제에 닿는다.
      at TestContext.<anonymous> (C:\my_play\poketmon_demo\tests\explore-outdoors.test.ts:46:131)
      at Test.runInAsyncScope (node:async_hooks:227:14)
      at Test.run (node:internal/test_runner/test:1325:25)
      at Test.processPendingSubtests (node:internal/test_runner/test:911:18)
      at Test.postRun (node:internal/test_runner/test:1465:19)
      at Test.run (node:internal/test_runner/test:1390:12)
      at async Test.processPendingSubtests (node:internal/test_runner/test:911:7) {
    generatedMessage: false,
    code: 'ERR_ASSERTION',
    actual: false,
    expected: true,
    operator: '==',
    diff: 'simple'
  }

test at tests\explore-outdoors.test.ts:22:44
✖ outdoor investigation through reachable surfaces preserves progress: tour_lake (5.3721ms)
  AssertionError [ERR_ASSERTION]: 천관산 하부에서 흘러온 물이 잔잔하게 머문다.
      at TestContext.<anonymous> (C:\my_play\poketmon_demo\tests\explore-outdoors.test.ts:46:131)
      at Test.runInAsyncScope (node:async_hooks:227:14)
      at Test.run (node:internal/test_runner/test:1325:25)
      at Test.processPendingSubtests (node:internal/test_runner/test:911:18)
      at Test.postRun (node:internal/test_runner/test:1465:19)
      at Test.run (node:internal/test_runner/test:1390:12)
      at async Test.processPendingSubtests (node:internal/test_runner/test:911:7) {
    generatedMessage: false,
    code: 'ERR_ASSERTION',
    actual: false,
    expected: true,
    operator: '==',
    diff: 'simple'
  }

test at tests\explore-outdoors.test.ts:22:44
✖ outdoor investigation through reachable surfaces preserves progress: tour_vermilion (5.0425ms)
  AssertionError [ERR_ASSERTION]: Expected values to be strictly deep-equal:
  + actual - expected
  
    [
      '짐을 내리는 부두의 안쪽 수면이다.\n물가를 따라 터미널 뒤편까지 걸을 수 있다.',
  +   '괴력이나 알통몬 같은 동료가 짐을 옮기고,\n고라파덕은 물가에 떨어진 물건을 살핀다.'
    ]
  
      at TestContext.<anonymous> (C:\my_play\poketmon_demo\tests\explore-outdoors.test.ts:39:126)
      at Test.runInAsyncScope (node:async_hooks:227:14)
      at Test.run (node:internal/test_runner/test:1325:25)
      at Test.processPendingSubtests (node:internal/test_runner/test:911:18)
      at Test.postRun (node:internal/test_runner/test:1465:19)
      at Test.run (node:internal/test_runner/test:1390:12)
      at async Test.processPendingSubtests (node:internal/test_runner/test:911:7) {
    generatedMessage: true,
    code: 'ERR_ASSERTION',
    actual: [ '짐을 내리는 부두의 안쪽 수면이다.\n물가를 따라 터미널 뒤편까지 걸을 수 있다.', '괴력이나 알통몬 같은 동료가 짐을 옮기고,\n고라파덕은 물가에 떨어진 물건을 살핀다.' ],
    expected: [ '짐을 내리는 부두의 안쪽 수면이다.\n물가를 따라 터미널 뒤편까지 걸을 수 있다.' ],
    operator: 'deepStrictEqual',
    diff: 'simple'
  }

test at tests\explore-outdoors.test.ts:22:44
✖ outdoor investigation through reachable surfaces preserves progress: tour_cerulean (7.6025ms)
  AssertionError [ERR_ASSERTION]: Expected values to be strictly equal:
  + actual - expected
  
  + undefined
  - '9번도로 동쪽 출구'
  
      at TestContext.<anonymous> (C:\my_play\poketmon_demo\tests\explore-outdoors.test.ts:39:65)
      at Test.runInAsyncScope (node:async_hooks:227:14)
      at Test.run (node:internal/test_runner/test:1325:25)
      at Test.processPendingSubtests (node:internal/test_runner/test:911:18)
      at Test.postRun (node:internal/test_runner/test:1465:19)
      at Test.run (node:internal/test_runner/test:1390:12)
      at async Test.processPendingSubtests (node:internal/test_runner/test:911:7) {
    generatedMessage: true,
    code: 'ERR_ASSERTION',
    actual: undefined,
    expected: '9번도로 동쪽 출구',
    operator: 'strictEqual',
    diff: 'simple'
  }

test at tests\explore-outdoors.test.ts:22:44
✖ outdoor investigation through reachable surfaces preserves progress: tour_celadon (3.9392ms)
  AssertionError [ERR_ASSERTION]: 계절마다 색이 달라지는 꽃을 주민과 포켓몬이 함께 돌본다.
      at TestContext.<anonymous> (C:\my_play\poketmon_demo\tests\explore-outdoors.test.ts:46:131)
      at Test.runInAsyncScope (node:async_hooks:227:14)
      at Test.run (node:internal/test_runner/test:1325:25)
      at Test.processPendingSubtests (node:internal/test_runner/test:911:18)
      at Test.postRun (node:internal/test_runner/test:1465:19)
      at Test.run (node:internal/test_runner/test:1390:12)
      at async Test.processPendingSubtests (node:internal/test_runner/test:911:7) {
    generatedMessage: false,
    code: 'ERR_ASSERTION',
    actual: false,
    expected: true,
    operator: '==',
    diff: 'simple'
  }

test at tests\explore-outdoors.test.ts:22:44
✖ outdoor investigation through reachable surfaces preserves progress: tour_saffron (4.0529ms)
  AssertionError [ERR_ASSERTION]: 높은 빌딩 사이의 바람을 낮추는 작은 화단이다.
      at TestContext.<anonymous> (C:\my_play\poketmon_demo\tests\explore-outdoors.test.ts:46:131)
      at Test.runInAsyncScope (node:async_hooks:227:14)
      at Test.run (node:internal/test_runner/test:1325:25)
      at Test.processPendingSubtests (node:internal/test_runner/test:911:18)
      at Test.postRun (node:internal/test_runner/test:1465:19)
      at Test.run (node:internal/test_runner/test:1390:12)
      at async Test.processPendingSubtests (node:internal/test_runner/test:911:7) {
    generatedMessage: false,
    code: 'ERR_ASSERTION',
    actual: false,
    expected: true,
    operator: '==',
    diff: 'simple'
  }

test at tests\explore-outdoors.test.ts:22:44
✖ outdoor investigation through reachable surfaces preserves progress: tour_lavender (9.7989ms)
  AssertionError [ERR_ASSERTION]: The expression evaluated to a falsy value:
  
    assert(g.interactionHint?.includes(obj.name))
  
      at TestContext.<anonymous> (C:\my_play\poketmon_demo\tests\explore-outdoors.test.ts:29:69)
      at Test.runInAsyncScope (node:async_hooks:227:14)
      at Test.run (node:internal/test_runner/test:1325:25)
      at Test.processPendingSubtests (node:internal/test_runner/test:911:18)
      at Test.postRun (node:internal/test_runner/test:1465:19)
      at Test.run (node:internal/test_runner/test:1390:12)
      at async Test.processPendingSubtests (node:internal/test_runner/test:911:7) {
    generatedMessage: true,
    code: 'ERR_ASSERTION',
    actual: false,
    expected: true,
    operator: '==',
    diff: 'simple'
  }

test at tests\explore-outdoors.test.ts:22:44
✖ outdoor investigation through reachable surfaces preserves progress: tour_fuchsia (4.4165ms)
  AssertionError [ERR_ASSERTION]: 도시 한가운데에서 사람과 포켓몬의 생활 구역을 보호구역 경계와 나누는 낮은 숲이다.
      at TestContext.<anonymous> (C:\my_play\poketmon_demo\tests\explore-outdoors.test.ts:46:131)
      at Test.runInAsyncScope (node:async_hooks:227:14)
      at Test.run (node:internal/test_runner/test:1325:25)
      at Test.processPendingSubtests (node:internal/test_runner/test:911:18)
      at Test.postRun (node:internal/test_runner/test:1465:19)
      at Test.run (node:internal/test_runner/test:1390:12)
      at async Test.processPendingSubtests (node:internal/test_runner/test:911:7) {
    generatedMessage: false,
    code: 'ERR_ASSERTION',
    actual: false,
    expected: true,
    operator: '==',
    diff: 'simple'
  }

test at tests\explore-outdoors.test.ts:22:44
✖ outdoor investigation through reachable surfaces preserves progress: tour_cinnabar (10.2472ms)
  AssertionError [ERR_ASSERTION]: Expected values to be strictly deep-equal:
  + actual - expected
  
    [
      '식은 용암이 여러 겹으로 굳어 있다.\n연구소 앞 돌과 같은 붉은 결이다.',
  +   '표면을 살펴보고 관찰 내용을 적었다.\n연구소의 표본과 비교해 보자.'
    ]
  
      at TestContext.<anonymous> (C:\my_play\poketmon_demo\tests\explore-outdoors.test.ts:39:126)
      at Test.runInAsyncScope (node:async_hooks:227:14)
      at Test.run (node:internal/test_runner/test:1325:25)
      at Test.processPendingSubtests (node:internal/test_runner/test:911:18)
      at Test.postRun (node:internal/test_runner/test:1465:19)
      at Test.run (node:internal/test_runner/test:1390:12)
      at async Test.processPendingSubtests (node:internal/test_runner/test:911:7) {
    generatedMessage: true,
    code: 'ERR_ASSERTION',
    actual: [ '식은 용암이 여러 겹으로 굳어 있다.\n연구소 앞 돌과 같은 붉은 결이다.', '표면을 살펴보고 관찰 내용을 적었다.\n연구소의 표본과 비교해 보자.' ],
    expected: [ '식은 용암이 여러 겹으로 굳어 있다.\n연구소 앞 돌과 같은 붉은 결이다.' ],
    operator: 'deepStrictEqual',
    diff: 'simple'
  }

test at tests\explore-outdoors.test.ts:22:44
✖ outdoor investigation through reachable surfaces preserves progress: tour_goldenrod (6.405ms)
  AssertionError [ERR_ASSERTION]: 노랑시티로 향하는 선로가 도시 밖으로 뻗는다.
      at TestContext.<anonymous> (C:\my_play\poketmon_demo\tests\explore-outdoors.test.ts:46:131)
      at Test.runInAsyncScope (node:async_hooks:227:14)
      at Test.run (node:internal/test_runner/test:1325:25)
      at Test.processPendingSubtests (node:internal/test_runner/test:911:18)
      at Test.postRun (node:internal/test_runner/test:1465:19)
      at Test.run (node:internal/test_runner/test:1390:12)
      at async Test.processPendingSubtests (node:internal/test_runner/test:911:7) {
    generatedMessage: false,
    code: 'ERR_ASSERTION',
    actual: false,
    expected: true,
    operator: '==',
    diff: 'simple'
  }

test at tests\explore-outdoors.test.ts:22:44
✖ outdoor investigation through reachable surfaces preserves progress: tour_violet (1.8298ms)
  AssertionError [ERR_ASSERTION]: 낮은 돌과 풀 사이로 탑의 나무 기둥이 보인다.
      at TestContext.<anonymous> (C:\my_play\poketmon_demo\tests\explore-outdoors.test.ts:46:131)
      at Test.runInAsyncScope (node:async_hooks:227:14)
      at Test.run (node:internal/test_runner/test:1325:25)
      at Test.processPendingSubtests (node:internal/test_runner/test:911:18)
      at Test.postRun (node:internal/test_runner/test:1465:19)
      at Test.run (node:internal/test_runner/test:1390:12)
      at async Test.processPendingSubtests (node:internal/test_runner/test:911:7) {
    generatedMessage: false,
    code: 'ERR_ASSERTION',
    actual: false,
    expected: true,
    operator: '==',
    diff: 'simple'
  }

test at tests\explore-outdoors.test.ts:22:44
✖ outdoor investigation through reachable surfaces preserves progress: tour_azalea (1.5838ms)
  AssertionError [ERR_ASSERTION]: 너도밤나무숲에서 나온 길에 규토리 나무가 서 있다.
      at TestContext.<anonymous> (C:\my_play\poketmon_demo\tests\explore-outdoors.test.ts:46:131)
      at Test.runInAsyncScope (node:async_hooks:227:14)
      at Test.run (node:internal/test_runner/test:1325:25)
      at Test.processPendingSubtests (node:internal/test_runner/test:911:18)
      at Test.postRun (node:internal/test_runner/test:1465:19)
      at Test.run (node:internal/test_runner/test:1390:12)
      at async Test.processPendingSubtests (node:internal/test_runner/test:911:7) {
    generatedMessage: false,
    code: 'ERR_ASSERTION',
    actual: false,
    expected: true,
    operator: '==',
    diff: 'simple'
  }

test at tests\explore-outdoors.test.ts:22:44
✖ outdoor investigation through reachable surfaces preserves progress: tour_ilex (21.396ms)
  AssertionError [ERR_ASSERTION]: 낮은 가지 아래로 포켓몬이 지난 흔적이 있다.
      at TestContext.<anonymous> (C:\my_play\poketmon_demo\tests\explore-outdoors.test.ts:46:131)
      at Test.runInAsyncScope (node:async_hooks:227:14)
      at Test.run (node:internal/test_runner/test:1325:25)
      at Test.processPendingSubtests (node:internal/test_runner/test:911:18)
      at Test.postRun (node:internal/test_runner/test:1465:19)
      at Test.run (node:internal/test_runner/test:1390:12)
      at async Test.processPendingSubtests (node:internal/test_runner/test:911:7) {
    generatedMessage: false,
    code: 'ERR_ASSERTION',
    actual: false,
    expected: true,
    operator: '==',
    diff: 'simple'
  }

test at tests\explore-outdoors.test.ts:22:44
✖ outdoor investigation through reachable surfaces preserves progress: tour_ecruteak (6.5104ms)
  AssertionError [ERR_ASSERTION]: 낮은 돌등과 오래된 나무가 탑 앞 길을 감싼다.
      at TestContext.<anonymous> (C:\my_play\poketmon_demo\tests\explore-outdoors.test.ts:46:131)
      at Test.runInAsyncScope (node:async_hooks:227:14)
      at Test.run (node:internal/test_runner/test:1325:25)
      at Test.processPendingSubtests (node:internal/test_runner/test:911:18)
      at Test.postRun (node:internal/test_runner/test:1465:19)
      at Test.run (node:internal/test_runner/test:1390:12)
      at async Test.processPendingSubtests (node:internal/test_runner/test:911:7) {
    generatedMessage: false,
    code: 'ERR_ASSERTION',
    actual: false,
    expected: true,
    operator: '==',
    diff: 'simple'
  }

test at tests\explore-outdoors.test.ts:22:44
✖ outdoor investigation through reachable surfaces preserves progress: tour_mahogany (6.0871ms)
  AssertionError [ERR_ASSERTION]: 산나물과 여행 장비를 낮은 차양 아래 나누어 말린다.
      at TestContext.<anonymous> (C:\my_play\poketmon_demo\tests\explore-outdoors.test.ts:46:131)
      at Test.runInAsyncScope (node:async_hooks:227:14)
      at Test.run (node:internal/test_runner/test:1325:25)
      at Test.processPendingSubtests (node:internal/test_runner/test:911:18)
      at Test.postRun (node:internal/test_runner/test:1465:19)
      at Test.run (node:internal/test_runner/test:1390:12)
      at async Test.processPendingSubtests (node:internal/test_runner/test:911:7) {
    generatedMessage: false,
    code: 'ERR_ASSERTION',
    actual: false,
    expected: true,
    operator: '==',
    diff: 'simple'
  }

test at tests\explore-outdoors.test.ts:22:44
✖ outdoor investigation through reachable surfaces preserves progress: tour_olivine (3.7652ms)
  AssertionError [ERR_ASSERTION]: The expression evaluated to a falsy value:
  
    assert(g.interactionHint?.includes(obj.name))
  
      at TestContext.<anonymous> (C:\my_play\poketmon_demo\tests\explore-outdoors.test.ts:29:69)
      at Test.runInAsyncScope (node:async_hooks:227:14)
      at Test.run (node:internal/test_runner/test:1325:25)
      at Test.processPendingSubtests (node:internal/test_runner/test:911:18)
      at Test.postRun (node:internal/test_runner/test:1465:19)
      at Test.run (node:internal/test_runner/test:1390:12)
      at async Test.processPendingSubtests (node:internal/test_runner/test:911:7) {
    generatedMessage: true,
    code: 'ERR_ASSERTION',
    actual: false,
    expected: true,
    operator: '==',
    diff: 'simple'
  }

test at tests\explore-outdoors.test.ts:22:44
✖ outdoor investigation through reachable surfaces preserves progress: tour_cianwood (3.3651ms)
  AssertionError [ERR_ASSERTION]: 정기 연락선이 낮은 상륙 데크에 닿는 잔잔한 만이다.
      at TestContext.<anonymous> (C:\my_play\poketmon_demo\tests\explore-outdoors.test.ts:46:131)
      at Test.runInAsyncScope (node:async_hooks:227:14)
      at Test.run (node:internal/test_runner/test:1325:25)
      at Test.processPendingSubtests (node:internal/test_runner/test:911:18)
      at Test.postRun (node:internal/test_runner/test:1465:19)
      at Test.run (node:internal/test_runner/test:1390:12)
      at async Test.processPendingSubtests (node:internal/test_runner/test:911:7) {
    generatedMessage: false,
    code: 'ERR_ASSERTION',
    actual: false,
    expected: true,
    operator: '==',
    diff: 'simple'
  }

test at tests\explore-outdoors.test.ts:22:44
✖ outdoor investigation through reachable surfaces preserves progress: tour_castelia (4.6155ms)
  AssertionError [ERR_ASSERTION]: Expected values to be strictly deep-equal:
  + actual - expected
  
    [
      '부두의 그늘과 밝은 바닷빛이\n물결을 따라 번갈아 흔들린다.',
  +   '건강한 선두 동료와 함께 오면\n이 풍경을 스케치로 남길 수 있다.'
    ]
  
      at TestContext.<anonymous> (C:\my_play\poketmon_demo\tests\explore-outdoors.test.ts:39:126)
      at Test.runInAsyncScope (node:async_hooks:227:14)
      at Test.run (node:internal/test_runner/test:1325:25)
      at Test.processPendingSubtests (node:internal/test_runner/test:911:18)
      at Test.postRun (node:internal/test_runner/test:1465:19)
      at Test.run (node:internal/test_runner/test:1390:12)
      at async Test.processPendingSubtests (node:internal/test_runner/test:911:7) {
    generatedMessage: true,
    code: 'ERR_ASSERTION',
    actual: [ '부두의 그늘과 밝은 바닷빛이\n물결을 따라 번갈아 흔들린다.', '건강한 선두 동료와 함께 오면\n이 풍경을 스케치로 남길 수 있다.' ],
    expected: [ '부두의 그늘과 밝은 바닷빛이\n물결을 따라 번갈아 흔들린다.' ],
    operator: 'deepStrictEqual',
    diff: 'simple'
  }

test at tests\explore-outdoors.test.ts:22:44
✖ outdoor investigation through reachable surfaces preserves progress: tour_nimbasa (11.5988ms)
  AssertionError [ERR_ASSERTION]: 공연을 기다리는 주민과 포켓몬이 쉬는 작은 화단이다.
      at TestContext.<anonymous> (C:\my_play\poketmon_demo\tests\explore-outdoors.test.ts:46:131)
      at Test.runInAsyncScope (node:async_hooks:227:14)
      at Test.run (node:internal/test_runner/test:1325:25)
      at Test.processPendingSubtests (node:internal/test_runner/test:911:18)
      at Test.postRun (node:internal/test_runner/test:1465:19)
      at Test.run (node:internal/test_runner/test:1390:12)
      at async Test.processPendingSubtests (node:internal/test_runner/test:911:7) {
    generatedMessage: false,
    code: 'ERR_ASSERTION',
    actual: false,
    expected: true,
    operator: '==',
    diff: 'simple'
  }

test at tests\explore-outdoors.test.ts:22:44
✖ outdoor investigation through reachable surfaces preserves progress: tour_driftveil (6.4442ms)
  AssertionError [ERR_ASSERTION]: 시장으로 들어온 작은 운하에 짐배가 잠시 머문다.
      at TestContext.<anonymous> (C:\my_play\poketmon_demo\tests\explore-outdoors.test.ts:46:131)
      at Test.runInAsyncScope (node:async_hooks:227:14)
      at Test.run (node:internal/test_runner/test:1325:25)
      at Test.processPendingSubtests (node:internal/test_runner/test:911:18)
      at Test.postRun (node:internal/test_runner/test:1465:19)
      at Test.run (node:internal/test_runner/test:1390:12)
      at async Test.processPendingSubtests (node:internal/test_runner/test:911:7) {
    generatedMessage: false,
    code: 'ERR_ASSERTION',
    actual: false,
    expected: true,
    operator: '==',
    diff: 'simple'
  }

test at tests\explore-outdoors.test.ts:22:44
✖ outdoor investigation through reachable surfaces preserves progress: tour_mistralton (2.2548ms)
  AssertionError [ERR_ASSERTION]: 전기돌동굴을 나온 여행자와 포켓몬이 바람을 쐬는 풀밭이다.
      at TestContext.<anonymous> (C:\my_play\poketmon_demo\tests\explore-outdoors.test.ts:46:131)
      at Test.runInAsyncScope (node:async_hooks:227:14)
      at Test.run (node:internal/test_runner/test:1325:25)
      at Test.processPendingSubtests (node:internal/test_runner/test:911:18)
      at Test.postRun (node:internal/test_runner/test:1465:19)
      at Test.run (node:internal/test_runner/test:1390:12)
      at async Test.processPendingSubtests (node:internal/test_runner/test:911:7) {
    generatedMessage: false,
    code: 'ERR_ASSERTION',
    actual: false,
    expected: true,
    operator: '==',
    diff: 'simple'
  }

test at tests\explore-outdoors.test.ts:22:44
✖ outdoor investigation through reachable surfaces preserves progress: tour_lentimas (2.1395ms)
  AssertionError [ERR_ASSERTION]: 궐수에서 온 작은 비행기가 화산재 바람을 피해 내리는 흙 활주로다.
      at TestContext.<anonymous> (C:\my_play\poketmon_demo\tests\explore-outdoors.test.ts:46:131)
      at Test.runInAsyncScope (node:async_hooks:227:14)
      at Test.run (node:internal/test_runner/test:1325:25)
      at Test.processPendingSubtests (node:internal/test_runner/test:911:18)
      at Test.postRun (node:internal/test_runner/test:1465:19)
      at Test.run (node:internal/test_runner/test:1390:12)
      at async Test.processPendingSubtests (node:internal/test_runner/test:911:7) {
    generatedMessage: false,
    code: 'ERR_ASSERTION',
    actual: false,
    expected: true,
    operator: '==',
    diff: 'simple'
  }

test at tests\explore-outdoors.test.ts:22:44
✖ outdoor investigation through reachable surfaces preserves progress: tour_undella (1.6612ms)
  AssertionError [ERR_ASSERTION]: 동굴을 나온 사람과 포켓몬이 바닷바람을 처음 맞는 붉은 절벽이다.
      at TestContext.<anonymous> (C:\my_play\poketmon_demo\tests\explore-outdoors.test.ts:46:131)
      at Test.runInAsyncScope (node:async_hooks:227:14)
      at Test.run (node:internal/test_runner/test:1325:25)
      at Test.processPendingSubtests (node:internal/test_runner/test:911:18)
      at Test.postRun (node:internal/test_runner/test:1465:19)
      at Test.run (node:internal/test_runner/test:1390:12)
      at async Test.processPendingSubtests (node:internal/test_runner/test:911:7) {
    generatedMessage: false,
    code: 'ERR_ASSERTION',
    actual: false,
    expected: true,
    operator: '==',
    diff: 'simple'
  }

test at tests\explore-outdoors.test.ts:22:44
✖ outdoor investigation through reachable surfaces preserves progress: tour_lacunosa (1.8253ms)
  AssertionError [ERR_ASSERTION]: 주민과 포켓몬이 다니는 문과 보행로는 넓게 비워 두었다.
      at TestContext.<anonymous> (C:\my_play\poketmon_demo\tests\explore-outdoors.test.ts:46:131)
      at Test.runInAsyncScope (node:async_hooks:227:14)
      at Test.run (node:internal/test_runner/test:1325:25)
      at Test.processPendingSubtests (node:internal/test_runner/test:911:18)
      at Test.postRun (node:internal/test_runner/test:1465:19)
      at Test.run (node:internal/test_runner/test:1390:12)
      at async Test.processPendingSubtests (node:internal/test_runner/test:911:7) {
    generatedMessage: false,
    code: 'ERR_ASSERTION',
    actual: false,
    expected: true,
    operator: '==',
    diff: 'simple'
  }

test at tests\explore-outdoors.test.ts:22:44
✖ outdoor investigation through reachable surfaces preserves progress: tour_village_bridge (6.2153ms)
  AssertionError [ERR_ASSERTION]: 다리 아래로 넓은 물길이 흐르고 양쪽 둔치의 생활을 잇는다.
      at TestContext.<anonymous> (C:\my_play\poketmon_demo\tests\explore-outdoors.test.ts:46:131)
      at Test.runInAsyncScope (node:async_hooks:227:14)
      at Test.run (node:internal/test_runner/test:1325:25)
      at Test.processPendingSubtests (node:internal/test_runner/test:911:18)
      at Test.postRun (node:internal/test_runner/test:1465:19)
      at Test.run (node:internal/test_runner/test:1390:12)
      at async Test.processPendingSubtests (node:internal/test_runner/test:911:7) {
    generatedMessage: false,
    code: 'ERR_ASSERTION',
    actual: false,
    expected: true,
    operator: '==',
    diff: 'simple'
  }

test at tests\explore-outdoors.test.ts:22:44
✖ outdoor investigation through reachable surfaces preserves progress: tour_opelucid (2.994ms)
  AssertionError [ERR_ASSERTION]: 서로 다른 시대의 용 문양을 한 광장에서 비교한다.
      at TestContext.<anonymous> (C:\my_play\poketmon_demo\tests\explore-outdoors.test.ts:46:131)
      at Test.runInAsyncScope (node:async_hooks:227:14)
      at Test.run (node:internal/test_runner/test:1325:25)
      at Test.processPendingSubtests (node:internal/test_runner/test:911:18)
      at Test.postRun (node:internal/test_runner/test:1465:19)
      at Test.run (node:internal/test_runner/test:1390:12)
      at async Test.processPendingSubtests (node:internal/test_runner/test:911:7) {
    generatedMessage: false,
    code: 'ERR_ASSERTION',
    actual: false,
    expected: true,
    operator: '==',
    diff: 'simple'
  }

test at tests\explore-outdoors.test.ts:22:44
✖ outdoor investigation through reachable surfaces preserves progress: tour_icirrus (2.8928ms)
  AssertionError [ERR_ASSERTION]: 습지에서 흘러온 물을 모아 보행로와 생활 구역을 나눈다.
      at TestContext.<anonymous> (C:\my_play\poketmon_demo\tests\explore-outdoors.test.ts:46:131)
      at Test.runInAsyncScope (node:async_hooks:227:14)
      at Test.run (node:internal/test_runner/test:1325:25)
      at Test.processPendingSubtests (node:internal/test_runner/test:911:18)
      at Test.postRun (node:internal/test_runner/test:1465:19)
      at Test.run (node:internal/test_runner/test:1390:12)
      at async Test.processPendingSubtests (node:internal/test_runner/test:911:7) {
    generatedMessage: false,
    code: 'ERR_ASSERTION',
    actual: false,
    expected: true,
    operator: '==',
    diff: 'simple'
  }

test at tests\explore-outdoors.test.ts:22:44
✖ outdoor investigation through reachable surfaces preserves progress: tour_dragonspiral (0.8217ms)
  AssertionError [ERR_ASSERTION]: Expected values to be strictly deep-equal:
  + actual - expected
  
    [
  +   '남쪽은 용나선탑 접근로와 설화시티 북문으로 이어진다.',
  +   '1층 기단 방향석에서 건강한 동료를 선택할 수 있다.',
  +   '미완료 단계는 나중에 같은 동료와 이어갈 수 있다.',
  +   '관찰 기록은 출구·보상·전설 사건을 바꾸지 않는다.'
  -   '남쪽은 용나선탑 접근로와 설화시티 북문 방향이다.',
  -   '설화 동문에서 하나 8번도로까지 같은 길로 돌아갈 수 있다.'
    ]
  
      at TestContext.<anonymous> (C:\my_play\poketmon_demo\tests\explore-outdoors.test.ts:39:126)
      at Test.runInAsyncScope (node:async_hooks:227:14)
      at Test.run (node:internal/test_runner/test:1325:25)
      at Test.processPendingSubtests (node:internal/test_runner/test:911:18)
      at Test.postRun (node:internal/test_runner/test:1465:19)
      at Test.run (node:internal/test_runner/test:1390:12)
      at async Test.processPendingSubtests (node:internal/test_runner/test:911:7) {
    generatedMessage: true,
    code: 'ERR_ASSERTION',
    actual: [ '남쪽은 용나선탑 접근로와 설화시티 북문으로 이어진다.', '1층 기단 방향석에서 건강한 동료를 선택할 수 있다.', '미완료 단계는 나중에 같은 동료와 이어갈 수 있다.', '관찰 기록은 출구·보상·전설 사건을 바꾸지 않는다.' ],
    expected: [ '남쪽은 용나선탑 접근로와 설화시티 북문 방향이다.', '설화 동문에서 하나 8번도로까지 같은 길로 돌아갈 수 있다.' ],
    operator: 'deepStrictEqual',
    diff: 'simple'
  }

test at tests\explore-outdoors.test.ts:22:44
✖ outdoor investigation through reachable surfaces preserves progress: tour_unova_route_01 (0.7925ms)
  AssertionError [ERR_ASSERTION]: Expected values to be strictly equal:
  
  '4번도로 이정표' !== '이정표'
  
      at TestContext.<anonymous> (C:\my_play\poketmon_demo\tests\explore-outdoors.test.ts:39:65)
      at Test.runInAsyncScope (node:async_hooks:227:14)
      at Test.run (node:internal/test_runner/test:1325:25)
      at Test.processPendingSubtests (node:internal/test_runner/test:911:18)
      at Test.postRun (node:internal/test_runner/test:1465:19)
      at Test.run (node:internal/test_runner/test:1390:12)
      at async Test.processPendingSubtests (node:internal/test_runner/test:911:7) {
    generatedMessage: true,
    code: 'ERR_ASSERTION',
    actual: '4번도로 이정표',
    expected: '이정표',
    operator: 'strictEqual',
    diff: 'simple'
  }

test at tests\explore-outdoors.test.ts:22:44
✖ outdoor investigation through reachable surfaces preserves progress: tour_unova_route_04 (0.3583ms)
  AssertionError [ERR_ASSERTION]: 포장된 중앙 길로 이동하라는 쪽지가 묶여 있다.
      at TestContext.<anonymous> (C:\my_play\poketmon_demo\tests\explore-outdoors.test.ts:46:131)
      at Test.runInAsyncScope (node:async_hooks:227:14)
      at Test.run (node:internal/test_runner/test:1325:25)
      at Test.processPendingSubtests (node:internal/test_runner/test:911:18)
      at Test.postRun (node:internal/test_runner/test:1465:19)
      at Test.run (node:internal/test_runner/test:1390:12)
      at async Test.processPendingSubtests (node:internal/test_runner/test:911:7) {
    generatedMessage: false,
    code: 'ERR_ASSERTION',
    actual: false,
    expected: true,
    operator: '==',
    diff: 'simple'
  }

test at tests\explore-outdoors.test.ts:22:44
✖ outdoor investigation through reachable surfaces preserves progress: tour_join_avenue (3.5225ms)
  AssertionError [ERR_ASSERTION]: Expected values to be strictly equal:
  + actual - expected
  
  + '조인애버뉴 안내판'
  - '하나 4번도로'
  
      at TestContext.<anonymous> (C:\my_play\poketmon_demo\tests\explore-outdoors.test.ts:39:65)
      at Test.runInAsyncScope (node:async_hooks:227:14)
      at Test.run (node:internal/test_runner/test:1325:25)
      at Test.processPendingSubtests (node:internal/test_runner/test:911:18)
      at Test.postRun (node:internal/test_runner/test:1465:19)
      at Test.run (node:internal/test_runner/test:1390:12)
      at async Test.processPendingSubtests (node:internal/test_runner/test:911:7) {
    generatedMessage: true,
    code: 'ERR_ASSERTION',
    actual: '조인애버뉴 안내판',
    expected: '하나 4번도로',
    operator: 'strictEqual',
    diff: 'simple'
  }

test at tests\explore-outdoors.test.ts:22:44
✖ outdoor investigation through reachable surfaces preserves progress: tour_route_34 (1.6487ms)
  AssertionError [ERR_ASSERTION]: Expected values to be strictly equal:
  + actual - expected
  
  + '34번도로 목장 관찰'
  - '목장 울타리'
  
      at TestContext.<anonymous> (C:\my_play\poketmon_demo\tests\explore-outdoors.test.ts:39:65)
      at Test.runInAsyncScope (node:async_hooks:227:14)
      at Test.run (node:internal/test_runner/test:1325:25)
      at Test.processPendingSubtests (node:internal/test_runner/test:911:18)
      at Test.postRun (node:internal/test_runner/test:1465:19)
      at Test.run (node:internal/test_runner/test:1390:12)
      at async Test.processPendingSubtests (node:internal/test_runner/test:911:7) {
    generatedMessage: true,
    code: 'ERR_ASSERTION',
    actual: '34번도로 목장 관찰',
    expected: '목장 울타리',
    operator: 'strictEqual',
    diff: 'simple'
  }

test at tests\explore-outdoors.test.ts:22:44
✖ outdoor investigation through reachable surfaces preserves progress: tour_pass_nimbasa_driftveil (0.8807ms)
  AssertionError [ERR_ASSERTION]: 공연 거리로 향하는 푸드트럭이 재료 상자를 정리하고 있다.
      at TestContext.<anonymous> (C:\my_play\poketmon_demo\tests\explore-outdoors.test.ts:46:131)
      at Test.runInAsyncScope (node:async_hooks:227:14)
      at Test.run (node:internal/test_runner/test:1325:25)
      at Test.processPendingSubtests (node:internal/test_runner/test:911:18)
      at Test.postRun (node:internal/test_runner/test:1465:19)
      at Test.run (node:internal/test_runner/test:1390:12)
      at async Test.processPendingSubtests (node:internal/test_runner/test:911:7) {
    generatedMessage: false,
    code: 'ERR_ASSERTION',
    actual: false,
    expected: true,
    operator: '==',
    diff: 'simple'
  }

test at tests\explore-outdoors.test.ts:22:44
✖ outdoor investigation through reachable surfaces preserves progress: tour_driftveil_drawbridge (0.615ms)
  AssertionError [ERR_ASSERTION]: 큰 다리 상판을 들어 올리는 도르래와 균형추 구조를 그린 판이다.
      at TestContext.<anonymous> (C:\my_play\poketmon_demo\tests\explore-outdoors.test.ts:46:131)
      at Test.runInAsyncScope (node:async_hooks:227:14)
      at Test.run (node:internal/test_runner/test:1325:25)
      at Test.processPendingSubtests (node:internal/test_runner/test:911:18)
      at Test.postRun (node:internal/test_runner/test:1465:19)
      at Test.run (node:internal/test_runner/test:1390:12)
      at async Test.processPendingSubtests (node:internal/test_runner/test:911:7) {
    generatedMessage: false,
    code: 'ERR_ASSERTION',
    actual: false,
    expected: true,
    operator: '==',
    diff: 'simple'
  }

test at tests\explore-outdoors.test.ts:22:44
✖ outdoor investigation through reachable surfaces preserves progress: tour_pass_driftveil_mistralton (0.4377ms)
  AssertionError [ERR_ASSERTION]: 강가의 풀과 포켓몬 흔적을 계절별로 비교하는 작은 연구소다.
      at TestContext.<anonymous> (C:\my_play\poketmon_demo\tests\explore-outdoors.test.ts:46:131)
      at Test.runInAsyncScope (node:async_hooks:227:14)
      at Test.run (node:internal/test_runner/test:1325:25)
      at Test.processPendingSubtests (node:internal/test_runner/test:911:18)
      at Test.postRun (node:internal/test_runner/test:1465:19)
      at Test.run (node:internal/test_runner/test:1390:12)
      at async Test.processPendingSubtests (node:internal/test_runner/test:911:7) {
    generatedMessage: false,
    code: 'ERR_ASSERTION',
    actual: false,
    expected: true,
    operator: '==',
    diff: 'simple'
  }

test at tests\explore-outdoors.test.ts:22:44
✖ outdoor investigation through reachable surfaces preserves progress: tour_chargestone_1f (0.7649ms)
  AssertionError [ERR_ASSERTION]: Expected values to be strictly deep-equal:
  + actual - expected
  
    [
  +   '작은 결정은 북쪽의 큰 자석 바위 쪽으로만 움직일 것 같다.',
  +   '밀기 전에 취소해도 위치와 진행은 바뀌지 않는다.'
  -   '작은 결정이 큰 자석 바위 쪽을 향해 떠 있다.',
  -   '자석 바위 방향을 확인하고 안전하게 밀기 동작을 배울 수 있다.'
    ]
  
      at TestContext.<anonymous> (C:\my_play\poketmon_demo\tests\explore-outdoors.test.ts:39:126)
      at Test.runInAsyncScope (node:async_hooks:227:14)
      at Test.run (node:internal/test_runner/test:1325:25)
      at Test.processPendingSubtests (node:internal/test_runner/test:911:18)
      at Test.postRun (node:internal/test_runner/test:1465:19)
      at Test.run (node:internal/test_runner/test:1390:12)
      at async Test.processPendingSubtests (node:internal/test_runner/test:911:7) {
    generatedMessage: true,
    code: 'ERR_ASSERTION',
    actual: [ '작은 결정은 북쪽의 큰 자석 바위 쪽으로만 움직일 것 같다.', '밀기 전에 취소해도 위치와 진행은 바뀌지 않는다.' ],
    expected: [ '작은 결정이 큰 자석 바위 쪽을 향해 떠 있다.', '자석 바위 방향을 확인하고 안전하게 밀기 동작을 배울 수 있다.' ],
    operator: 'deepStrictEqual',
    diff: 'simple'
  }

test at tests\explore-outdoors.test.ts:22:44
✖ outdoor investigation through reachable surfaces preserves progress: tour_chargestone_b1f (0.5486ms)
  AssertionError [ERR_ASSERTION]: Expected values to be strictly deep-equal:
  + actual - expected
  
    [
  +   '결정이 좁은 통로를 막고 있다. 어느 쪽으로 밀어야 할지 확신하기 어렵다.',
  +   '남쪽 계단으로 돌아가 1층 입구의 학습 결정과 자석 바위를 살펴보자.'
  -   '좁은 통로의 작은 결정이 북쪽 자석 바위를 향하고 있다.',
  -   '입구에서 배운 방향대로 밀면 북쪽 계단으로 가는 길이 열린다.'
    ]
  
      at TestContext.<anonymous> (C:\my_play\poketmon_demo\tests\explore-outdoors.test.ts:39:126)
      at Test.runInAsyncScope (node:async_hooks:227:14)
      at Test.run (node:internal/test_runner/test:1325:25)
      at Test.processPendingSubtests (node:internal/test_runner/test:911:18)
      at Test.postRun (node:internal/test_runner/test:1465:19)
      at Test.run (node:internal/test_runner/test:1390:12)
      at async Test.processPendingSubtests (node:internal/test_runner/test:911:7) {
    generatedMessage: true,
    code: 'ERR_ASSERTION',
    actual: [ '결정이 좁은 통로를 막고 있다. 어느 쪽으로 밀어야 할지 확신하기 어렵다.', '남쪽 계단으로 돌아가 1층 입구의 학습 결정과 자석 바위를 살펴보자.' ],
    expected: [ '좁은 통로의 작은 결정이 북쪽 자석 바위를 향하고 있다.', '입구에서 배운 방향대로 밀면 북쪽 계단으로 가는 길이 열린다.' ],
    operator: 'deepStrictEqual',
    diff: 'simple'
  }

test at tests\explore-outdoors.test.ts:22:44
✖ outdoor investigation through reachable surfaces preserves progress: tour_reversal_mountain_exterior (0.5826ms)
  AssertionError [ERR_ASSERTION]: 낮은 돌담이 산에서 내려오는 재바람을 막아 준다.
      at TestContext.<anonymous> (C:\my_play\poketmon_demo\tests\explore-outdoors.test.ts:46:131)
      at Test.runInAsyncScope (node:async_hooks:227:14)
      at Test.run (node:internal/test_runner/test:1325:25)
      at Test.processPendingSubtests (node:internal/test_runner/test:911:18)
      at Test.postRun (node:internal/test_runner/test:1465:19)
      at Test.run (node:internal/test_runner/test:1390:12)
      at async Test.processPendingSubtests (node:internal/test_runner/test:911:7) {
    generatedMessage: false,
    code: 'ERR_ASSERTION',
    actual: false,
    expected: true,
    operator: '==',
    diff: 'simple'
  }

test at tests\explore-outdoors.test.ts:22:44
✖ outdoor investigation through reachable surfaces preserves progress: tour_reversal_mountain_a (3.3207ms)
  AssertionError [ERR_ASSERTION]: 검은 수로 표면에 굳은 흐름의 줄무늬가 남아 있다.
      at TestContext.<anonymous> (C:\my_play\poketmon_demo\tests\explore-outdoors.test.ts:46:131)
      at Test.runInAsyncScope (node:async_hooks:227:14)
      at Test.run (node:internal/test_runner/test:1325:25)
      at Test.processPendingSubtests (node:internal/test_runner/test:911:18)
      at Test.postRun (node:internal/test_runner/test:1465:19)
      at Test.run (node:internal/test_runner/test:1390:12)
      at async Test.processPendingSubtests (node:internal/test_runner/test:911:7) {
    generatedMessage: false,
    code: 'ERR_ASSERTION',
    actual: false,
    expected: true,
    operator: '==',
    diff: 'simple'
  }

test at tests\explore-outdoors.test.ts:22:44
✖ outdoor investigation through reachable surfaces preserves progress: tour_reversal_mountain_b (1.3786ms)
  AssertionError [ERR_ASSERTION]: 붉게 변색된 지면을 피해 식은 바위 가장자리로 걷는 우회선이다.
      at TestContext.<anonymous> (C:\my_play\poketmon_demo\tests\explore-outdoors.test.ts:46:131)
      at Test.runInAsyncScope (node:async_hooks:227:14)
      at Test.run (node:internal/test_runner/test:1325:25)
      at Test.processPendingSubtests (node:internal/test_runner/test:911:18)
      at Test.postRun (node:internal/test_runner/test:1465:19)
      at Test.run (node:internal/test_runner/test:1390:12)
      at async Test.processPendingSubtests (node:internal/test_runner/test:911:7) {
    generatedMessage: false,
    code: 'ERR_ASSERTION',
    actual: false,
    expected: true,
    operator: '==',
    diff: 'simple'
  }

test at tests\explore-outdoors.test.ts:22:44
✖ outdoor investigation through reachable surfaces preserves progress: tour_unova_route_13 (0.8156ms)
  AssertionError [ERR_ASSERTION]: 물결마을 해변과 리버스마운틴의 붉은 절벽을 함께 볼 수 있다.
      at TestContext.<anonymous> (C:\my_play\poketmon_demo\tests\explore-outdoors.test.ts:46:131)
      at Test.runInAsyncScope (node:async_hooks:227:14)
      at Test.run (node:internal/test_runner/test:1325:25)
      at Test.processPendingSubtests (node:internal/test_runner/test:911:18)
      at Test.postRun (node:internal/test_runner/test:1465:19)
      at Test.run (node:internal/test_runner/test:1390:12)
      at async Test.processPendingSubtests (node:internal/test_runner/test:911:7) {
    generatedMessage: false,
    code: 'ERR_ASSERTION',
    actual: false,
    expected: true,
    operator: '==',
    diff: 'simple'
  }

test at tests\explore-outdoors.test.ts:22:44
✖ outdoor investigation through reachable surfaces preserves progress: tour_unova_route_12 (0.7409ms)
  AssertionError [ERR_ASSERTION]: 보배마을 성벽을 벗어나 넓은 풀밭 바람이 지나가는 자리다.
      at TestContext.<anonymous> (C:\my_play\poketmon_demo\tests\explore-outdoors.test.ts:46:131)
      at Test.runInAsyncScope (node:async_hooks:227:14)
      at Test.run (node:internal/test_runner/test:1325:25)
      at Test.processPendingSubtests (node:internal/test_runner/test:911:18)
      at Test.postRun (node:internal/test_runner/test:1465:19)
      at Test.run (node:internal/test_runner/test:1390:12)
      at async Test.processPendingSubtests (node:internal/test_runner/test:911:7) {
    generatedMessage: false,
    code: 'ERR_ASSERTION',
    actual: false,
    expected: true,
    operator: '==',
    diff: 'simple'
  }

test at tests\explore-outdoors.test.ts:22:44
✖ outdoor investigation through reachable surfaces preserves progress: tour_unova_route_11 (1.3943ms)
  AssertionError [ERR_ASSERTION]: 동쪽 다리 아래 물길이 바위 단을 따라 낮아지는 모습을 보는 자리다.
      at TestContext.<anonymous> (C:\my_play\poketmon_demo\tests\explore-outdoors.test.ts:46:131)
      at Test.runInAsyncScope (node:async_hooks:227:14)
      at Test.run (node:internal/test_runner/test:1325:25)
      at Test.processPendingSubtests (node:internal/test_runner/test:911:18)
      at Test.postRun (node:internal/test_runner/test:1465:19)
      at Test.run (node:internal/test_runner/test:1390:12)
      at async Test.processPendingSubtests (node:internal/test_runner/test:911:7) {
    generatedMessage: false,
    code: 'ERR_ASSERTION',
    actual: false,
    expected: true,
    operator: '==',
    diff: 'simple'
  }

test at tests\explore-outdoors.test.ts:22:44
✖ outdoor investigation through reachable surfaces preserves progress: tour_unova_route_09 (1.301ms)
  AssertionError [ERR_ASSERTION]: 쇼핑몰 실내·판매 서비스와 도시 결빙 사건은 아직 적용하지 않았다.
      at TestContext.<anonymous> (C:\my_play\poketmon_demo\tests\explore-outdoors.test.ts:46:131)
      at Test.runInAsyncScope (node:async_hooks:227:14)
      at Test.run (node:internal/test_runner/test:1325:25)
      at Test.processPendingSubtests (node:internal/test_runner/test:911:18)
      at Test.postRun (node:internal/test_runner/test:1465:19)
      at Test.run (node:internal/test_runner/test:1390:12)
      at async Test.processPendingSubtests (node:internal/test_runner/test:911:7) {
    generatedMessage: false,
    code: 'ERR_ASSERTION',
    actual: false,
    expected: true,
    operator: '==',
    diff: 'simple'
  }

test at tests\explore-outdoors.test.ts:22:44
✖ outdoor investigation through reachable surfaces preserves progress: tour_tubeline_bridge (0.9072ms)
  AssertionError [ERR_ASSERTION]: 열차선과 보행 통로를 분리하는 철골 구조를 점검하는 자리다.
      at TestContext.<anonymous> (C:\my_play\poketmon_demo\tests\explore-outdoors.test.ts:46:131)
      at Test.runInAsyncScope (node:async_hooks:227:14)
      at Test.run (node:internal/test_runner/test:1325:25)
      at Test.processPendingSubtests (node:internal/test_runner/test:911:18)
      at Test.postRun (node:internal/test_runner/test:1465:19)
      at Test.run (node:internal/test_runner/test:1390:12)
      at async Test.processPendingSubtests (node:internal/test_runner/test:911:7) {
    generatedMessage: false,
    code: 'ERR_ASSERTION',
    actual: false,
    expected: true,
    operator: '==',
    diff: 'simple'
  }

test at tests\explore-outdoors.test.ts:22:44
✖ outdoor investigation through reachable surfaces preserves progress: tour_unova_route_08 (2.1768ms)
  AssertionError [ERR_ASSERTION]: 비가 잦아 낮은 땅에 물이 고이고 마른 흙길이 그 사이를 돈다.
      at TestContext.<anonymous> (C:\my_play\poketmon_demo\tests\explore-outdoors.test.ts:46:131)
      at Test.runInAsyncScope (node:async_hooks:227:14)
      at Test.run (node:internal/test_runner/test:1325:25)
      at Test.processPendingSubtests (node:internal/test_runner/test:911:18)
      at Test.postRun (node:internal/test_runner/test:1465:19)
      at Test.run (node:internal/test_runner/test:1390:12)
      at async Test.processPendingSubtests (node:internal/test_runner/test:911:7) {
    generatedMessage: false,
    code: 'ERR_ASSERTION',
    actual: false,
    expected: true,
    operator: '==',
    diff: 'simple'
  }

test at tests\explore-outdoors.test.ts:22:44
✖ outdoor investigation through reachable surfaces preserves progress: tour_icirrus_moor (0.7984ms)
  AssertionError [ERR_ASSERTION]: 마른 데크를 따라 튜브라인브리지 또는 설화시티로 돌아갈 수 있다.
      at TestContext.<anonymous> (C:\my_play\poketmon_demo\tests\explore-outdoors.test.ts:46:131)
      at Test.runInAsyncScope (node:async_hooks:227:14)
      at Test.run (node:internal/test_runner/test:1325:25)
      at Test.processPendingSubtests (node:internal/test_runner/test:911:18)
      at Test.postRun (node:internal/test_runner/test:1465:19)
      at Test.run (node:internal/test_runner/test:1390:12)
      at async Test.processPendingSubtests (node:internal/test_runner/test:911:7) {
    generatedMessage: false,
    code: 'ERR_ASSERTION',
    actual: false,
    expected: true,
    operator: '==',
    diff: 'simple'
  }

test at tests\explore-outdoors.test.ts:22:44
✖ outdoor investigation through reachable surfaces preserves progress: tour_dragonspiral_approach (3.2247ms)
  AssertionError [ERR_ASSERTION]: 도시 동쪽 문에서 하나 8번도로·튜브라인브리지·9번도로·쌍용시티까지 돌아갈 수 있다.
      at TestContext.<anonymous> (C:\my_play\poketmon_demo\tests\explore-outdoors.test.ts:46:131)
      at Test.runInAsyncScope (node:async_hooks:227:14)
      at Test.run (node:internal/test_runner/test:1325:25)
      at Test.processPendingSubtests (node:internal/test_runner/test:911:18)
      at Test.postRun (node:internal/test_runner/test:1465:19)
      at Test.run (node:internal/test_runner/test:1390:12)
      at async Test.processPendingSubtests (node:internal/test_runner/test:911:7) {
    generatedMessage: false,
    code: 'ERR_ASSERTION',
    actual: false,
    expected: true,
    operator: '==',
    diff: 'simple'
  }

test at tests\explore-outdoors.test.ts:22:44
✖ outdoor investigation through reachable surfaces preserves progress: tour_kanto_route_6 (2.352ms)
  AssertionError [ERR_ASSERTION]: 낮은 나무 울타리가 항구에서 불어오는 바람을 막아 준다.
      at TestContext.<anonymous> (C:\my_play\poketmon_demo\tests\explore-outdoors.test.ts:46:131)
      at Test.runInAsyncScope (node:async_hooks:227:14)
      at Test.run (node:internal/test_runner/test:1325:25)
      at Test.processPendingSubtests (node:internal/test_runner/test:911:18)
      at Test.postRun (node:internal/test_runner/test:1465:19)
      at Test.run (node:internal/test_runner/test:1390:12)
      at async Test.processPendingSubtests (node:internal/test_runner/test:911:7) {
    generatedMessage: false,
    code: 'ERR_ASSERTION',
    actual: false,
    expected: true,
    operator: '==',
    diff: 'simple'
  }

test at tests\explore-outdoors.test.ts:22:44
✖ outdoor investigation through reachable surfaces preserves progress: tour_kanto_underground_ns (1.0649ms)
  AssertionError [ERR_ASSERTION]: 푸른 선은 북쪽 블루시티, 주황 선은 남쪽 갈색시티를 가리킨다.
      at TestContext.<anonymous> (C:\my_play\poketmon_demo\tests\explore-outdoors.test.ts:46:131)
      at Test.runInAsyncScope (node:async_hooks:227:14)
      at Test.run (node:internal/test_runner/test:1325:25)
      at Test.processPendingSubtests (node:internal/test_runner/test:911:18)
      at Test.postRun (node:internal/test_runner/test:1465:19)
      at Test.run (node:internal/test_runner/test:1390:12)
      at async Test.processPendingSubtests (node:internal/test_runner/test:911:7) {
    generatedMessage: false,
    code: 'ERR_ASSERTION',
    actual: false,
    expected: true,
    operator: '==',
    diff: 'simple'
  }

test at tests\explore-outdoors.test.ts:22:44
✖ outdoor investigation through reachable surfaces preserves progress: tour_kanto_route_5 (0.5698ms)
  AssertionError [ERR_ASSERTION]: 울타리 안쪽에서 사람이 포켓몬과 천천히 걷고 있다.
      at TestContext.<anonymous> (C:\my_play\poketmon_demo\tests\explore-outdoors.test.ts:46:131)
      at Test.runInAsyncScope (node:async_hooks:227:14)
      at Test.run (node:internal/test_runner/test:1325:25)
      at Test.processPendingSubtests (node:internal/test_runner/test:911:18)
      at Test.postRun (node:internal/test_runner/test:1465:19)
      at Test.run (node:internal/test_runner/test:1390:12)
      at async Test.processPendingSubtests (node:internal/test_runner/test:911:7) {
    generatedMessage: false,
    code: 'ERR_ASSERTION',
    actual: false,
    expected: true,
    operator: '==',
    diff: 'simple'
  }

test at tests\explore-outdoors.test.ts:22:44
✖ outdoor investigation through reachable surfaces preserves progress: tour_kanto_route_9 (0.5457ms)
  AssertionError [ERR_ASSERTION]: 낮은 턱이 여러 번 꺾이며 동쪽으로 이어진다.
      at TestContext.<anonymous> (C:\my_play\poketmon_demo\tests\explore-outdoors.test.ts:46:131)
      at Test.runInAsyncScope (node:async_hooks:227:14)
      at Test.run (node:internal/test_runner/test:1325:25)
      at Test.processPendingSubtests (node:internal/test_runner/test:911:18)
      at Test.postRun (node:internal/test_runner/test:1465:19)
      at Test.run (node:internal/test_runner/test:1390:12)
      at async Test.processPendingSubtests (node:internal/test_runner/test:911:7) {
    generatedMessage: false,
    code: 'ERR_ASSERTION',
    actual: false,
    expected: true,
    operator: '==',
    diff: 'simple'
  }

test at tests\explore-outdoors.test.ts:22:44
✖ outdoor investigation through reachable surfaces preserves progress: tour_kanto_route_10_north (1.5093ms)
  AssertionError [ERR_ASSERTION]: 산길과 돌산터널을 오가는 여행자와 포켓몬이 쉬어 가는 작은 센터다.
      at TestContext.<anonymous> (C:\my_play\poketmon_demo\tests\explore-outdoors.test.ts:46:131)
      at Test.runInAsyncScope (node:async_hooks:227:14)
      at Test.run (node:internal/test_runner/test:1325:25)
      at Test.processPendingSubtests (node:internal/test_runner/test:911:18)
      at Test.postRun (node:internal/test_runner/test:1465:19)
      at Test.run (node:internal/test_runner/test:1390:12)
      at async Test.processPendingSubtests (node:internal/test_runner/test:911:7) {
    generatedMessage: false,
    code: 'ERR_ASSERTION',
    actual: false,
    expected: true,
    operator: '==',
    diff: 'simple'
  }

test at tests\explore-outdoors.test.ts:22:44
✖ outdoor investigation through reachable surfaces preserves progress: tour_kanto_rock_tunnel_1f (2.1648ms)
  AssertionError [ERR_ASSERTION]: 터널 입구의 빛이 밝은 암반에 반사되어 남쪽 길을 비춘다.
      at TestContext.<anonymous> (C:\my_play\poketmon_demo\tests\explore-outdoors.test.ts:46:131)
      at Test.runInAsyncScope (node:async_hooks:227:14)
      at Test.run (node:internal/test_runner/test:1325:25)
      at Test.processPendingSubtests (node:internal/test_runner/test:911:18)
      at Test.postRun (node:internal/test_runner/test:1465:19)
      at Test.run (node:internal/test_runner/test:1390:12)
      at async Test.processPendingSubtests (node:internal/test_runner/test:911:7) {
    generatedMessage: false,
    code: 'ERR_ASSERTION',
    actual: false,
    expected: true,
    operator: '==',
    diff: 'simple'
  }

test at tests\explore-outdoors.test.ts:22:44
✖ outdoor investigation through reachable surfaces preserves progress: tour_kanto_rock_tunnel_b1f (1.3782ms)
  AssertionError [ERR_ASSERTION]: 자연스럽게 밝은 광물 조각이 본선 벽에 일정한 간격으로 박혀 있다.
      at TestContext.<anonymous> (C:\my_play\poketmon_demo\tests\explore-outdoors.test.ts:46:131)
      at Test.runInAsyncScope (node:async_hooks:227:14)
      at Test.run (node:internal/test_runner/test:1325:25)
      at Test.processPendingSubtests (node:internal/test_runner/test:911:18)
      at Test.postRun (node:internal/test_runner/test:1465:19)
      at Test.run (node:internal/test_runner/test:1390:12)
      at async Test.processPendingSubtests (node:internal/test_runner/test:911:7) {
    generatedMessage: false,
    code: 'ERR_ASSERTION',
    actual: false,
    expected: true,
    operator: '==',
    diff: 'simple'
  }

test at tests\explore-outdoors.test.ts:22:44
✖ outdoor investigation through reachable surfaces preserves progress: tour_kanto_route_10_south (1.5036ms)
  AssertionError [ERR_ASSERTION]: 동굴에서 불어오는 서늘한 바람이 낮은 바위 사이로 빠져나간다.
      at TestContext.<anonymous> (C:\my_play\poketmon_demo\tests\explore-outdoors.test.ts:46:131)
      at Test.runInAsyncScope (node:async_hooks:227:14)
      at Test.run (node:internal/test_runner/test:1325:25)
      at Test.processPendingSubtests (node:internal/test_runner/test:911:18)
      at Test.postRun (node:internal/test_runner/test:1465:19)
      at Test.run (node:internal/test_runner/test:1390:12)
      at async Test.processPendingSubtests (node:internal/test_runner/test:911:7) {
    generatedMessage: false,
    code: 'ERR_ASSERTION',
    actual: false,
    expected: true,
    operator: '==',
    diff: 'simple'
  }

test at tests\explore-outdoors.test.ts:22:44
✖ outdoor investigation through reachable surfaces preserves progress: tour_kanto_route_8 (1.2362ms)
  AssertionError [ERR_ASSERTION]: 보라타운에서 날아온 꽃잎이 낮은 둑 아래에 모여 있다.
      at TestContext.<anonymous> (C:\my_play\poketmon_demo\tests\explore-outdoors.test.ts:46:131)
      at Test.runInAsyncScope (node:async_hooks:227:14)
      at Test.run (node:internal/test_runner/test:1325:25)
      at Test.processPendingSubtests (node:internal/test_runner/test:911:18)
      at Test.postRun (node:internal/test_runner/test:1465:19)
      at Test.run (node:internal/test_runner/test:1390:12)
      at async Test.processPendingSubtests (node:internal/test_runner/test:911:7) {
    generatedMessage: false,
    code: 'ERR_ASSERTION',
    actual: false,
    expected: true,
    operator: '==',
    diff: 'simple'
  }

test at tests\explore-outdoors.test.ts:22:44
✖ outdoor investigation through reachable surfaces preserves progress: tour_kanto_route_7 (0.8632ms)
  AssertionError [ERR_ASSERTION]: Expected values to be strictly deep-equal:
  + actual - expected
  
    [
  +   '무지개 정원 경계의 빛·향기·그늘과 사람·포켓몬의 휴식 반응을 적는 공개 기록대다.',
  +   '백화점3층 연구 연락을 시작하면 하린과 무지개 연구진에게 이 현장 기록을 연결할 수 있다.',
  +   '조사만으로 포획·배틀·보상·통행 상태는 바뀌지 않는다.'
  -   '무지개시티에서 이어진 화단과 향기 나는 나무가 도로의 소음을 누그러뜨린다.\n' +
  -     '백화점 연구 연락을 시작하면 생활 반응 원본을 기록할 수 있다.'
    ]
  
      at TestContext.<anonymous> (C:\my_play\poketmon_demo\tests\explore-outdoors.test.ts:39:126)
      at Test.runInAsyncScope (node:async_hooks:227:14)
      at Test.run (node:internal/test_runner/test:1325:25)
      at Test.processPendingSubtests (node:internal/test_runner/test:911:18)
      at Test.postRun (node:internal/test_runner/test:1465:19)
      at Test.run (node:internal/test_runner/test:1390:12)
      at async Test.processPendingSubtests (node:internal/test_runner/test:911:7) {
    generatedMessage: true,
    code: 'ERR_ASSERTION',
    actual: [ '무지개 정원 경계의 빛·향기·그늘과 사람·포켓몬의 휴식 반응을 적는 공개 기록대다.', '백화점3층 연구 연락을 시작하면 하린과 무지개 연구진에게 이 현장 기록을 연결할 수 있다.', '조사만으로 포획·배틀·보상·통행 상태는 바뀌지 않는다.' ],
    expected: [ '무지개시티에서 이어진 화단과 향기 나는 나무가 도로의 소음을 누그러뜨린다.\n백화점 연구 연락을 시작하면 생활 반응 원본을 기록할 수 있다.' ],
    operator: 'deepStrictEqual',
    diff: 'simple'
  }

test at tests\explore-outdoors.test.ts:22:44
✖ outdoor investigation through reachable surfaces preserves progress: tour_kanto_underground_ew (3.2287ms)
  AssertionError [ERR_ASSERTION]: 녹색 노선띠가 7번도로와 무지개시티 방향으로 이어진다.
      at TestContext.<anonymous> (C:\my_play\poketmon_demo\tests\explore-outdoors.test.ts:46:131)
      at Test.runInAsyncScope (node:async_hooks:227:14)
      at Test.run (node:internal/test_runner/test:1325:25)
      at Test.processPendingSubtests (node:internal/test_runner/test:911:18)
      at Test.postRun (node:internal/test_runner/test:1465:19)
      at Test.run (node:internal/test_runner/test:1390:12)
      at async Test.processPendingSubtests (node:internal/test_runner/test:911:7) {
    generatedMessage: false,
    code: 'ERR_ASSERTION',
    actual: false,
    expected: true,
    operator: '==',
    diff: 'simple'
  }

test at tests\explore-outdoors.test.ts:22:44
✖ outdoor investigation through reachable surfaces preserves progress: tour_kanto_route_16 (0.8784ms)
  AssertionError [ERR_ASSERTION]: Expected values to be strictly deep-equal:
  + actual - expected
  
    [
  +   '무지개시티 화단에서 이어진 낮은 나무가 도시 쪽 바람을 누그러뜨린다.',
  +   '서쪽 도보 여행 점검대에서 동료와 세 안전 지점을 함께 확인할 수 있다.',
  +   '조사와 휴식만으로 HP·아이템·돈·통행 상태는 변하지 않는다.'
  -   '무지개시티 화단에서 이어진 낮은 나무가 북쪽 도시 바람을 막는다.\n동료와 쉬어도 실제 회복은 일어나지 않는다.'
    ]
  
      at TestContext.<anonymous> (C:\my_play\poketmon_demo\tests\explore-outdoors.test.ts:39:126)
      at Test.runInAsyncScope (node:async_hooks:227:14)
      at Test.run (node:internal/test_runner/test:1325:25)
      at Test.processPendingSubtests (node:internal/test_runner/test:911:18)
      at Test.postRun (node:internal/test_runner/test:1465:19)
      at Test.run (node:internal/test_runner/test:1390:12)
      at async Test.processPendingSubtests (node:internal/test_runner/test:911:7) {
    generatedMessage: true,
    code: 'ERR_ASSERTION',
    actual: [ '무지개시티 화단에서 이어진 낮은 나무가 도시 쪽 바람을 누그러뜨린다.', '서쪽 도보 여행 점검대에서 동료와 세 안전 지점을 함께 확인할 수 있다.', '조사와 휴식만으로 HP·아이템·돈·통행 상태는 변하지 않는다.' ],
    expected: [ '무지개시티 화단에서 이어진 낮은 나무가 북쪽 도시 바람을 막는다.\n동료와 쉬어도 실제 회복은 일어나지 않는다.' ],
    operator: 'deepStrictEqual',
    diff: 'simple'
  }

test at tests\explore-outdoors.test.ts:22:44
✖ outdoor investigation through reachable surfaces preserves progress: tour_kanto_route_17 (1.0782ms)
  AssertionError [ERR_ASSERTION]: Expected values to be strictly deep-equal:
  + actual - expected
  
    [
  +   '북쪽 관문 너머로16번도로와 무지개시티 정원 방향이 층층이 보인다.',
  +   '중앙 도보 휴게소에서 동료와 이동 방향을 다시 확인할 수 있다.',
  +   '조사만으로 HP·아이템·돈·통행 상태는 변하지 않는다.'
  -   '북쪽16번도로 관문과 무지개시티 방향을 되돌아볼 수 있다.\n낮은 난간 안쪽은 비조우 휴게 공간이다.'
    ]
  
      at TestContext.<anonymous> (C:\my_play\poketmon_demo\tests\explore-outdoors.test.ts:39:126)
      at Test.runInAsyncScope (node:async_hooks:227:14)
      at Test.run (node:internal/test_runner/test:1325:25)
      at Test.processPendingSubtests (node:internal/test_runner/test:911:18)
      at Test.postRun (node:internal/test_runner/test:1465:19)
      at Test.run (node:internal/test_runner/test:1390:12)
      at async Test.processPendingSubtests (node:internal/test_runner/test:911:7) {
    generatedMessage: true,
    code: 'ERR_ASSERTION',
    actual: [ '북쪽 관문 너머로16번도로와 무지개시티 정원 방향이 층층이 보인다.', '중앙 도보 휴게소에서 동료와 이동 방향을 다시 확인할 수 있다.', '조사만으로 HP·아이템·돈·통행 상태는 변하지 않는다.' ],
    expected: [ '북쪽16번도로 관문과 무지개시티 방향을 되돌아볼 수 있다.\n낮은 난간 안쪽은 비조우 휴게 공간이다.' ],
    operator: 'deepStrictEqual',
    diff: 'simple'
  }

test at tests\explore-outdoors.test.ts:22:44
✖ outdoor investigation through reachable surfaces preserves progress: tour_kanto_route_18 (0.8983ms)
  AssertionError [ERR_ASSERTION]: Expected values to be strictly deep-equal:
  + actual - expected
  
    [
  +   '서쪽 관문 너머로17번도로의 긴 내리막과 북쪽16번도로 방향이 보인다.',
  +   '동쪽 전 구간 지도에서 동료와 귀환 순서를 확인할 수 있다.',
  +   '조사만으로 HP·아이템·돈·통행 상태는 변하지 않는다.'
  -   '서쪽 관문 너머로17번도로의 긴 내리막이 보인다.\n되돌아가면16번도로와 무지개시티까지 이어진다.'
    ]
  
      at TestContext.<anonymous> (C:\my_play\poketmon_demo\tests\explore-outdoors.test.ts:39:126)
      at Test.runInAsyncScope (node:async_hooks:227:14)
      at Test.run (node:internal/test_runner/test:1325:25)
      at Test.processPendingSubtests (node:internal/test_runner/test:911:18)
      at Test.postRun (node:internal/test_runner/test:1465:19)
      at Test.run (node:internal/test_runner/test:1390:12)
      at async Test.processPendingSubtests (node:internal/test_runner/test:911:7) {
    generatedMessage: true,
    code: 'ERR_ASSERTION',
    actual: [ '서쪽 관문 너머로17번도로의 긴 내리막과 북쪽16번도로 방향이 보인다.', '동쪽 전 구간 지도에서 동료와 귀환 순서를 확인할 수 있다.', '조사만으로 HP·아이템·돈·통행 상태는 변하지 않는다.' ],
    expected: [ '서쪽 관문 너머로17번도로의 긴 내리막이 보인다.\n되돌아가면16번도로와 무지개시티까지 이어진다.' ],
    operator: 'deepStrictEqual',
    diff: 'simple'
  }

test at tests\explore-outdoors.test.ts:22:44
✖ outdoor investigation through reachable surfaces preserves progress: tour_johto_route_33 (0.6146ms)
  AssertionError [ERR_ASSERTION]: Expected values to be strictly deep-equal:
  + actual - expected
  
    [
  +   '숲에서 흘러온 물이 낮은 돌홈을 따라 동굴 반대쪽으로 빠진다.',
  +   '동료의 발이 젖었다면 서쪽 우비 쉼터에서 닦고, 실제 치료는 동쪽 고동 센터에서 받자.',
  +   '현재 물결은 장소 표현이며 비 날씨 전투 효과가 아니다.'
  -   '숲에서 흘러온 빗물이 낮은 돌도랑을 따라 흐른다.\n비 연출과 전투 날씨 효과는 아직 별개다.'
    ]
  
      at TestContext.<anonymous> (C:\my_play\poketmon_demo\tests\explore-outdoors.test.ts:39:126)
      at Test.runInAsyncScope (node:async_hooks:227:14)
      at Test.run (node:internal/test_runner/test:1325:25)
      at Test.processPendingSubtests (node:internal/test_runner/test:911:18)
      at Test.postRun (node:internal/test_runner/test:1465:19)
      at Test.run (node:internal/test_runner/test:1390:12)
      at async Test.processPendingSubtests (node:internal/test_runner/test:911:7) {
    generatedMessage: true,
    code: 'ERR_ASSERTION',
    actual: [ '숲에서 흘러온 물이 낮은 돌홈을 따라 동굴 반대쪽으로 빠진다.', '동료의 발이 젖었다면 서쪽 우비 쉼터에서 닦고, 실제 치료는 동쪽 고동 센터에서 받자.', '현재 물결은 장소 표현이며 비 날씨 전투 효과가 아니다.' ],
    expected: [ '숲에서 흘러온 빗물이 낮은 돌도랑을 따라 흐른다.\n비 연출과 전투 날씨 효과는 아직 별개다.' ],
    operator: 'deepStrictEqual',
    diff: 'simple'
  }

test at tests\explore-outdoors.test.ts:22:44
✖ outdoor investigation through reachable surfaces preserves progress: tour_union_cave_1f (0.4756ms)
  AssertionError [ERR_ASSERTION]: Expected values to be strictly deep-equal:
  + actual - expected
  
    [
  +   '암반 아래 맑은 물이 고였지만 현재 본선은 물을 건너지 않는다.',
  +   '알통몬이 미끄러운 가장자리를 피해 북쪽 마른 길을 바라본다. 수상 이동이나 낚시는 아직 사용할 수 없다.'
  -   '암반 아래 홈에 맑은 지하수가 고여 있다.\n현재 본선은 물을 건너지 않고 통과할 수 있다.'
    ]
  
      at TestContext.<anonymous> (C:\my_play\poketmon_demo\tests\explore-outdoors.test.ts:39:126)
      at Test.runInAsyncScope (node:async_hooks:227:14)
      at Test.run (node:internal/test_runner/test:1325:25)
      at Test.processPendingSubtests (node:internal/test_runner/test:911:18)
      at Test.postRun (node:internal/test_runner/test:1465:19)
      at Test.run (node:internal/test_runner/test:1390:12)
      at async Test.processPendingSubtests (node:internal/test_runner/test:911:7) {
    generatedMessage: true,
    code: 'ERR_ASSERTION',
    actual: [ '암반 아래 맑은 물이 고였지만 현재 본선은 물을 건너지 않는다.', '알통몬이 미끄러운 가장자리를 피해 북쪽 마른 길을 바라본다. 수상 이동이나 낚시는 아직 사용할 수 없다.' ],
    expected: [ '암반 아래 홈에 맑은 지하수가 고여 있다.\n현재 본선은 물을 건너지 않고 통과할 수 있다.' ],
    operator: 'deepStrictEqual',
    diff: 'simple'
  }

test at tests\explore-outdoors.test.ts:22:44
✖ outdoor investigation through reachable surfaces preserves progress: tour_johto_route_32 (0.7258ms)
  AssertionError [ERR_ASSERTION]: 서쪽 절벽 아래로 긴 길과 물가가 함께 보인다.
      at TestContext.<anonymous> (C:\my_play\poketmon_demo\tests\explore-outdoors.test.ts:46:131)
      at Test.runInAsyncScope (node:async_hooks:227:14)
      at Test.run (node:internal/test_runner/test:1325:25)
      at Test.processPendingSubtests (node:internal/test_runner/test:911:18)
      at Test.postRun (node:internal/test_runner/test:1465:19)
      at Test.run (node:internal/test_runner/test:1390:12)
      at async Test.processPendingSubtests (node:internal/test_runner/test:911:7) {
    generatedMessage: false,
    code: 'ERR_ASSERTION',
    actual: false,
    expected: true,
    operator: '==',
    diff: 'simple'
  }

test at tests\explore-outdoors.test.ts:22:44
✖ outdoor investigation through reachable surfaces preserves progress: tour_johto_route_35 (3.6647ms)
  AssertionError [ERR_ASSERTION]: tour_johto_route_35 accessible investigation
      at TestContext.<anonymous> (C:\my_play\poketmon_demo\tests\explore-outdoors.test.ts:44:7)
      at Test.runInAsyncScope (node:async_hooks:227:14)
      at Test.run (node:internal/test_runner/test:1325:25)
      at Test.processPendingSubtests (node:internal/test_runner/test:911:18)
      at Test.postRun (node:internal/test_runner/test:1465:19)
      at Test.run (node:internal/test_runner/test:1390:12)
      at async Test.processPendingSubtests (node:internal/test_runner/test:911:7) {
    generatedMessage: false,
    code: 'ERR_ASSERTION',
    actual: false,
    expected: true,
    operator: '==',
    diff: 'simple'
  }

test at tests\explore-outdoors.test.ts:22:44
✖ outdoor investigation through reachable surfaces preserves progress: tour_johto_national_park (1.2234ms)
  AssertionError [ERR_ASSERTION]: Expected values to be strictly deep-equal:
  + actual - expected
  
    [
  +   '흔한 동료: 캐터피·뿔충이\n드물게 딱충이도 만날 수 있어.',
  +   '이곳의 포켓몬은\nLv.22~25 정도야.',
  +   '산책로에서 흔적을 보고 선택 화단 긴풀에 들어갈 수 있다. 관찰만으로 도감 등록이나 포획은 일어나지 않는다.',
  +   '남쪽은 35번도로·금빛시티, 북쪽은 36번도로 갈림길이다.'
  -   '대칭 산책로 가운데 낮은 분수가 있다.\n행사 시간이 아니어도 사람과 포켓몬이 둘레에서 쉰다.'
    ]
  
      at TestContext.<anonymous> (C:\my_play\poketmon_demo\tests\explore-outdoors.test.ts:39:126)
      at Test.runInAsyncScope (node:async_hooks:227:14)
      at Test.run (node:internal/test_runner/test:1325:25)
      at Test.processPendingSubtests (node:internal/test_runner/test:911:18)
      at Test.postRun (node:internal/test_runner/test:1465:19)
      at Test.run (node:internal/test_runner/test:1390:12)
      at async Test.processPendingSubtests (node:internal/test_runner/test:911:7) {
    generatedMessage: true,
    code: 'ERR_ASSERTION',
    actual: [ '흔한 동료: 캐터피·뿔충이\n드물게 딱충이도 만날 수 있어.', '이곳의 포켓몬은\nLv.22~25 정도야.', '산책로에서 흔적을 보고 선택 화단 긴풀에 들어갈 수 있다. 관찰만으로 도감 등록이나 포획은 일어나지 않는다.', '남쪽은 35번도로·금빛시티, 북쪽은 36번도로 갈림길이다.' ],
    expected: [ '대칭 산책로 가운데 낮은 분수가 있다.\n행사 시간이 아니어도 사람과 포켓몬이 둘레에서 쉰다.' ],
    operator: 'deepStrictEqual',
    diff: 'simple'
  }

test at tests\explore-outdoors.test.ts:22:44
✖ outdoor investigation through reachable surfaces preserves progress: tour_johto_route_36 (1.157ms)
  AssertionError [ERR_ASSERTION]: Expected values to be strictly deep-equal:
  + actual - expected
  
    [
  +   '만날 수 있는 동료: 꼬렛·구구\n풀밭에서 천천히 살펴봐.',
  +   '이곳의 포켓몬은\nLv.23~25 정도야.',
  +   '서쪽 도라지 · 남쪽 자연공원/35번도로/금빛 · 동쪽 37번도로/인주',
  +   '긴풀 샛길을 지나지 않아도 세 방향을 모두 왕복할 수 있다. 꼬지모 사건·도구·통행 잠금은 없다.'
  -   '서쪽은 도라지시티, 남쪽은 자연공원·35번도로·금빛시티, 북동쪽은 37번도로·인주시티다.'
    ]
  
      at TestContext.<anonymous> (C:\my_play\poketmon_demo\tests\explore-outdoors.test.ts:39:126)
      at Test.runInAsyncScope (node:async_hooks:227:14)
      at Test.run (node:internal/test_runner/test:1325:25)
      at Test.processPendingSubtests (node:internal/test_runner/test:911:18)
      at Test.postRun (node:internal/test_runner/test:1465:19)
      at Test.run (node:internal/test_runner/test:1390:12)
      at async Test.processPendingSubtests (node:internal/test_runner/test:911:7) {
    generatedMessage: true,
    code: 'ERR_ASSERTION',
    actual: [ '만날 수 있는 동료: 꼬렛·구구\n풀밭에서 천천히 살펴봐.', '이곳의 포켓몬은\nLv.23~25 정도야.', '서쪽 도라지 · 남쪽 자연공원/35번도로/금빛 · 동쪽 37번도로/인주', '긴풀 샛길을 지나지 않아도 세 방향을 모두 왕복할 수 있다. 꼬지모 사건·도구·통행 잠금은 없다.' ],
    expected: [ '서쪽은 도라지시티, 남쪽은 자연공원·35번도로·금빛시티, 북동쪽은 37번도로·인주시티다.' ],
    operator: 'deepStrictEqual',
    diff: 'simple'
  }

test at tests\explore-outdoors.test.ts:22:44
✖ outdoor investigation through reachable surfaces preserves progress: tour_johto_route_37 (3.261ms)
  AssertionError [ERR_ASSERTION]: Expected values to be strictly deep-equal:
  + actual - expected
  
    [
  +   '만날 수 있는 동료: 구구·꼬렛\n풀밭에서 천천히 살펴봐.',
  +   '이곳의 포켓몬은\nLv.24~25 정도야.',
  +   '북쪽은 인주시티, 남쪽은 36번도로에서 도라지와 자연공원·금빛 방향으로 갈라진다.',
  +   '규토리 관찰과 야생 조우는 보상·필수 포획·방울탑 진행 조건이 아니다.'
  -   '북쪽으로 인주시티의 목조 지붕과 오래된 탑이 보인다.\n남쪽은 36번도로의 공유 갈림길이다.'
    ]
  
      at TestContext.<anonymous> (C:\my_play\poketmon_demo\tests\explore-outdoors.test.ts:39:126)
      at Test.runInAsyncScope (node:async_hooks:227:14)
      at Test.run (node:internal/test_runner/test:1325:25)
      at Test.processPendingSubtests (node:internal/test_runner/test:911:18)
      at Test.postRun (node:internal/test_runner/test:1465:19)
      at Test.run (node:internal/test_runner/test:1390:12)
      at async Test.processPendingSubtests (node:internal/test_runner/test:911:7) {
    generatedMessage: true,
    code: 'ERR_ASSERTION',
    actual: [ '만날 수 있는 동료: 구구·꼬렛\n풀밭에서 천천히 살펴봐.', '이곳의 포켓몬은\nLv.24~25 정도야.', '북쪽은 인주시티, 남쪽은 36번도로에서 도라지와 자연공원·금빛 방향으로 갈라진다.', '규토리 관찰과 야생 조우는 보상·필수 포획·방울탑 진행 조건이 아니다.' ],
    expected: [ '북쪽으로 인주시티의 목조 지붕과 오래된 탑이 보인다.\n남쪽은 36번도로의 공유 갈림길이다.' ],
    operator: 'deepStrictEqual',
    diff: 'simple'
  }

test at tests\explore-outdoors.test.ts:22:44
✖ outdoor investigation through reachable surfaces preserves progress: tour_johto_route_38 (0.7068ms)
  AssertionError [ERR_ASSERTION]: tour_johto_route_38 accessible investigation
      at TestContext.<anonymous> (C:\my_play\poketmon_demo\tests\explore-outdoors.test.ts:44:7)
      at Test.runInAsyncScope (node:async_hooks:227:14)
      at Test.run (node:internal/test_runner/test:1325:25)
      at Test.processPendingSubtests (node:internal/test_runner/test:911:18)
      at Test.postRun (node:internal/test_runner/test:1465:19)
      at Test.run (node:internal/test_runner/test:1390:12)
      at async Test.processPendingSubtests (node:internal/test_runner/test:911:7) {
    generatedMessage: false,
    code: 'ERR_ASSERTION',
    actual: false,
    expected: true,
    operator: '==',
    diff: 'simple'
  }

test at tests\explore-outdoors.test.ts:22:44
✖ outdoor investigation through reachable surfaces preserves progress: tour_johto_route_39 (1.071ms)
  AssertionError [ERR_ASSERTION]: Expected values to be strictly deep-equal:
  + actual - expected
  
    [
  +   '현재 함께 걷는 동료가 없다.',
  +   '방문 기록 · 38번도로 없음 · 39번도로 없음 · 튼튼목장 없음',
  +   '동쪽 목장에 들렀다가 같은 출구로 돌아올 수 있다. 방문은 담청 통행 조건이 아니다.'
  -   '동쪽은 튼튼목장 생활 구역, 북쪽은 38번도로·인주, 남쪽은 담청시티다.\n목장 방문은 도로 통행 조건이 아니다.'
    ]
  
      at TestContext.<anonymous> (C:\my_play\poketmon_demo\tests\explore-outdoors.test.ts:39:126)
      at Test.runInAsyncScope (node:async_hooks:227:14)
      at Test.run (node:internal/test_runner/test:1325:25)
      at Test.processPendingSubtests (node:internal/test_runner/test:911:18)
      at Test.postRun (node:internal/test_runner/test:1465:19)
      at Test.run (node:internal/test_runner/test:1390:12)
      at async Test.processPendingSubtests (node:internal/test_runner/test:911:7) {
    generatedMessage: true,
    code: 'ERR_ASSERTION',
    actual: [ '현재 함께 걷는 동료가 없다.', '방문 기록 · 38번도로 없음 · 39번도로 없음 · 튼튼목장 없음', '동쪽 목장에 들렀다가 같은 출구로 돌아올 수 있다. 방문은 담청 통행 조건이 아니다.' ],
    expected: [ '동쪽은 튼튼목장 생활 구역, 북쪽은 38번도로·인주, 남쪽은 담청시티다.\n목장 방문은 도로 통행 조건이 아니다.' ],
    operator: 'deepStrictEqual',
    diff: 'simple'
  }

test at tests\explore-outdoors.test.ts:22:44
✖ outdoor investigation through reachable surfaces preserves progress: tour_johto_moomoo_farm (0.6731ms)
  AssertionError [ERR_ASSERTION]: Expected values to be strictly deep-equal:
  + actual - expected
  
    [
  +   '현재 함께 걷는 동료가 없다.',
  +   '함께 울타리와 물그릇을 살필 건강한 동료가 없다. 담청 또는 인주센터에서 회복한 뒤 다시 와도 된다.'
  -   '먹이 양과 물그릇, 동료의 걸음 상태를 차례로 기록한다.\n우유·아이템·보상은 아직 지급하지 않는다.'
    ]
  
      at TestContext.<anonymous> (C:\my_play\poketmon_demo\tests\explore-outdoors.test.ts:39:126)
      at Test.runInAsyncScope (node:async_hooks:227:14)
      at Test.run (node:internal/test_runner/test:1325:25)
      at Test.processPendingSubtests (node:internal/test_runner/test:911:18)
      at Test.postRun (node:internal/test_runner/test:1465:19)
      at Test.run (node:internal/test_runner/test:1390:12)
      at async Test.processPendingSubtests (node:internal/test_runner/test:911:7) {
    generatedMessage: true,
    code: 'ERR_ASSERTION',
    actual: [ '현재 함께 걷는 동료가 없다.', '함께 울타리와 물그릇을 살필 건강한 동료가 없다. 담청 또는 인주센터에서 회복한 뒤 다시 와도 된다.' ],
    expected: [ '먹이 양과 물그릇, 동료의 걸음 상태를 차례로 기록한다.\n우유·아이템·보상은 아직 지급하지 않는다.' ],
    operator: 'deepStrictEqual',
    diff: 'simple'
  }

test at tests\explore-outdoors.test.ts:22:44
✖ outdoor investigation through reachable surfaces preserves progress: tour_johto_route_40 (0.6854ms)
  AssertionError [ERR_ASSERTION]: Expected values to be strictly deep-equal:
  + actual - expected
  
    [
  +   '현재 함께 걷는 동료가 없다.',
  +   '담청시티 ↔ 40번수로 연락선 ↔ 41번수로 연락선',
  +   '현재 이동 수단은 정기 연락선과 상륙 데크다. 수상 기술을 얻은 것으로 처리하지 않는다.'
  -   '북쪽 담청항에서 정기 연락선 갑판으로 들어왔다.\n남쪽 41번수로 환승 데크까지 같은 배로 이동한다.'
    ]
  
      at TestContext.<anonymous> (C:\my_play\poketmon_demo\tests\explore-outdoors.test.ts:39:126)
      at Test.runInAsyncScope (node:async_hooks:227:14)
      at Test.run (node:internal/test_runner/test:1325:25)
      at Test.processPendingSubtests (node:internal/test_runner/test:911:18)
      at Test.postRun (node:internal/test_runner/test:1465:19)
      at Test.run (node:internal/test_runner/test:1390:12)
      at async Test.processPendingSubtests (node:internal/test_runner/test:911:7) {
    generatedMessage: true,
    code: 'ERR_ASSERTION',
    actual: [ '현재 함께 걷는 동료가 없다.', '담청시티 ↔ 40번수로 연락선 ↔ 41번수로 연락선', '현재 이동 수단은 정기 연락선과 상륙 데크다. 수상 기술을 얻은 것으로 처리하지 않는다.' ],
    expected: [ '북쪽 담청항에서 정기 연락선 갑판으로 들어왔다.\n남쪽 41번수로 환승 데크까지 같은 배로 이동한다.' ],
    operator: 'deepStrictEqual',
    diff: 'simple'
  }

test at tests\explore-outdoors.test.ts:22:44
✖ outdoor investigation through reachable surfaces preserves progress: tour_johto_route_41 (0.5861ms)
  AssertionError [ERR_ASSERTION]: Expected values to be strictly deep-equal:
  + actual - expected
  
    [
  +   '현재 함께 걷는 동료가 없다.',
  +   '40번수로·담청 ↔ 41번수로 ↔ 진청시티',
  +   '현재 이동 수단은 정기 연락선과 상륙 데크다. 수상 기술을 얻은 것으로 처리하지 않는다.'
  -   '북쪽은 40번수로 연락선과 담청시티다.\n남쪽은 진청 상륙 데크다.'
    ]
  
      at TestContext.<anonymous> (C:\my_play\poketmon_demo\tests\explore-outdoors.test.ts:39:126)
      at Test.runInAsyncScope (node:async_hooks:227:14)
      at Test.run (node:internal/test_runner/test:1325:25)
      at Test.processPendingSubtests (node:internal/test_runner/test:911:18)
      at Test.postRun (node:internal/test_runner/test:1465:19)
      at Test.run (node:internal/test_runner/test:1390:12)
      at async Test.processPendingSubtests (node:internal/test_runner/test:911:7) {
    generatedMessage: true,
    code: 'ERR_ASSERTION',
    actual: [ '현재 함께 걷는 동료가 없다.', '40번수로·담청 ↔ 41번수로 ↔ 진청시티', '현재 이동 수단은 정기 연락선과 상륙 데크다. 수상 기술을 얻은 것으로 처리하지 않는다.' ],
    expected: [ '북쪽은 40번수로 연락선과 담청시티다.\n남쪽은 진청 상륙 데크다.' ],
    operator: 'deepStrictEqual',
    diff: 'simple'
  }

test at tests\explore-outdoors.test.ts:22:44
✖ outdoor investigation through reachable surfaces preserves progress: tour_johto_whirl_islands_exterior (0.541ms)
  AssertionError [ERR_ASSERTION]: Expected values to be strictly deep-equal:
  + actual - expected
  
    [
  +   '현재 함께 걷는 동료가 없다.',
  +   '소용돌이섬 외부 ↔ 41번수로 연락선',
  +   '현재 이동 수단은 정기 연락선과 상륙 데크다. 수상 기술을 얻은 것으로 처리하지 않는다.'
  -   '파도에 둥글게 닳은 바위와 바닷새의 흔적이 보인다.\n외부 생태 관찰만 제공하며 동굴 입구는 닫혀 있다.'
    ]
  
      at TestContext.<anonymous> (C:\my_play\poketmon_demo\tests\explore-outdoors.test.ts:39:126)
      at Test.runInAsyncScope (node:async_hooks:227:14)
      at Test.run (node:internal/test_runner/test:1325:25)
      at Test.processPendingSubtests (node:internal/test_runner/test:911:18)
      at Test.postRun (node:internal/test_runner/test:1465:19)
      at Test.run (node:internal/test_runner/test:1390:12)
      at async Test.processPendingSubtests (node:internal/test_runner/test:911:7) {
    generatedMessage: true,
    code: 'ERR_ASSERTION',
    actual: [ '현재 함께 걷는 동료가 없다.', '소용돌이섬 외부 ↔ 41번수로 연락선', '현재 이동 수단은 정기 연락선과 상륙 데크다. 수상 기술을 얻은 것으로 처리하지 않는다.' ],
    expected: [ '파도에 둥글게 닳은 바위와 바닷새의 흔적이 보인다.\n외부 생태 관찰만 제공하며 동굴 입구는 닫혀 있다.' ],
    operator: 'deepStrictEqual',
    diff: 'simple'
  }

test at tests\explore-outdoors.test.ts:22:44
✖ outdoor investigation through reachable surfaces preserves progress: tour_johto_route_42 (0.4022ms)
  AssertionError [ERR_ASSERTION]: tour_johto_route_42 accessible investigation
      at TestContext.<anonymous> (C:\my_play\poketmon_demo\tests\explore-outdoors.test.ts:44:7)
      at Test.runInAsyncScope (node:async_hooks:227:14)
      at Test.run (node:internal/test_runner/test:1325:25)
      at Test.processPendingSubtests (node:internal/test_runner/test:911:18)
      at Test.postRun (node:internal/test_runner/test:1465:19)
      at Test.run (node:internal/test_runner/test:1390:12)
      at async Test.processPendingSubtests (node:internal/test_runner/test:911:7) {
    generatedMessage: false,
    code: 'ERR_ASSERTION',
    actual: false,
    expected: true,
    operator: '==',
    diff: 'simple'
  }

test at tests\explore-outdoors.test.ts:22:44
✖ outdoor investigation through reachable surfaces preserves progress: tour_johto_mt_mortar_1f (0.5936ms)
  AssertionError [ERR_ASSERTION]: Expected values to be strictly deep-equal:
  + actual - expected
  
    [
  +   '현재 함께 걷는 동료가 없다.',
  +   '절구산 1층 ↔ 남쪽 출구 ↔ 42번도로',
  +   '절구산 방문은 선택이다. 2·3층, 폭포, 특별 조우와 사건 완료는 아직 열리지 않았다.'
  -   '천장에서 떨어진 물이 낮은 암반 홈을 따라 흐른다.\n물길을 건너는 기술이나 도구는 아직 필요하지 않다.'
    ]
  
      at TestContext.<anonymous> (C:\my_play\poketmon_demo\tests\explore-outdoors.test.ts:39:126)
      at Test.runInAsyncScope (node:async_hooks:227:14)
      at Test.run (node:internal/test_runner/test:1325:25)
      at Test.processPendingSubtests (node:internal/test_runner/test:911:18)
      at Test.postRun (node:internal/test_runner/test:1465:19)
      at Test.run (node:internal/test_runner/test:1390:12)
      at async Test.processPendingSubtests (node:internal/test_runner/test:911:7) {
    generatedMessage: true,
    code: 'ERR_ASSERTION',
    actual: [ '현재 함께 걷는 동료가 없다.', '절구산 1층 ↔ 남쪽 출구 ↔ 42번도로', '절구산 방문은 선택이다. 2·3층, 폭포, 특별 조우와 사건 완료는 아직 열리지 않았다.' ],
    expected: [ '천장에서 떨어진 물이 낮은 암반 홈을 따라 흐른다.\n물길을 건너는 기술이나 도구는 아직 필요하지 않다.' ],
    operator: 'deepStrictEqual',
    diff: 'simple'
  }

test at tests\explore-outdoors.test.ts:22:44
✖ outdoor investigation through reachable surfaces preserves progress: tour_johto_route_43 (0.3775ms)
  AssertionError [ERR_ASSERTION]: tour_johto_route_43 accessible investigation
      at TestContext.<anonymous> (C:\my_play\poketmon_demo\tests\explore-outdoors.test.ts:44:7)
      at Test.runInAsyncScope (node:async_hooks:227:14)
      at Test.run (node:internal/test_runner/test:1325:25)
      at Test.processPendingSubtests (node:internal/test_runner/test:911:18)
      at Test.postRun (node:internal/test_runner/test:1465:19)
      at Test.run (node:internal/test_runner/test:1390:12)
      at async Test.processPendingSubtests (node:internal/test_runner/test:911:7) {
    generatedMessage: false,
    code: 'ERR_ASSERTION',
    actual: false,
    expected: true,
    operator: '==',
    diff: 'simple'
  }

test at tests\explore-outdoors.test.ts:22:44
✖ outdoor investigation through reachable surfaces preserves progress: tour_pass_hearthome_veilstone (0.8168ms)
  AssertionError [ERR_ASSERTION]: tour_pass_hearthome_veilstone accessible investigation
      at TestContext.<anonymous> (C:\my_play\poketmon_demo\tests\explore-outdoors.test.ts:44:7)
      at Test.runInAsyncScope (node:async_hooks:227:14)
      at Test.run (node:internal/test_runner/test:1325:25)
      at Test.processPendingSubtests (node:internal/test_runner/test:911:18)
      at Test.postRun (node:internal/test_runner/test:1465:19)
      at Test.run (node:internal/test_runner/test:1390:12)
      at async Test.processPendingSubtests (node:internal/test_runner/test:911:7) {
    generatedMessage: false,
    code: 'ERR_ASSERTION',
    actual: false,
    expected: true,
    operator: '==',
    diff: 'simple'
  }

test at tests\explore-outdoors.test.ts:22:44
✖ outdoor investigation through reachable surfaces preserves progress: tour_pass_hearthome_pastoria (0.6791ms)
  AssertionError [ERR_ASSERTION]: tour_pass_hearthome_pastoria accessible investigation
      at TestContext.<anonymous> (C:\my_play\poketmon_demo\tests\explore-outdoors.test.ts:44:7)
      at Test.runInAsyncScope (node:async_hooks:227:14)
      at Test.run (node:internal/test_runner/test:1325:25)
      at Test.processPendingSubtests (node:internal/test_runner/test:911:18)
      at Test.postRun (node:internal/test_runner/test:1465:19)
      at Test.run (node:internal/test_runner/test:1390:12)
      at async Test.processPendingSubtests (node:internal/test_runner/test:911:7) {
    generatedMessage: false,
    code: 'ERR_ASSERTION',
    actual: false,
    expected: true,
    operator: '==',
    diff: 'simple'
  }

test at tests\explore-outdoors.test.ts:22:44
✖ outdoor investigation through reachable surfaces preserves progress: tour_pass_snowpoint_lake (0.5309ms)
  AssertionError [ERR_ASSERTION]: tour_pass_snowpoint_lake accessible investigation
      at TestContext.<anonymous> (C:\my_play\poketmon_demo\tests\explore-outdoors.test.ts:44:7)
      at Test.runInAsyncScope (node:async_hooks:227:14)
      at Test.run (node:internal/test_runner/test:1325:25)
      at Test.processPendingSubtests (node:internal/test_runner/test:911:18)
      at Test.postRun (node:internal/test_runner/test:1465:19)
      at Test.run (node:internal/test_runner/test:1390:12)
      at async Test.processPendingSubtests (node:internal/test_runner/test:911:7) {
    generatedMessage: false,
    code: 'ERR_ASSERTION',
    actual: false,
    expected: true,
    operator: '==',
    diff: 'simple'
  }

test at tests\explore-outdoors.test.ts:22:44
✖ outdoor investigation through reachable surfaces preserves progress: tour_pass_vermilion_cerulean (0.6621ms)
  AssertionError [ERR_ASSERTION]: 갈색 → 6번도로 → 지하통로 → 5번도로 → 블루
      at TestContext.<anonymous> (C:\my_play\poketmon_demo\tests\explore-outdoors.test.ts:46:131)
      at Test.runInAsyncScope (node:async_hooks:227:14)
      at Test.run (node:internal/test_runner/test:1325:25)
      at Test.processPendingSubtests (node:internal/test_runner/test:911:18)
      at Test.postRun (node:internal/test_runner/test:1465:19)
      at Test.run (node:internal/test_runner/test:1390:12)
      at async Test.processPendingSubtests (node:internal/test_runner/test:911:7) {
    generatedMessage: false,
    code: 'ERR_ASSERTION',
    actual: false,
    expected: true,
    operator: '==',
    diff: 'simple'
  }

test at tests\explore-outdoors.test.ts:22:44
✖ outdoor investigation through reachable surfaces preserves progress: tour_pass_vermilion_cinnabar (0.6377ms)
  AssertionError [ERR_ASSERTION]: 북쪽 전망길에서도 양쪽 큰길로 돌아올 수 있어.
      at TestContext.<anonymous> (C:\my_play\poketmon_demo\tests\explore-outdoors.test.ts:46:131)
      at Test.runInAsyncScope (node:async_hooks:227:14)
      at Test.run (node:internal/test_runner/test:1325:25)
      at Test.processPendingSubtests (node:internal/test_runner/test:911:18)
      at Test.postRun (node:internal/test_runner/test:1465:19)
      at Test.run (node:internal/test_runner/test:1390:12)
      at async Test.processPendingSubtests (node:internal/test_runner/test:911:7) {
    generatedMessage: false,
    code: 'ERR_ASSERTION',
    actual: false,
    expected: true,
    operator: '==',
    diff: 'simple'
  }

test at tests\explore-outdoors.test.ts:22:44
✖ outdoor investigation through reachable surfaces preserves progress: tour_pass_goldenrod_violet (0.4427ms)
  AssertionError [ERR_ASSERTION]: 지금은 여러 구간이 한 연결도로로 이어져 있다.
      at TestContext.<anonymous> (C:\my_play\poketmon_demo\tests\explore-outdoors.test.ts:46:131)
      at Test.runInAsyncScope (node:async_hooks:227:14)
      at Test.run (node:internal/test_runner/test:1325:25)
      at Test.processPendingSubtests (node:internal/test_runner/test:911:18)
      at Test.postRun (node:internal/test_runner/test:1465:19)
      at Test.run (node:internal/test_runner/test:1390:12)
      at async Test.processPendingSubtests (node:internal/test_runner/test:911:7) {
    generatedMessage: false,
    code: 'ERR_ASSERTION',
    actual: false,
    expected: true,
    operator: '==',
    diff: 'simple'
  }

test at tests\explore-outdoors.test.ts:22:44
✖ outdoor investigation through reachable surfaces preserves progress: tour_pass_goldenrod_ecruteak (0.4106ms)
  AssertionError [ERR_ASSERTION]: 자연공원 → 36번도로 → 37번도로 → 인주
      at TestContext.<anonymous> (C:\my_play\poketmon_demo\tests\explore-outdoors.test.ts:46:131)
      at Test.runInAsyncScope (node:async_hooks:227:14)
      at Test.run (node:internal/test_runner/test:1325:25)
      at Test.processPendingSubtests (node:internal/test_runner/test:911:18)
      at Test.postRun (node:internal/test_runner/test:1465:19)
      at Test.run (node:internal/test_runner/test:1390:12)
      at async Test.processPendingSubtests (node:internal/test_runner/test:911:7) {
    generatedMessage: false,
    code: 'ERR_ASSERTION',
    actual: false,
    expected: true,
    operator: '==',
    diff: 'simple'
  }

test at tests\explore-outdoors.test.ts:22:44
✖ outdoor investigation through reachable surfaces preserves progress: tour_sinnoh_route_208 (1.0745ms)
  AssertionError [ERR_ASSERTION]: The expression evaluated to a falsy value:
  
    assert(g.interactionHint?.includes(obj.name))
  
      at TestContext.<anonymous> (C:\my_play\poketmon_demo\tests\explore-outdoors.test.ts:29:69)
      at Test.runInAsyncScope (node:async_hooks:227:14)
      at Test.run (node:internal/test_runner/test:1325:25)
      at Test.processPendingSubtests (node:internal/test_runner/test:911:18)
      at Test.postRun (node:internal/test_runner/test:1465:19)
      at Test.run (node:internal/test_runner/test:1390:12)
      at async Test.processPendingSubtests (node:internal/test_runner/test:911:7) {
    generatedMessage: true,
    code: 'ERR_ASSERTION',
    actual: false,
    expected: true,
    operator: '==',
    diff: 'simple'
  }

test at tests\explore-outdoors.test.ts:22:44
✖ outdoor investigation through reachable surfaces preserves progress: tour_sinnoh_route_209 (0.3104ms)
  AssertionError [ERR_ASSERTION]: tour_sinnoh_route_209 accessible investigation
      at TestContext.<anonymous> (C:\my_play\poketmon_demo\tests\explore-outdoors.test.ts:44:7)
      at Test.runInAsyncScope (node:async_hooks:227:14)
      at Test.run (node:internal/test_runner/test:1325:25)
      at Test.processPendingSubtests (node:internal/test_runner/test:911:18)
      at Test.postRun (node:internal/test_runner/test:1465:19)
      at Test.run (node:internal/test_runner/test:1390:12)
      at async Test.processPendingSubtests (node:internal/test_runner/test:911:7) {
    generatedMessage: false,
    code: 'ERR_ASSERTION',
    actual: false,
    expected: true,
    operator: '==',
    diff: 'simple'
  }

test at tests\explore-outdoors.test.ts:22:44
✖ outdoor investigation through reachable surfaces preserves progress: tour_sinnoh_route_210_south (0.3428ms)
  AssertionError [ERR_ASSERTION]: tour_sinnoh_route_210_south accessible investigation
      at TestContext.<anonymous> (C:\my_play\poketmon_demo\tests\explore-outdoors.test.ts:44:7)
      at Test.runInAsyncScope (node:async_hooks:227:14)
      at Test.run (node:internal/test_runner/test:1325:25)
      at Test.processPendingSubtests (node:internal/test_runner/test:911:18)
      at Test.postRun (node:internal/test_runner/test:1465:19)
      at Test.run (node:internal/test_runner/test:1390:12)
      at async Test.processPendingSubtests (node:internal/test_runner/test:911:7) {
    generatedMessage: false,
    code: 'ERR_ASSERTION',
    actual: false,
    expected: true,
    operator: '==',
    diff: 'simple'
  }

test at tests\explore-outdoors.test.ts:22:44
✖ outdoor investigation through reachable surfaces preserves progress: tour_sinnoh_route_215 (0.2171ms)
  AssertionError [ERR_ASSERTION]: tour_sinnoh_route_215 accessible investigation
      at TestContext.<anonymous> (C:\my_play\poketmon_demo\tests\explore-outdoors.test.ts:44:7)
      at Test.runInAsyncScope (node:async_hooks:227:14)
      at Test.run (node:internal/test_runner/test:1325:25)
      at Test.processPendingSubtests (node:internal/test_runner/test:911:18)
      at Test.postRun (node:internal/test_runner/test:1465:19)
      at Test.run (node:internal/test_runner/test:1390:12)
      at async Test.processPendingSubtests (node:internal/test_runner/test:911:7) {
    generatedMessage: false,
    code: 'ERR_ASSERTION',
    actual: false,
    expected: true,
    operator: '==',
    diff: 'simple'
  }

test at tests\explore-outdoors.test.ts:22:44
✖ outdoor investigation through reachable surfaces preserves progress: tour_sinnoh_route_212_north (0.1864ms)
  AssertionError [ERR_ASSERTION]: tour_sinnoh_route_212_north accessible investigation
      at TestContext.<anonymous> (C:\my_play\poketmon_demo\tests\explore-outdoors.test.ts:44:7)
      at Test.runInAsyncScope (node:async_hooks:227:14)
      at Test.run (node:internal/test_runner/test:1325:25)
      at Test.processPendingSubtests (node:internal/test_runner/test:911:18)
      at Test.postRun (node:internal/test_runner/test:1465:19)
      at Test.run (node:internal/test_runner/test:1390:12)
      at async Test.processPendingSubtests (node:internal/test_runner/test:911:7) {
    generatedMessage: false,
    code: 'ERR_ASSERTION',
    actual: false,
    expected: true,
    operator: '==',
    diff: 'simple'
  }

test at tests\explore-outdoors.test.ts:22:44
✖ outdoor investigation through reachable surfaces preserves progress: tour_sinnoh_route_212_south (0.1751ms)
  AssertionError [ERR_ASSERTION]: tour_sinnoh_route_212_south accessible investigation
      at TestContext.<anonymous> (C:\my_play\poketmon_demo\tests\explore-outdoors.test.ts:44:7)
      at Test.runInAsyncScope (node:async_hooks:227:14)
      at Test.run (node:internal/test_runner/test:1325:25)
      at Test.processPendingSubtests (node:internal/test_runner/test:911:18)
      at Test.postRun (node:internal/test_runner/test:1465:19)
      at Test.run (node:internal/test_runner/test:1390:12)
      at async Test.processPendingSubtests (node:internal/test_runner/test:911:7) {
    generatedMessage: false,
    code: 'ERR_ASSERTION',
    actual: false,
    expected: true,
    operator: '==',
    diff: 'simple'
  }

test at tests\explore-outdoors.test.ts:22:44
✖ outdoor investigation through reachable surfaces preserves progress: tour_sinnoh_route_213 (0.1869ms)
  AssertionError [ERR_ASSERTION]: tour_sinnoh_route_213 accessible investigation
      at TestContext.<anonymous> (C:\my_play\poketmon_demo\tests\explore-outdoors.test.ts:44:7)
      at Test.runInAsyncScope (node:async_hooks:227:14)
      at Test.run (node:internal/test_runner/test:1325:25)
      at Test.processPendingSubtests (node:internal/test_runner/test:911:18)
      at Test.postRun (node:internal/test_runner/test:1465:19)
      at Test.run (node:internal/test_runner/test:1390:12)
      at async Test.processPendingSubtests (node:internal/test_runner/test:911:7) {
    generatedMessage: false,
    code: 'ERR_ASSERTION',
    actual: false,
    expected: true,
    operator: '==',
    diff: 'simple'
  }

test at tests\explore-outdoors.test.ts:22:44
✖ outdoor investigation through reachable surfaces preserves progress: tour_sinnoh_route_214 (0.1749ms)
  AssertionError [ERR_ASSERTION]: tour_sinnoh_route_214 accessible investigation
      at TestContext.<anonymous> (C:\my_play\poketmon_demo\tests\explore-outdoors.test.ts:44:7)
      at Test.runInAsyncScope (node:async_hooks:227:14)
      at Test.run (node:internal/test_runner/test:1325:25)
      at Test.processPendingSubtests (node:internal/test_runner/test:911:18)
      at Test.postRun (node:internal/test_runner/test:1465:19)
      at Test.run (node:internal/test_runner/test:1390:12)
      at async Test.processPendingSubtests (node:internal/test_runner/test:911:7) {
    generatedMessage: false,
    code: 'ERR_ASSERTION',
    actual: false,
    expected: true,
    operator: '==',
    diff: 'simple'
  }

test at tests\explore-outdoors.test.ts:22:44
✖ outdoor investigation through reachable surfaces preserves progress: tour_sinnoh_route_222 (0.1644ms)
  AssertionError [ERR_ASSERTION]: tour_sinnoh_route_222 accessible investigation
      at TestContext.<anonymous> (C:\my_play\poketmon_demo\tests\explore-outdoors.test.ts:44:7)
      at Test.runInAsyncScope (node:async_hooks:227:14)
      at Test.run (node:internal/test_runner/test:1325:25)
      at Test.processPendingSubtests (node:internal/test_runner/test:911:18)
      at Test.postRun (node:internal/test_runner/test:1465:19)
      at Test.run (node:internal/test_runner/test:1390:12)
      at async Test.processPendingSubtests (node:internal/test_runner/test:911:7) {
    generatedMessage: false,
    code: 'ERR_ASSERTION',
    actual: false,
    expected: true,
    operator: '==',
    diff: 'simple'
  }

test at tests\explore-outdoors.test.ts:22:44
✖ outdoor investigation through reachable surfaces preserves progress: tour_sinnoh_route_216 (0.1881ms)
  AssertionError [ERR_ASSERTION]: tour_sinnoh_route_216 accessible investigation
      at TestContext.<anonymous> (C:\my_play\poketmon_demo\tests\explore-outdoors.test.ts:44:7)
      at Test.runInAsyncScope (node:async_hooks:227:14)
      at Test.run (node:internal/test_runner/test:1325:25)
      at Test.processPendingSubtests (node:internal/test_runner/test:911:18)
      at Test.postRun (node:internal/test_runner/test:1465:19)
      at Test.run (node:internal/test_runner/test:1390:12)
      at async Test.processPendingSubtests (node:internal/test_runner/test:911:7) {
    generatedMessage: false,
    code: 'ERR_ASSERTION',
    actual: false,
    expected: true,
    operator: '==',
    diff: 'simple'
  }

test at tests\explore-outdoors.test.ts:22:44
✖ outdoor investigation through reachable surfaces preserves progress: tour_sinnoh_route_217 (0.1756ms)
  AssertionError [ERR_ASSERTION]: tour_sinnoh_route_217 accessible investigation
      at TestContext.<anonymous> (C:\my_play\poketmon_demo\tests\explore-outdoors.test.ts:44:7)
      at Test.runInAsyncScope (node:async_hooks:227:14)
      at Test.run (node:internal/test_runner/test:1325:25)
      at Test.processPendingSubtests (node:internal/test_runner/test:911:18)
      at Test.postRun (node:internal/test_runner/test:1465:19)
      at Test.run (node:internal/test_runner/test:1390:12)
      at async Test.processPendingSubtests (node:internal/test_runner/test:911:7) {
    generatedMessage: false,
    code: 'ERR_ASSERTION',
    actual: false,
    expected: true,
    operator: '==',
    diff: 'simple'
  }

test at tests\explore-outdoors.test.ts:22:44
✖ outdoor investigation through reachable surfaces preserves progress: tour_sinnoh_route_203 (0.1724ms)
  AssertionError [ERR_ASSERTION]: tour_sinnoh_route_203 accessible investigation
      at TestContext.<anonymous> (C:\my_play\poketmon_demo\tests\explore-outdoors.test.ts:44:7)
      at Test.runInAsyncScope (node:async_hooks:227:14)
      at Test.run (node:internal/test_runner/test:1325:25)
      at Test.processPendingSubtests (node:internal/test_runner/test:911:18)
      at Test.postRun (node:internal/test_runner/test:1465:19)
      at Test.run (node:internal/test_runner/test:1390:12)
      at async Test.processPendingSubtests (node:internal/test_runner/test:911:7) {
    generatedMessage: false,
    code: 'ERR_ASSERTION',
    actual: false,
    expected: true,
    operator: '==',
    diff: 'simple'
  }

test at tests\explore-outdoors.test.ts:22:44
✖ outdoor investigation through reachable surfaces preserves progress: tour_oreburgh_gate_1f (0.1701ms)
  AssertionError [ERR_ASSERTION]: tour_oreburgh_gate_1f accessible investigation
      at TestContext.<anonymous> (C:\my_play\poketmon_demo\tests\explore-outdoors.test.ts:44:7)
      at Test.runInAsyncScope (node:async_hooks:227:14)
      at Test.run (node:internal/test_runner/test:1325:25)
      at Test.processPendingSubtests (node:internal/test_runner/test:911:18)
      at Test.postRun (node:internal/test_runner/test:1465:19)
      at Test.run (node:internal/test_runner/test:1390:12)
      at async Test.processPendingSubtests (node:internal/test_runner/test:911:7) {
    generatedMessage: false,
    code: 'ERR_ASSERTION',
    actual: false,
    expected: true,
    operator: '==',
    diff: 'simple'
  }

test at tests\explore-outdoors.test.ts:22:44
✖ outdoor investigation through reachable surfaces preserves progress: tour_sinnoh_route_204_south (0.1666ms)
  AssertionError [ERR_ASSERTION]: tour_sinnoh_route_204_south accessible investigation
      at TestContext.<anonymous> (C:\my_play\poketmon_demo\tests\explore-outdoors.test.ts:44:7)
      at Test.runInAsyncScope (node:async_hooks:227:14)
      at Test.run (node:internal/test_runner/test:1325:25)
      at Test.processPendingSubtests (node:internal/test_runner/test:911:18)
      at Test.postRun (node:internal/test_runner/test:1465:19)
      at Test.run (node:internal/test_runner/test:1390:12)
      at async Test.processPendingSubtests (node:internal/test_runner/test:911:7) {
    generatedMessage: false,
    code: 'ERR_ASSERTION',
    actual: false,
    expected: true,
    operator: '==',
    diff: 'simple'
  }

test at tests\explore-outdoors.test.ts:22:44
✖ outdoor investigation through reachable surfaces preserves progress: tour_ravaged_path (0.167ms)
  AssertionError [ERR_ASSERTION]: tour_ravaged_path accessible investigation
      at TestContext.<anonymous> (C:\my_play\poketmon_demo\tests\explore-outdoors.test.ts:44:7)
      at Test.runInAsyncScope (node:async_hooks:227:14)
      at Test.run (node:internal/test_runner/test:1325:25)
      at Test.processPendingSubtests (node:internal/test_runner/test:911:18)
      at Test.postRun (node:internal/test_runner/test:1465:19)
      at Test.run (node:internal/test_runner/test:1390:12)
      at async Test.processPendingSubtests (node:internal/test_runner/test:911:7) {
    generatedMessage: false,
    code: 'ERR_ASSERTION',
    actual: false,
    expected: true,
    operator: '==',
    diff: 'simple'
  }

test at tests\explore-outdoors.test.ts:22:44
✖ outdoor investigation through reachable surfaces preserves progress: tour_sinnoh_route_205_south (0.1724ms)
  AssertionError [ERR_ASSERTION]: tour_sinnoh_route_205_south accessible investigation
      at TestContext.<anonymous> (C:\my_play\poketmon_demo\tests\explore-outdoors.test.ts:44:7)
      at Test.runInAsyncScope (node:async_hooks:227:14)
      at Test.run (node:internal/test_runner/test:1325:25)
      at Test.processPendingSubtests (node:internal/test_runner/test:911:18)
      at Test.postRun (node:internal/test_runner/test:1465:19)
      at Test.run (node:internal/test_runner/test:1390:12)
      at async Test.processPendingSubtests (node:internal/test_runner/test:911:7) {
    generatedMessage: false,
    code: 'ERR_ASSERTION',
    actual: false,
    expected: true,
    operator: '==',
    diff: 'simple'
  }

test at tests\explore-outdoors.test.ts:22:44
✖ outdoor investigation through reachable surfaces preserves progress: tour_sinnoh_route_205_north (0.1668ms)
  AssertionError [ERR_ASSERTION]: tour_sinnoh_route_205_north accessible investigation
      at TestContext.<anonymous> (C:\my_play\poketmon_demo\tests\explore-outdoors.test.ts:44:7)
      at Test.runInAsyncScope (node:async_hooks:227:14)
      at Test.run (node:internal/test_runner/test:1325:25)
      at Test.processPendingSubtests (node:internal/test_runner/test:911:18)
      at Test.postRun (node:internal/test_runner/test:1465:19)
      at Test.run (node:internal/test_runner/test:1390:12)
      at async Test.processPendingSubtests (node:internal/test_runner/test:911:7) {
    generatedMessage: false,
    code: 'ERR_ASSERTION',
    actual: false,
    expected: true,
    operator: '==',
    diff: 'simple'
  }

test at tests\explore-outdoors.test.ts:22:44
✖ outdoor investigation through reachable surfaces preserves progress: tour_sinnoh_route_206 (0.159ms)
  AssertionError [ERR_ASSERTION]: tour_sinnoh_route_206 accessible investigation
      at TestContext.<anonymous> (C:\my_play\poketmon_demo\tests\explore-outdoors.test.ts:44:7)
      at Test.runInAsyncScope (node:async_hooks:227:14)
      at Test.run (node:internal/test_runner/test:1325:25)
      at Test.processPendingSubtests (node:internal/test_runner/test:911:18)
      at Test.postRun (node:internal/test_runner/test:1465:19)
      at Test.run (node:internal/test_runner/test:1390:12)
      at async Test.processPendingSubtests (node:internal/test_runner/test:911:7) {
    generatedMessage: false,
    code: 'ERR_ASSERTION',
    actual: false,
    expected: true,
    operator: '==',
    diff: 'simple'
  }

test at tests\explore-outdoors.test.ts:22:44
✖ outdoor investigation through reachable surfaces preserves progress: tour_sinnoh_route_207 (0.1575ms)
  AssertionError [ERR_ASSERTION]: tour_sinnoh_route_207 accessible investigation
      at TestContext.<anonymous> (C:\my_play\poketmon_demo\tests\explore-outdoors.test.ts:44:7)
      at Test.runInAsyncScope (node:async_hooks:227:14)
      at Test.run (node:internal/test_runner/test:1325:25)
      at Test.processPendingSubtests (node:internal/test_runner/test:911:18)
      at Test.postRun (node:internal/test_runner/test:1465:19)
      at Test.run (node:internal/test_runner/test:1390:12)
      at async Test.processPendingSubtests (node:internal/test_runner/test:911:7) {
    generatedMessage: false,
    code: 'ERR_ASSERTION',
    actual: false,
    expected: true,
    operator: '==',
    diff: 'simple'
  }

test at tests\explore-outdoors.test.ts:54:1
✖ revision eight saves on new sign tiles relocate while other valid positions remain (111.9707ms)
  AssertionError [ERR_ASSERTION]: Expected values to be strictly deep-equal:
  + actual - expected
  
    {
  +   facing: 'left',
  +   x: 35,
  +   y: 10
  -   facing: 'down',
  -   x: 14,
  -   y: 11
    }
  
      at TestContext.<anonymous> (C:\my_play\poketmon_demo\tests\explore-outdoors.test.ts:57:148)
      at Test.runInAsyncScope (node:async_hooks:227:14)
      at Test.run (node:internal/test_runner/test:1325:25)
      at Test.processPendingSubtests (node:internal/test_runner/test:911:18)
      at Test.postRun (node:internal/test_runner/test:1465:19)
      at Test.run (node:internal/test_runner/test:1390:12)
      at async Test.processPendingSubtests (node:internal/test_runner/test:911:7) {
    generatedMessage: true,
    code: 'ERR_ASSERTION',
    actual: { x: 35, y: 10, facing: 'left' },
    expected: { x: 14, y: 11, facing: 'down' },
    operator: 'deepStrictEqual',
    diff: 'simple'
  }

test at tests\explore-pokemon.test.ts:13:1
✖ 35 town Pokemon cover eight DS field species with four reachable conversation sides (3.759ms)
  AssertionError [ERR_ASSERTION]: Expected values to be strictly equal:
  
  41 !== 35
  
      at TestContext.<anonymous> (C:\my_play\poketmon_demo\tests\explore-pokemon.test.ts:14:10)
      at Test.runInAsyncScope (node:async_hooks:227:14)
      at Test.run (node:internal/test_runner/test:1325:25)
      at Test.start (node:internal/test_runner/test:1191:17)
      at startSubtestAfterBootstrap (node:internal/test_runner/harness:385:17) {
    generatedMessage: true,
    code: 'ERR_ASSERTION',
    actual: 41,
    expected: 35,
    operator: 'strictEqual',
    diff: 'simple'
  }

test at tests\explore-pokemon.test.ts:23:1
✖ all town Pokemon react from four directions repeatedly without changing ownership or progress (72.646ms)
  AssertionError [ERR_ASSERTION]: Expected values to be strictly deep-equal:
  + actual - expected
  
    [
      '고라... 파덕?\n데크 아래 물결을 가만히 바라본다.',
  +   '부두 일꾼이 지나가자 길 가장자리로 물러나\n짐을 나르는 동료가 지나갈 자리를 내준다.'
    ]
  
      at TestContext.<anonymous> (C:\my_play\poketmon_demo\tests\explore-pokemon.test.ts:31:19)
      at Test.runInAsyncScope (node:async_hooks:227:14)
      at Test.run (node:internal/test_runner/test:1325:25)
      at Test.processPendingSubtests (node:internal/test_runner/test:911:18)
      at Test.postRun (node:internal/test_runner/test:1465:19)
      at Test.run (node:internal/test_runner/test:1390:12)
      at async startSubtestAfterBootstrap (node:internal/test_runner/harness:385:3) {
    generatedMessage: true,
    code: 'ERR_ASSERTION',
    actual: [ '고라... 파덕?\n데크 아래 물결을 가만히 바라본다.', '부두 일꾼이 지나가자 길 가장자리로 물러나\n짐을 나르는 동료가 지나갈 자리를 내준다.' ],
    expected: [ '고라... 파덕?\n데크 아래 물결을 가만히 바라본다.' ],
    operator: 'deepStrictEqual',
    diff: 'simple'
  }

test at tests\explore-pokemon.test.ts:37:1
✖ revision 13 saves recover Pokemon overlaps and preserve visits, elapsed time and valid adjacent positions (28.0981ms)
  AssertionError [ERR_ASSERTION]: Expected values to be strictly deep-equal:
  + actual - expected
  
    {
  +   facing: 'down',
  +   x: 14,
  +   y: 11
  -   facing: 'up',
  -   x: 22,
  -   y: 17
    }
  
      at TestContext.<anonymous> (C:\my_play\poketmon_demo\tests\explore-pokemon.test.ts:43:25)
      at Test.runInAsyncScope (node:async_hooks:227:14)
      at Test.run (node:internal/test_runner/test:1325:25)
      at Test.processPendingSubtests (node:internal/test_runner/test:911:18)
      at Test.postRun (node:internal/test_runner/test:1465:19)
      at Test.run (node:internal/test_runner/test:1390:12)
      at async Test.processPendingSubtests (node:internal/test_runner/test:911:7) {
    generatedMessage: true,
    code: 'ERR_ASSERTION',
    actual: { x: 14, y: 11, facing: 'down' },
    expected: { x: 22, y: 17, facing: 'up' },
    operator: 'deepStrictEqual',
    diff: 'simple'
  }

test at tests\explore-pokemon.test.ts:48:1
✖ direction and idle frames stay inside downloaded DS sheets, including the four-frame Starly (69.9028ms)
  AssertionError [ERR_ASSERTION]: Expected values to be strictly equal:
  
  1133 !== 32
  
      at TestContext.<anonymous> (C:\my_play\poketmon_demo\tests\explore-pokemon.test.ts:51:12)
      at async Test.run (node:internal/test_runner/test:1332:7)
      at async Test.processPendingSubtests (node:internal/test_runner/test:911:7) {
    generatedMessage: true,
    code: 'ERR_ASSERTION',
    actual: 1133,
    expected: 32,
    operator: 'strictEqual',
    diff: 'simple'
  }

test at tests\explore-residents.test.ts:11:1
✖ 35 towns have 70 distinct local conversations with existing DS sprite assets and clear approaches (3.4683ms)
  AssertionError [ERR_ASSERTION]: Expected values to be strictly equal:
  
  41 !== 35
  
      at TestContext.<anonymous> (C:\my_play\poketmon_demo\tests\explore-residents.test.ts:12:10)
      at Test.runInAsyncScope (node:async_hooks:227:14)
      at Test.run (node:internal/test_runner/test:1325:25)
      at Test.start (node:internal/test_runner/test:1191:17)
      at startSubtestAfterBootstrap (node:internal/test_runner/harness:385:17) {
    generatedMessage: true,
    code: 'ERR_ASSERTION',
    actual: 41,
    expected: 35,
    operator: 'strictEqual',
    diff: 'simple'
  }

test at tests\explore-residents.test.ts:25:59
✖ residents remain approachable and declining requests preserves progress: tour_oreburgh (4.5873ms)
  AssertionError [ERR_ASSERTION]: Expected values to be strictly deep-equal:
  + actual - expected
  
    [
  +   '광차 모형을 보러 왔어요.\n탄갱 작업반장에게 동료를 정하면 실제 레일과 비교할 수 있대요.'
  -   '광차 모형을 보러 왔어요.\n바퀴가 어떻게 움직이는지 궁금해요.'
    ]
  
      at TestContext.<anonymous> (C:\my_play\poketmon_demo\tests\explore-residents.test.ts:33:19)
      at Test.runInAsyncScope (node:async_hooks:227:14)
      at Test.run (node:internal/test_runner/test:1325:25)
      at Test.processPendingSubtests (node:internal/test_runner/test:911:18)
      at Test.postRun (node:internal/test_runner/test:1465:19)
      at Test.run (node:internal/test_runner/test:1390:12)
      at async Test.processPendingSubtests (node:internal/test_runner/test:911:7) {
    generatedMessage: true,
    code: 'ERR_ASSERTION',
    actual: [ '광차 모형을 보러 왔어요.\n탄갱 작업반장에게 동료를 정하면 실제 레일과 비교할 수 있대요.' ],
    expected: [ '광차 모형을 보러 왔어요.\n바퀴가 어떻게 움직이는지 궁금해요.' ],
    operator: 'deepStrictEqual',
    diff: 'simple'
  }

test at tests\explore-residents.test.ts:25:59
✖ residents remain approachable and declining requests preserves progress: tour_hearthome (4.8862ms)
  AssertionError [ERR_ASSERTION]: Expected values to be strictly deep-equal:
  + actual - expected
  
    [
  +   '동쪽 연습 정원에서 걸음을 맞춘 뒤\n콘테스트 홀의 작은 무대에 올라 봐.'
  -   '무대에 서기 전에 깊게 숨을 쉬어.\n오늘은 리본을 매는 연습부터 할래.'
    ]
  
      at TestContext.<anonymous> (C:\my_play\poketmon_demo\tests\explore-residents.test.ts:33:19)
      at Test.runInAsyncScope (node:async_hooks:227:14)
      at Test.run (node:internal/test_runner/test:1325:25)
      at Test.processPendingSubtests (node:internal/test_runner/test:911:18)
      at Test.postRun (node:internal/test_runner/test:1465:19)
      at Test.run (node:internal/test_runner/test:1390:12)
      at async Test.processPendingSubtests (node:internal/test_runner/test:911:7) {
    generatedMessage: true,
    code: 'ERR_ASSERTION',
    actual: [ '동쪽 연습 정원에서 걸음을 맞춘 뒤\n콘테스트 홀의 작은 무대에 올라 봐.' ],
    expected: [ '무대에 서기 전에 깊게 숨을 쉬어.\n오늘은 리본을 매는 연습부터 할래.' ],
    operator: 'deepStrictEqual',
    diff: 'simple'
  }

test at tests\explore-residents.test.ts:25:59
✖ residents remain approachable and declining requests preserves progress: tour_veilstone (2.9503ms)
  AssertionError [ERR_ASSERTION]: Expected values to be strictly deep-equal:
  + actual - expected
  
    [
  +   '함께 여행할 동료가 생기면 센터와 백화점부터 둘러봐.'
  -   '계단식 광장을 천천히 돌아봤어.\n높이가 달라지니 건물도 다르게 보여.'
    ]
  
      at TestContext.<anonymous> (C:\my_play\poketmon_demo\tests\explore-residents.test.ts:33:19)
      at Test.runInAsyncScope (node:async_hooks:227:14)
      at Test.run (node:internal/test_runner/test:1325:25)
      at Test.processPendingSubtests (node:internal/test_runner/test:911:18)
      at Test.postRun (node:internal/test_runner/test:1465:19)
      at Test.run (node:internal/test_runner/test:1390:12)
      at async Test.processPendingSubtests (node:internal/test_runner/test:911:7) {
    generatedMessage: true,
    code: 'ERR_ASSERTION',
    actual: [ '함께 여행할 동료가 생기면 센터와 백화점부터 둘러봐.' ],
    expected: [ '계단식 광장을 천천히 돌아봤어.\n높이가 달라지니 건물도 다르게 보여.' ],
    operator: 'deepStrictEqual',
    diff: 'simple'
  }

test at tests\explore-residents.test.ts:25:59
✖ residents remain approachable and declining requests preserves progress: tour_pastoria (3.5853ms)
  AssertionError [ERR_ASSERTION]: Expected values to be strictly deep-equal:
  + actual - expected
  
    [
  +   '동료와 함께 오면 관찰소에서 물길 기록을 시작할 수 있어.'
  -   '물가에서는 조용히 기다려 봐.\n물결 사이로 작은 움직임이 보일 거야.'
    ]
  
      at TestContext.<anonymous> (C:\my_play\poketmon_demo\tests\explore-residents.test.ts:33:19)
      at Test.runInAsyncScope (node:async_hooks:227:14)
      at Test.run (node:internal/test_runner/test:1325:25)
      at Test.processPendingSubtests (node:internal/test_runner/test:911:18)
      at Test.postRun (node:internal/test_runner/test:1465:19)
      at Test.run (node:internal/test_runner/test:1390:12)
      at async Test.processPendingSubtests (node:internal/test_runner/test:911:7) {
    generatedMessage: true,
    code: 'ERR_ASSERTION',
    actual: [ '동료와 함께 오면 관찰소에서 물길 기록을 시작할 수 있어.' ],
    expected: [ '물가에서는 조용히 기다려 봐.\n물결 사이로 작은 움직임이 보일 거야.' ],
    operator: 'deepStrictEqual',
    diff: 'simple'
  }

test at tests\explore-residents.test.ts:25:59
✖ residents remain approachable and declining requests preserves progress: tour_canalave (3.6515ms)
  AssertionError [ERR_ASSERTION]: Expected values to be strictly deep-equal:
  + actual - expected
  
    [
  +   '항만 사무소 기록판에서 건강한 동료의 역할을 먼저 정해 봐.'
  -   '작업 포켓몬과 신호를 맞추며 화물 간격을 확인하고 있어.'
    ]
  
      at TestContext.<anonymous> (C:\my_play\poketmon_demo\tests\explore-residents.test.ts:33:19)
      at Test.runInAsyncScope (node:async_hooks:227:14)
      at Test.run (node:internal/test_runner/test:1325:25)
      at Test.processPendingSubtests (node:internal/test_runner/test:911:18)
      at Test.postRun (node:internal/test_runner/test:1465:19)
      at Test.run (node:internal/test_runner/test:1390:12)
      at async Test.processPendingSubtests (node:internal/test_runner/test:911:7) {
    generatedMessage: true,
    code: 'ERR_ASSERTION',
    actual: [ '항만 사무소 기록판에서 건강한 동료의 역할을 먼저 정해 봐.' ],
    expected: [ '작업 포켓몬과 신호를 맞추며 화물 간격을 확인하고 있어.' ],
    operator: 'deepStrictEqual',
    diff: 'simple'
  }

test at tests\explore-residents.test.ts:25:59
✖ residents remain approachable and declining requests preserves progress: tour_snowpoint (3.2998ms)
  AssertionError [ERR_ASSERTION]: Expected values to be strictly deep-equal:
  + actual - expected
  
    [
  +   '남쪽 예지호수 근처에서 설원길이 이어진단다.'
  -   '눈 위 발자국은 금방 새로 덮이지.\n집 지붕을 보며 길을 기억해 두렴.'
    ]
  
      at TestContext.<anonymous> (C:\my_play\poketmon_demo\tests\explore-residents.test.ts:33:19)
      at Test.runInAsyncScope (node:async_hooks:227:14)
      at Test.run (node:internal/test_runner/test:1325:25)
      at Test.processPendingSubtests (node:internal/test_runner/test:911:18)
      at Test.postRun (node:internal/test_runner/test:1465:19)
      at Test.run (node:internal/test_runner/test:1390:12)
      at async Test.processPendingSubtests (node:internal/test_runner/test:911:7) {
    generatedMessage: true,
    code: 'ERR_ASSERTION',
    actual: [ '남쪽 예지호수 근처에서 설원길이 이어진단다.' ],
    expected: [ '눈 위 발자국은 금방 새로 덮이지.\n집 지붕을 보며 길을 기억해 두렴.' ],
    operator: 'deepStrictEqual',
    diff: 'simple'
  }

test at tests\explore-residents.test.ts:25:59
✖ residents remain approachable and declining requests preserves progress: tour_sunyshore (2.6312ms)
  AssertionError [ERR_ASSERTION]: Expected values to be strictly deep-equal:
  + actual - expected
  
    [
  +   '동료가 생기면 센터와 등대부터 찾아가 봐.'
  -   '바다를 보면 햇빛이 잘게 부서져.\n같은 자리에서도 빛깔이 계속 달라져.'
    ]
  
      at TestContext.<anonymous> (C:\my_play\poketmon_demo\tests\explore-residents.test.ts:33:19)
      at Test.runInAsyncScope (node:async_hooks:227:14)
      at Test.run (node:internal/test_runner/test:1325:25)
      at Test.processPendingSubtests (node:internal/test_runner/test:911:18)
      at Test.postRun (node:internal/test_runner/test:1465:19)
      at Test.run (node:internal/test_runner/test:1390:12)
      at async Test.processPendingSubtests (node:internal/test_runner/test:911:7) {
    generatedMessage: true,
    code: 'ERR_ASSERTION',
    actual: [ '동료가 생기면 센터와 등대부터 찾아가 봐.' ],
    expected: [ '바다를 보면 햇빛이 잘게 부서져.\n같은 자리에서도 빛깔이 계속 달라져.' ],
    operator: 'deepStrictEqual',
    diff: 'simple'
  }

test at tests\explore-residents.test.ts:25:59
✖ residents remain approachable and declining requests preserves progress: tour_lake (2.5081ms)
  AssertionError [ERR_ASSERTION]: Expected values to be strictly deep-equal:
  + actual - expected
  
    [
  +   '호수 쉼터 안내판에서 건강한 동료를 골라 보세요.'
  -   '이곳은 신오 세 호수를 한곳으로 부르는 장소가 아니에요.\n여러 물가의 흔적을 비교하는 관찰 거점이랍니다.'
    ]
  
      at TestContext.<anonymous> (C:\my_play\poketmon_demo\tests\explore-residents.test.ts:33:19)
      at Test.runInAsyncScope (node:async_hooks:227:14)
      at Test.run (node:internal/test_runner/test:1325:25)
      at Test.processPendingSubtests (node:internal/test_runner/test:911:18)
      at Test.postRun (node:internal/test_runner/test:1465:19)
      at Test.run (node:internal/test_runner/test:1390:12)
      at async Test.processPendingSubtests (node:internal/test_runner/test:911:7) {
    generatedMessage: true,
    code: 'ERR_ASSERTION',
    actual: [ '호수 쉼터 안내판에서 건강한 동료를 골라 보세요.' ],
    expected: [ '이곳은 신오 세 호수를 한곳으로 부르는 장소가 아니에요.\n여러 물가의 흔적을 비교하는 관찰 거점이랍니다.' ],
    operator: 'deepStrictEqual',
    diff: 'simple'
  }

test at tests\explore-residents.test.ts:25:59
✖ residents remain approachable and declining requests preserves progress: tour_vermilion (3.6169ms)
  AssertionError [ERR_ASSERTION]: Expected values to be strictly deep-equal:
  + actual - expected
  
    [
  +   '서쪽 해안길은 홍련섬으로,\n북쪽 6번도로는 지하통로와 5번도로를 지나 블루시티로 이어져.'
  -   '바닷바람을 피해 정원에서 쉬는 중이야.\n다음 해안길을 지도에서 살펴봤어.'
    ]
  
      at TestContext.<anonymous> (C:\my_play\poketmon_demo\tests\explore-residents.test.ts:33:19)
      at Test.runInAsyncScope (node:async_hooks:227:14)
      at Test.run (node:internal/test_runner/test:1325:25)
      at Test.processPendingSubtests (node:internal/test_runner/test:911:18)
      at Test.postRun (node:internal/test_runner/test:1465:19)
      at Test.run (node:internal/test_runner/test:1390:12)
      at async Test.processPendingSubtests (node:internal/test_runner/test:911:7) {
    generatedMessage: true,
    code: 'ERR_ASSERTION',
    actual: [ '서쪽 해안길은 홍련섬으로,\n북쪽 6번도로는 지하통로와 5번도로를 지나 블루시티로 이어져.' ],
    expected: [ '바닷바람을 피해 정원에서 쉬는 중이야.\n다음 해안길을 지도에서 살펴봤어.' ],
    operator: 'deepStrictEqual',
    diff: 'simple'
  }

test at tests\explore-residents.test.ts:25:59
✖ residents remain approachable and declining requests preserves progress: tour_celadon (1.0298ms)
  AssertionError [ERR_ASSERTION]: Expected values to be strictly equal:
  
  '도시 정원사' !== '정원사'
  
      at TestContext.<anonymous> (C:\my_play\poketmon_demo\tests\explore-residents.test.ts:31:26)
      at Test.runInAsyncScope (node:async_hooks:227:14)
      at Test.run (node:internal/test_runner/test:1325:25)
      at Test.processPendingSubtests (node:internal/test_runner/test:911:18)
      at Test.postRun (node:internal/test_runner/test:1465:19)
      at Test.run (node:internal/test_runner/test:1390:12)
      at async Test.processPendingSubtests (node:internal/test_runner/test:911:7) {
    generatedMessage: true,
    code: 'ERR_ASSERTION',
    actual: '도시 정원사',
    expected: '정원사',
    operator: 'strictEqual',
    diff: 'simple'
  }

test at tests\explore-residents.test.ts:25:59
✖ residents remain approachable and declining requests preserves progress: tour_saffron (1.0387ms)
  AssertionError [ERR_ASSERTION]: Expected values to be strictly deep-equal:
  + actual - expected
  
    [
  +   '현재 파티가 비어 있다. 센터 PC에서 맡긴 동료를 확인할 수 있다.'
  -   '빌딩 사이로 보이는 하늘도 좋지.\n점심 뒤에는 광장을 한 바퀴 돌아.'
    ]
  
      at TestContext.<anonymous> (C:\my_play\poketmon_demo\tests\explore-residents.test.ts:33:19)
      at Test.runInAsyncScope (node:async_hooks:227:14)
      at Test.run (node:internal/test_runner/test:1325:25)
      at Test.processPendingSubtests (node:internal/test_runner/test:911:18)
      at Test.postRun (node:internal/test_runner/test:1465:19)
      at Test.run (node:internal/test_runner/test:1390:12)
      at async Test.processPendingSubtests (node:internal/test_runner/test:911:7) {
    generatedMessage: true,
    code: 'ERR_ASSERTION',
    actual: [ '현재 파티가 비어 있다. 센터 PC에서 맡긴 동료를 확인할 수 있다.' ],
    expected: [ '빌딩 사이로 보이는 하늘도 좋지.\n점심 뒤에는 광장을 한 바퀴 돌아.' ],
    operator: 'deepStrictEqual',
    diff: 'simple'
  }

test at tests\explore-residents.test.ts:25:59
✖ residents remain approachable and declining requests preserves progress: tour_lavender (0.8865ms)
  AssertionError [ERR_ASSERTION]: Expected values to be strictly deep-equal:
  + actual - expected
  
    [
  +   '꽃 작업대에서는 건강한 동료와 시든 잎을 정리할 수 있어요.'
  -   '꽃을 고르고 조용히 물을 주고 있어요.\n누군가를 떠올리며 쉬어 가도 좋아요.'
    ]
  
      at TestContext.<anonymous> (C:\my_play\poketmon_demo\tests\explore-residents.test.ts:33:19)
      at Test.runInAsyncScope (node:async_hooks:227:14)
      at Test.run (node:internal/test_runner/test:1325:25)
      at Test.processPendingSubtests (node:internal/test_runner/test:911:18)
      at Test.postRun (node:internal/test_runner/test:1465:19)
      at Test.run (node:internal/test_runner/test:1390:12)
      at async Test.processPendingSubtests (node:internal/test_runner/test:911:7) {
    generatedMessage: true,
    code: 'ERR_ASSERTION',
    actual: [ '꽃 작업대에서는 건강한 동료와 시든 잎을 정리할 수 있어요.' ],
    expected: [ '꽃을 고르고 조용히 물을 주고 있어요.\n누군가를 떠올리며 쉬어 가도 좋아요.' ],
    operator: 'deepStrictEqual',
    diff: 'simple'
  }

test at tests\explore-residents.test.ts:25:59
✖ residents remain approachable and declining requests preserves progress: tour_cinnabar (2.2095ms)
  AssertionError [ERR_ASSERTION]: Expected values to be strictly deep-equal:
  + actual - expected
  
    [
  +   '절벽 아래와 남서쪽 물가 앞에\n풀밭이 있어요. 포장길은 안전해요.',
  +   '만날 수 있는 동료: 가디·질퍽이\n풀밭에서 천천히 살펴봐.'
  -   '절벽의 붉은 결을 살펴보는 중이에요.\n연구소 표본과 같은 화산암이지요.',
  -   '남쪽 만의 돌은 파도에 닳아 매끈해요.\n연구소에서 두 장소를 비교해 보세요.'
    ]
  
      at TestContext.<anonymous> (C:\my_play\poketmon_demo\tests\explore-residents.test.ts:33:19)
      at Test.runInAsyncScope (node:async_hooks:227:14)
      at Test.run (node:internal/test_runner/test:1325:25)
      at Test.processPendingSubtests (node:internal/test_runner/test:911:18)
      at Test.postRun (node:internal/test_runner/test:1465:19)
      at Test.run (node:internal/test_runner/test:1390:12)
      at async Test.processPendingSubtests (node:internal/test_runner/test:911:7) {
    generatedMessage: true,
    code: 'ERR_ASSERTION',
    actual: [ '절벽 아래와 남서쪽 물가 앞에\n풀밭이 있어요. 포장길은 안전해요.', '만날 수 있는 동료: 가디·질퍽이\n풀밭에서 천천히 살펴봐.' ],
    expected: [ '절벽의 붉은 결을 살펴보는 중이에요.\n연구소 표본과 같은 화산암이지요.', '남쪽 만의 돌은 파도에 닳아 매끈해요.\n연구소에서 두 장소를 비교해 보세요.' ],
    operator: 'deepStrictEqual',
    diff: 'simple'
  }

test at tests\explore-residents.test.ts:25:59
✖ residents remain approachable and declining requests preserves progress: tour_goldenrod (8.8888ms)
  AssertionError [ERR_ASSERTION]: Expected values to be strictly equal:
  + actual - expected
  
  + '시장 주민'
  - '남쪽 시장 상인'
  
      at TestContext.<anonymous> (C:\my_play\poketmon_demo\tests\explore-residents.test.ts:31:26)
      at Test.runInAsyncScope (node:async_hooks:227:14)
      at Test.run (node:internal/test_runner/test:1325:25)
      at Test.processPendingSubtests (node:internal/test_runner/test:911:18)
      at Test.postRun (node:internal/test_runner/test:1465:19)
      at Test.run (node:internal/test_runner/test:1390:12)
      at async Test.processPendingSubtests (node:internal/test_runner/test:911:7) {
    generatedMessage: true,
    code: 'ERR_ASSERTION',
    actual: '시장 주민',
    expected: '남쪽 시장 상인',
    operator: 'strictEqual',
    diff: 'simple'
  }

test at tests\explore-residents.test.ts:25:59
✖ residents remain approachable and declining requests preserves progress: tour_azalea (1.5836ms)
  AssertionError [ERR_ASSERTION]: Expected values to be strictly deep-equal:
  + actual - expected
  
    [
  +   '동쪽 마당에서 규토리를 나누고 공방 작업대에서 손질 순서를 볼 수 있단다.'
  -   '손으로 다듬은 물건은 하나씩 달라.\n규토리도 모양부터 살펴보곤 하지.'
    ]
  
      at TestContext.<anonymous> (C:\my_play\poketmon_demo\tests\explore-residents.test.ts:33:19)
      at Test.runInAsyncScope (node:async_hooks:227:14)
      at Test.run (node:internal/test_runner/test:1325:25)
      at Test.processPendingSubtests (node:internal/test_runner/test:911:18)
      at Test.postRun (node:internal/test_runner/test:1465:19)
      at Test.run (node:internal/test_runner/test:1390:12)
      at async Test.processPendingSubtests (node:internal/test_runner/test:911:7) {
    generatedMessage: true,
    code: 'ERR_ASSERTION',
    actual: [ '동쪽 마당에서 규토리를 나누고 공방 작업대에서 손질 순서를 볼 수 있단다.' ],
    expected: [ '손으로 다듬은 물건은 하나씩 달라.\n규토리도 모양부터 살펴보곤 하지.' ],
    operator: 'deepStrictEqual',
    diff: 'simple'
  }

test at tests\explore-residents.test.ts:25:59
✖ residents remain approachable and declining requests preserves progress: tour_ecruteak (1.7054ms)
  AssertionError [ERR_ASSERTION]: Expected values to be strictly equal:
  + actual - expected
  
  + '목조 거리를 돌보는 주민'
  - '목조 거리 주민'
          ^
  
      at TestContext.<anonymous> (C:\my_play\poketmon_demo\tests\explore-residents.test.ts:31:26)
      at Test.runInAsyncScope (node:async_hooks:227:14)
      at Test.run (node:internal/test_runner/test:1325:25)
      at Test.processPendingSubtests (node:internal/test_runner/test:911:18)
      at Test.postRun (node:internal/test_runner/test:1465:19)
      at Test.run (node:internal/test_runner/test:1390:12)
      at async Test.processPendingSubtests (node:internal/test_runner/test:911:7) {
    generatedMessage: true,
    code: 'ERR_ASSERTION',
    actual: '목조 거리를 돌보는 주민',
    expected: '목조 거리 주민',
    operator: 'strictEqual',
    diff: 'simple'
  }

test at tests\explore-residents.test.ts:25:59
✖ residents remain approachable and declining requests preserves progress: tour_mahogany (0.9345ms)
  AssertionError [ERR_ASSERTION]: Expected values to be strictly equal:
  + actual - expected
  
  + '산기슭 장터 주민'
  - '산기슭 주민'
         ^
  
      at TestContext.<anonymous> (C:\my_play\poketmon_demo\tests\explore-residents.test.ts:31:26)
      at Test.runInAsyncScope (node:async_hooks:227:14)
      at Test.run (node:internal/test_runner/test:1325:25)
      at Test.processPendingSubtests (node:internal/test_runner/test:911:18)
      at Test.postRun (node:internal/test_runner/test:1465:19)
      at Test.run (node:internal/test_runner/test:1390:12)
      at async Test.processPendingSubtests (node:internal/test_runner/test:911:7) {
    generatedMessage: true,
    code: 'ERR_ASSERTION',
    actual: '산기슭 장터 주민',
    expected: '산기슭 주민',
    operator: 'strictEqual',
    diff: 'simple'
  }

test at tests\explore-residents.test.ts:25:59
✖ residents remain approachable and declining requests preserves progress: tour_olivine (15.4416ms)
  AssertionError [ERR_ASSERTION]: Expected values to be strictly deep-equal:
  + actual - expected
  
    [
  +   '아직 함께 걷는 포켓몬이 없다.'
  -   '멀리서도 등대가 보여 든든하지.\n창고 일을 마치면 부두를 둘러봐.'
    ]
  
      at TestContext.<anonymous> (C:\my_play\poketmon_demo\tests\explore-residents.test.ts:33:19)
      at Test.runInAsyncScope (node:async_hooks:227:14)
      at Test.run (node:internal/test_runner/test:1325:25)
      at Test.processPendingSubtests (node:internal/test_runner/test:911:18)
      at Test.postRun (node:internal/test_runner/test:1465:19)
      at Test.run (node:internal/test_runner/test:1390:12)
      at async Test.processPendingSubtests (node:internal/test_runner/test:911:7) {
    generatedMessage: true,
    code: 'ERR_ASSERTION',
    actual: [ '아직 함께 걷는 포켓몬이 없다.' ],
    expected: [ '멀리서도 등대가 보여 든든하지.\n창고 일을 마치면 부두를 둘러봐.' ],
    operator: 'deepStrictEqual',
    diff: 'simple'
  }

test at tests\explore-residents.test.ts:25:59
✖ residents remain approachable and declining requests preserves progress: tour_cianwood (3.9204ms)
  AssertionError [ERR_ASSERTION]: Expected values to be strictly deep-equal:
  + actual - expected
  
    [
  +   '현재 함께 걷는 동료가 없다.'
  -   '파도 소리에 맞춰 천천히 걸어 봐.\n모래와 바위의 빛깔도 다르단다.'
    ]
  
      at TestContext.<anonymous> (C:\my_play\poketmon_demo\tests\explore-residents.test.ts:33:19)
      at Test.runInAsyncScope (node:async_hooks:227:14)
      at Test.run (node:internal/test_runner/test:1325:25)
      at Test.processPendingSubtests (node:internal/test_runner/test:911:18)
      at Test.postRun (node:internal/test_runner/test:1465:19)
      at Test.run (node:internal/test_runner/test:1390:12)
      at async Test.processPendingSubtests (node:internal/test_runner/test:911:7) {
    generatedMessage: true,
    code: 'ERR_ASSERTION',
    actual: [ '현재 함께 걷는 동료가 없다.' ],
    expected: [ '파도 소리에 맞춰 천천히 걸어 봐.\n모래와 바위의 빛깔도 다르단다.' ],
    operator: 'deepStrictEqual',
    diff: 'simple'
  }

test at tests\explore-residents.test.ts:25:59
✖ residents remain approachable and declining requests preserves progress: tour_castelia (1.9138ms)
  AssertionError [ERR_ASSERTION]: Expected values to be strictly deep-equal:
  + actual - expected
  
    [
  +   '점심 뒤에는 북쪽 정원도 걸어 봐.\n건물 사이 풀밭에 동료들이 살고 있어.'
  -   '빌딩에서 나와 바다를 보면 시원해.\n쉬는 시간엔 산책로를 꼭 걷지.'
    ]
  
      at TestContext.<anonymous> (C:\my_play\poketmon_demo\tests\explore-residents.test.ts:33:19)
      at Test.runInAsyncScope (node:async_hooks:227:14)
      at Test.run (node:internal/test_runner/test:1325:25)
      at Test.processPendingSubtests (node:internal/test_runner/test:911:18)
      at Test.postRun (node:internal/test_runner/test:1465:19)
      at Test.run (node:internal/test_runner/test:1390:12)
      at async Test.processPendingSubtests (node:internal/test_runner/test:911:7) {
    generatedMessage: true,
    code: 'ERR_ASSERTION',
    actual: [ '점심 뒤에는 북쪽 정원도 걸어 봐.\n건물 사이 풀밭에 동료들이 살고 있어.' ],
    expected: [ '빌딩에서 나와 바다를 보면 시원해.\n쉬는 시간엔 산책로를 꼭 걷지.' ],
    operator: 'deepStrictEqual',
    diff: 'simple'
  }

test at tests\explore-residents.test.ts:25:59
✖ residents remain approachable and declining requests preserves progress: tour_mistralton (1.7311ms)
  AssertionError [ERR_ASSERTION]: Expected values to be strictly deep-equal:
  + actual - expected
  
    [
  +   '전기돌동굴을 지나왔다면 터미널 1층 안내도에서 육로 순서를 확인할 수 있어요.',
  +   '남쪽 출구는 동굴 북부 입구, 센터는 북서쪽입니다.'
  -   '전기돌동굴의 푸른빛을 지나오니\n넓은 하늘과 활주로가 먼저 보여요.',
  -   '센터는 북서쪽, 공항 터미널은 중심가 동쪽이에요.\n남쪽 출구로 돌아가면 동굴 북부 입구입니다.'
    ]
  
      at TestContext.<anonymous> (C:\my_play\poketmon_demo\tests\explore-residents.test.ts:33:19)
      at Test.runInAsyncScope (node:async_hooks:227:14)
      at Test.run (node:internal/test_runner/test:1325:25)
      at Test.processPendingSubtests (node:internal/test_runner/test:911:18)
      at Test.postRun (node:internal/test_runner/test:1465:19)
      at Test.run (node:internal/test_runner/test:1390:12)
      at async Test.processPendingSubtests (node:internal/test_runner/test:911:7) {
    generatedMessage: true,
    code: 'ERR_ASSERTION',
    actual: [ '전기돌동굴을 지나왔다면 터미널 1층 안내도에서 육로 순서를 확인할 수 있어요.', '남쪽 출구는 동굴 북부 입구, 센터는 북서쪽입니다.' ],
    expected: [ '전기돌동굴의 푸른빛을 지나오니\n넓은 하늘과 활주로가 먼저 보여요.', '센터는 북서쪽, 공항 터미널은 중심가 동쪽이에요.\n남쪽 출구로 돌아가면 동굴 북부 입구입니다.' ],
    operator: 'deepStrictEqual',
    diff: 'simple'
  }

test at tests\explore-residents.test.ts:25:59
✖ residents remain approachable and declining requests preserves progress: tour_undella (1.5422ms)
  AssertionError [ERR_ASSERTION]: Expected values to be strictly deep-equal:
  + actual - expected
  
    [
  +   '리버스마운틴을 지나왔다면 안내소 1층 기록대에서 산로마을부터의 순서를 남길 수 있어요.',
  +   '기록은 선택이며 동굴 귀환이나 다른 통행 조건을 바꾸지 않아요.'
  -   '붉은 동굴을 빠져나오니 바닷바람이 아주 시원해요.',
  -   '먼저 센터에서 동료의 발과 호흡을 살펴보려고 해요.'
    ]
  
      at TestContext.<anonymous> (C:\my_play\poketmon_demo\tests\explore-residents.test.ts:33:19)
      at Test.runInAsyncScope (node:async_hooks:227:14)
      at Test.run (node:internal/test_runner/test:1325:25)
      at Test.processPendingSubtests (node:internal/test_runner/test:911:18)
      at Test.postRun (node:internal/test_runner/test:1465:19)
      at Test.run (node:internal/test_runner/test:1390:12)
      at async Test.processPendingSubtests (node:internal/test_runner/test:911:7) {
    generatedMessage: true,
    code: 'ERR_ASSERTION',
    actual: [ '리버스마운틴을 지나왔다면 안내소 1층 기록대에서 산로마을부터의 순서를 남길 수 있어요.', '기록은 선택이며 동굴 귀환이나 다른 통행 조건을 바꾸지 않아요.' ],
    expected: [ '붉은 동굴을 빠져나오니 바닷바람이 아주 시원해요.', '먼저 센터에서 동료의 발과 호흡을 살펴보려고 해요.' ],
    operator: 'deepStrictEqual',
    diff: 'simple'
  }

test at tests\explore-residents.test.ts:25:59
✖ residents remain approachable and declining requests preserves progress: tour_lacunosa (1.5204ms)
  AssertionError [ERR_ASSERTION]: Expected values to be strictly deep-equal:
  + actual - expected
  
    [
  +   '기록관 1층에서 남쪽 문과 13번도로 귀환 표지를 동료와 살필 수 있어요.',
  +   '점검 기록 없이도 13번도로를 왕복할 수 있습니다.'
  -   '남쪽 성벽 문은 하나 13번도로와 물결마을로 이어져요.',
  -   '동료의 발에 모래나 풀이 끼었는지 안뜰에서 먼저 살펴 주세요.'
    ]
  
      at TestContext.<anonymous> (C:\my_play\poketmon_demo\tests\explore-residents.test.ts:33:19)
      at Test.runInAsyncScope (node:async_hooks:227:14)
      at Test.run (node:internal/test_runner/test:1325:25)
      at Test.processPendingSubtests (node:internal/test_runner/test:911:18)
      at Test.postRun (node:internal/test_runner/test:1465:19)
      at Test.run (node:internal/test_runner/test:1390:12)
      at async Test.processPendingSubtests (node:internal/test_runner/test:911:7) {
    generatedMessage: true,
    code: 'ERR_ASSERTION',
    actual: [ '기록관 1층에서 남쪽 문과 13번도로 귀환 표지를 동료와 살필 수 있어요.', '점검 기록 없이도 13번도로를 왕복할 수 있습니다.' ],
    expected: [ '남쪽 성벽 문은 하나 13번도로와 물결마을로 이어져요.', '동료의 발에 모래나 풀이 끼었는지 안뜰에서 먼저 살펴 주세요.' ],
    operator: 'deepStrictEqual',
    diff: 'simple'
  }

test at tests\explore-residents.test.ts:25:59
✖ residents remain approachable and declining requests preserves progress: tour_village_bridge (5.2027ms)
  AssertionError [ERR_ASSERTION]: Expected values to be strictly deep-equal:
  + actual - expected
  
    [
  +   '생활관 1층에서 동료와 다리 보행선을 확인할 수 있어.',
  +   '기록 없이도 12번도로로 돌아갈 수 있고 11번도로가 열리는 조건은 아니야.'
  -   '사람과 포켓몬이 멈춰 쉴 자리와 계속 걷는 통로를 나눠 두었어.',
  -   '난간 안쪽을 따라가면 수로 양쪽 둔치를 오갈 수 있지.'
    ]
  
      at TestContext.<anonymous> (C:\my_play\poketmon_demo\tests\explore-residents.test.ts:33:19)
      at Test.runInAsyncScope (node:async_hooks:227:14)
      at Test.run (node:internal/test_runner/test:1325:25)
      at Test.processPendingSubtests (node:internal/test_runner/test:911:18)
      at Test.postRun (node:internal/test_runner/test:1465:19)
      at Test.run (node:internal/test_runner/test:1390:12)
      at async Test.processPendingSubtests (node:internal/test_runner/test:911:7) {
    generatedMessage: true,
    code: 'ERR_ASSERTION',
    actual: [ '생활관 1층에서 동료와 다리 보행선을 확인할 수 있어.', '기록 없이도 12번도로로 돌아갈 수 있고 11번도로가 열리는 조건은 아니야.' ],
    expected: [ '사람과 포켓몬이 멈춰 쉴 자리와 계속 걷는 통로를 나눠 두었어.', '난간 안쪽을 따라가면 수로 양쪽 둔치를 오갈 수 있지.' ],
    operator: 'deepStrictEqual',
    diff: 'simple'
  }

test at tests\explore-residents.test.ts:25:59
✖ residents remain approachable and declining requests preserves progress: tour_opelucid (5.4886ms)
  AssertionError [ERR_ASSERTION]: Expected values to be strictly deep-equal:
  + actual - expected
  
    [
  +   '역사관 1층에서 11번도로 도착문과 두 거리의 생활을 기록할 수 있어요.',
  +   '물길 전망 공터의 선택 트레이너는 거절해도 길을 막지 않아요.'
  -   '동쪽 문으로 나가면 하나 11번도로와 빌리지브리지예요.',
  -   '센터에서 동료를 쉬게 한 뒤 같은 길로 보배마을까지 돌아갈 수 있어요.'
    ]
  
      at TestContext.<anonymous> (C:\my_play\poketmon_demo\tests\explore-residents.test.ts:33:19)
      at Test.runInAsyncScope (node:async_hooks:227:14)
      at Test.run (node:internal/test_runner/test:1325:25)
      at Test.processPendingSubtests (node:internal/test_runner/test:911:18)
      at Test.postRun (node:internal/test_runner/test:1465:19)
      at Test.run (node:internal/test_runner/test:1390:12)
      at async Test.processPendingSubtests (node:internal/test_runner/test:911:7) {
    generatedMessage: true,
    code: 'ERR_ASSERTION',
    actual: [ '역사관 1층에서 11번도로 도착문과 두 거리의 생활을 기록할 수 있어요.', '물길 전망 공터의 선택 트레이너는 거절해도 길을 막지 않아요.' ],
    expected: [ '동쪽 문으로 나가면 하나 11번도로와 빌리지브리지예요.', '센터에서 동료를 쉬게 한 뒤 같은 길로 보배마을까지 돌아갈 수 있어요.' ],
    operator: 'deepStrictEqual',
    diff: 'simple'
  }

test at tests\explore-residents.test.ts:25:59
✖ residents remain approachable and declining requests preserves progress: tour_icirrus (7.4942ms)
  AssertionError [ERR_ASSERTION]: Expected values to be strictly deep-equal:
  + actual - expected
  
    [
  +   '생활관 1층에서 동문과 8번도로의 이동 순서를 기록할 수 있어요.',
  +   '기록 없이도 동쪽 문으로 자유롭게 돌아갈 수 있습니다.'
  -   '동쪽 문은 하나 8번도로와 튜브라인브리지 방향이에요.',
  -   '생활관에서 마른 본선과 빗물 순환로를 나눠 기록할 수 있어요.'
    ]
  
      at TestContext.<anonymous> (C:\my_play\poketmon_demo\tests\explore-residents.test.ts:33:19)
      at Test.runInAsyncScope (node:async_hooks:227:14)
      at Test.run (node:internal/test_runner/test:1325:25)
      at Test.processPendingSubtests (node:internal/test_runner/test:911:18)
      at Test.postRun (node:internal/test_runner/test:1465:19)
      at Test.run (node:internal/test_runner/test:1390:12)
      at async Test.processPendingSubtests (node:internal/test_runner/test:911:7) {
    generatedMessage: true,
    code: 'ERR_ASSERTION',
    actual: [ '생활관 1층에서 동문과 8번도로의 이동 순서를 기록할 수 있어요.', '기록 없이도 동쪽 문으로 자유롭게 돌아갈 수 있습니다.' ],
    expected: [ '동쪽 문은 하나 8번도로와 튜브라인브리지 방향이에요.', '생활관에서 마른 본선과 빗물 순환로를 나눠 기록할 수 있어요.' ],
    operator: 'deepStrictEqual',
    diff: 'simple'
  }

test at tests\explore-residents.test.ts:41:1
✖ revision 9 saves overlapping new residents move safely while visits and valid positions survive (47.2443ms)
  AssertionError [ERR_ASSERTION]: Expected values to be strictly deep-equal:
  + actual - expected
  
    {
  +   facing: 'down',
  +   x: 14,
  +   y: 11
  -   facing: 'left',
  -   x: 45,
  -   y: 32
    }
  
      at TestContext.<anonymous> (C:\my_play\poketmon_demo\tests\explore-residents.test.ts:46:25)
      at Test.runInAsyncScope (node:async_hooks:227:14)
      at Test.run (node:internal/test_runner/test:1325:25)
      at Test.processPendingSubtests (node:internal/test_runner/test:911:18)
      at Test.postRun (node:internal/test_runner/test:1465:19)
      at Test.run (node:internal/test_runner/test:1390:12)
      at async Test.processPendingSubtests (node:internal/test_runner/test:911:7) {
    generatedMessage: true,
    code: 'ERR_ASSERTION',
    actual: { x: 14, y: 11, facing: 'down' },
    expected: { x: 45, y: 32, facing: 'left' },
    operator: 'deepStrictEqual',
    diff: 'simple'
  }

test at tests\explore-residents.test.ts:51:1
✖ facility routes avoid the newly occupied resident tiles (172.7605ms)
  AssertionError [ERR_ASSERTION]: Expected values to be strictly equal:
  + actual - expected
  
  + 'blocked'
  - 'walking'
  
      at TestContext.<anonymous> (C:\my_play\poketmon_demo\tests\explore-residents.test.ts:54:117)
      at Test.runInAsyncScope (node:async_hooks:227:14)
      at Test.run (node:internal/test_runner/test:1325:25)
      at Test.processPendingSubtests (node:internal/test_runner/test:911:18)
      at Test.postRun (node:internal/test_runner/test:1465:19)
      at Test.run (node:internal/test_runner/test:1390:12)
      at async Test.processPendingSubtests (node:internal/test_runner/test:911:7) {
    generatedMessage: true,
    code: 'ERR_ASSERTION',
    actual: 'blocked',
    expected: 'walking',
    operator: 'strictEqual',
    diff: 'simple'
  }

test at tests\explore-roaming.test.ts:15:49
✖ Pokemon roams clear tiles without obstructing exits or markers: tour_oreburgh (9.817ms)
  AssertionError [ERR_ASSERTION]: tour_oreburgh marker separation
      at TestContext.<anonymous> (C:\my_play\poketmon_demo\tests\explore-roaming.test.ts:24:86)
      at Test.runInAsyncScope (node:async_hooks:227:14)
      at Test.run (node:internal/test_runner/test:1325:25)
      at Test.processPendingSubtests (node:internal/test_runner/test:911:18)
      at Test.postRun (node:internal/test_runner/test:1465:19)
      at Test.run (node:internal/test_runner/test:1390:12)
      at async startSubtestAfterBootstrap (node:internal/test_runner/harness:385:3) {
    generatedMessage: false,
    code: 'ERR_ASSERTION',
    actual: false,
    expected: true,
    operator: '==',
    diff: 'simple'
  }

test at tests\explore-roaming.test.ts:15:49
✖ Pokemon roams clear tiles without obstructing exits or markers: tour_hearthome (1.2879ms)
  AssertionError [ERR_ASSERTION]: tour_hearthome roaming space
      at TestContext.<anonymous> (C:\my_play\poketmon_demo\tests\explore-roaming.test.ts:18:5)
      at Test.runInAsyncScope (node:async_hooks:227:14)
      at Test.run (node:internal/test_runner/test:1325:25)
      at Test.processPendingSubtests (node:internal/test_runner/test:911:18)
      at Test.postRun (node:internal/test_runner/test:1465:19)
      at Test.run (node:internal/test_runner/test:1390:12)
      at async Test.processPendingSubtests (node:internal/test_runner/test:911:7) {
    generatedMessage: false,
    code: 'ERR_ASSERTION',
    actual: false,
    expected: true,
    operator: '==',
    diff: 'simple'
  }

test at tests\explore-roaming.test.ts:15:49
✖ Pokemon roams clear tiles without obstructing exits or markers: tour_veilstone (0.9084ms)
  AssertionError [ERR_ASSERTION]: tour_veilstone roaming space
      at TestContext.<anonymous> (C:\my_play\poketmon_demo\tests\explore-roaming.test.ts:18:5)
      at Test.runInAsyncScope (node:async_hooks:227:14)
      at Test.run (node:internal/test_runner/test:1325:25)
      at Test.processPendingSubtests (node:internal/test_runner/test:911:18)
      at Test.postRun (node:internal/test_runner/test:1465:19)
      at Test.run (node:internal/test_runner/test:1390:12)
      at async Test.processPendingSubtests (node:internal/test_runner/test:911:7) {
    generatedMessage: false,
    code: 'ERR_ASSERTION',
    actual: false,
    expected: true,
    operator: '==',
    diff: 'simple'
  }

test at tests\explore-roaming.test.ts:15:49
✖ Pokemon roams clear tiles without obstructing exits or markers: tour_pastoria (0.9144ms)
  AssertionError [ERR_ASSERTION]: tour_pastoria roaming space
      at TestContext.<anonymous> (C:\my_play\poketmon_demo\tests\explore-roaming.test.ts:18:5)
      at Test.runInAsyncScope (node:async_hooks:227:14)
      at Test.run (node:internal/test_runner/test:1325:25)
      at Test.processPendingSubtests (node:internal/test_runner/test:911:18)
      at Test.postRun (node:internal/test_runner/test:1465:19)
      at Test.run (node:internal/test_runner/test:1390:12)
      at async Test.processPendingSubtests (node:internal/test_runner/test:911:7) {
    generatedMessage: false,
    code: 'ERR_ASSERTION',
    actual: false,
    expected: true,
    operator: '==',
    diff: 'simple'
  }

test at tests\explore-roaming.test.ts:15:49
✖ Pokemon roams clear tiles without obstructing exits or markers: tour_canalave (7.466ms)
  AssertionError [ERR_ASSERTION]: tour_canalave marker separation
      at TestContext.<anonymous> (C:\my_play\poketmon_demo\tests\explore-roaming.test.ts:24:86)
      at Test.runInAsyncScope (node:async_hooks:227:14)
      at Test.run (node:internal/test_runner/test:1325:25)
      at Test.processPendingSubtests (node:internal/test_runner/test:911:18)
      at Test.postRun (node:internal/test_runner/test:1465:19)
      at Test.run (node:internal/test_runner/test:1390:12)
      at async Test.processPendingSubtests (node:internal/test_runner/test:911:7) {
    generatedMessage: false,
    code: 'ERR_ASSERTION',
    actual: false,
    expected: true,
    operator: '==',
    diff: 'simple'
  }

test at tests\explore-roaming.test.ts:15:49
✖ Pokemon roams clear tiles without obstructing exits or markers: tour_snowpoint (2.1507ms)
  AssertionError [ERR_ASSERTION]: tour_snowpoint patrol leaves exits reachable
      at TestContext.<anonymous> (C:\my_play\poketmon_demo\tests\explore-roaming.test.ts:21:35)
      at Test.runInAsyncScope (node:async_hooks:227:14)
      at Test.run (node:internal/test_runner/test:1325:25)
      at Test.processPendingSubtests (node:internal/test_runner/test:911:18)
      at Test.postRun (node:internal/test_runner/test:1465:19)
      at Test.run (node:internal/test_runner/test:1390:12)
      at async Test.processPendingSubtests (node:internal/test_runner/test:911:7) {
    generatedMessage: false,
    code: 'ERR_ASSERTION',
    actual: 0,
    expected: true,
    operator: '==',
    diff: 'simple'
  }

test at tests\explore-roaming.test.ts:15:49
✖ Pokemon roams clear tiles without obstructing exits or markers: tour_sunyshore (0.5379ms)
  AssertionError [ERR_ASSERTION]: tour_sunyshore roaming space
      at TestContext.<anonymous> (C:\my_play\poketmon_demo\tests\explore-roaming.test.ts:18:5)
      at Test.runInAsyncScope (node:async_hooks:227:14)
      at Test.run (node:internal/test_runner/test:1325:25)
      at Test.processPendingSubtests (node:internal/test_runner/test:911:18)
      at Test.postRun (node:internal/test_runner/test:1465:19)
      at Test.run (node:internal/test_runner/test:1390:12)
      at async Test.processPendingSubtests (node:internal/test_runner/test:911:7) {
    generatedMessage: false,
    code: 'ERR_ASSERTION',
    actual: false,
    expected: true,
    operator: '==',
    diff: 'simple'
  }

test at tests\explore-roaming.test.ts:15:49
✖ Pokemon roams clear tiles without obstructing exits or markers: tour_lake (2.6556ms)
  AssertionError [ERR_ASSERTION]: tour_lake patrol leaves exits reachable
      at TestContext.<anonymous> (C:\my_play\poketmon_demo\tests\explore-roaming.test.ts:21:35)
      at Test.runInAsyncScope (node:async_hooks:227:14)
      at Test.run (node:internal/test_runner/test:1325:25)
      at Test.processPendingSubtests (node:internal/test_runner/test:911:18)
      at Test.postRun (node:internal/test_runner/test:1465:19)
      at Test.run (node:internal/test_runner/test:1390:12)
      at async Test.processPendingSubtests (node:internal/test_runner/test:911:7) {
    generatedMessage: false,
    code: 'ERR_ASSERTION',
    actual: 0,
    expected: true,
    operator: '==',
    diff: 'simple'
  }

test at tests\explore-roaming.test.ts:15:49
✖ Pokemon roams clear tiles without obstructing exits or markers: tour_pewter (13.8549ms)
  AssertionError [ERR_ASSERTION]: tour_pewter marker separation
      at TestContext.<anonymous> (C:\my_play\poketmon_demo\tests\explore-roaming.test.ts:24:86)
      at Test.runInAsyncScope (node:async_hooks:227:14)
      at Test.run (node:internal/test_runner/test:1325:25)
      at Test.processPendingSubtests (node:internal/test_runner/test:911:18)
      at Test.postRun (node:internal/test_runner/test:1465:19)
      at Test.run (node:internal/test_runner/test:1390:12)
      at async Test.processPendingSubtests (node:internal/test_runner/test:911:7) {
    generatedMessage: false,
    code: 'ERR_ASSERTION',
    actual: false,
    expected: true,
    operator: '==',
    diff: 'simple'
  }

test at tests\explore-roaming.test.ts:15:49
✖ Pokemon roams clear tiles without obstructing exits or markers: tour_cerulean (5.9409ms)
  AssertionError [ERR_ASSERTION]: tour_cerulean marker separation
      at TestContext.<anonymous> (C:\my_play\poketmon_demo\tests\explore-roaming.test.ts:24:86)
      at Test.runInAsyncScope (node:async_hooks:227:14)
      at Test.run (node:internal/test_runner/test:1325:25)
      at Test.processPendingSubtests (node:internal/test_runner/test:911:18)
      at Test.postRun (node:internal/test_runner/test:1465:19)
      at Test.run (node:internal/test_runner/test:1390:12)
      at async Test.processPendingSubtests (node:internal/test_runner/test:911:7) {
    generatedMessage: false,
    code: 'ERR_ASSERTION',
    actual: false,
    expected: true,
    operator: '==',
    diff: 'simple'
  }

test at tests\explore-roaming.test.ts:15:49
✖ Pokemon roams clear tiles without obstructing exits or markers: tour_celadon (0.7231ms)
  AssertionError [ERR_ASSERTION]: tour_celadon roaming space
      at TestContext.<anonymous> (C:\my_play\poketmon_demo\tests\explore-roaming.test.ts:18:5)
      at Test.runInAsyncScope (node:async_hooks:227:14)
      at Test.run (node:internal/test_runner/test:1325:25)
      at Test.processPendingSubtests (node:internal/test_runner/test:911:18)
      at Test.postRun (node:internal/test_runner/test:1465:19)
      at Test.run (node:internal/test_runner/test:1390:12)
      at async Test.processPendingSubtests (node:internal/test_runner/test:911:7) {
    generatedMessage: false,
    code: 'ERR_ASSERTION',
    actual: false,
    expected: true,
    operator: '==',
    diff: 'simple'
  }

test at tests\explore-roaming.test.ts:15:49
✖ Pokemon roams clear tiles without obstructing exits or markers: tour_saffron (5.8166ms)
  AssertionError [ERR_ASSERTION]: tour_saffron roaming space
      at TestContext.<anonymous> (C:\my_play\poketmon_demo\tests\explore-roaming.test.ts:18:5)
      at Test.runInAsyncScope (node:async_hooks:227:14)
      at Test.run (node:internal/test_runner/test:1325:25)
      at Test.processPendingSubtests (node:internal/test_runner/test:911:18)
      at Test.postRun (node:internal/test_runner/test:1465:19)
      at Test.run (node:internal/test_runner/test:1390:12)
      at async Test.processPendingSubtests (node:internal/test_runner/test:911:7) {
    generatedMessage: false,
    code: 'ERR_ASSERTION',
    actual: false,
    expected: true,
    operator: '==',
    diff: 'simple'
  }

test at tests\explore-roaming.test.ts:15:49
✖ Pokemon roams clear tiles without obstructing exits or markers: tour_lavender (3.0664ms)
  AssertionError [ERR_ASSERTION]: tour_lavender marker separation
      at TestContext.<anonymous> (C:\my_play\poketmon_demo\tests\explore-roaming.test.ts:24:86)
      at Test.runInAsyncScope (node:async_hooks:227:14)
      at Test.run (node:internal/test_runner/test:1325:25)
      at Test.processPendingSubtests (node:internal/test_runner/test:911:18)
      at Test.postRun (node:internal/test_runner/test:1465:19)
      at Test.run (node:internal/test_runner/test:1390:12)
      at async Test.processPendingSubtests (node:internal/test_runner/test:911:7) {
    generatedMessage: false,
    code: 'ERR_ASSERTION',
    actual: false,
    expected: true,
    operator: '==',
    diff: 'simple'
  }

test at tests\explore-roaming.test.ts:15:49
✖ Pokemon roams clear tiles without obstructing exits or markers: tour_fuchsia (0.5287ms)
  AssertionError [ERR_ASSERTION]: tour_fuchsia roaming space
      at TestContext.<anonymous> (C:\my_play\poketmon_demo\tests\explore-roaming.test.ts:18:5)
      at Test.runInAsyncScope (node:async_hooks:227:14)
      at Test.run (node:internal/test_runner/test:1325:25)
      at Test.processPendingSubtests (node:internal/test_runner/test:911:18)
      at Test.postRun (node:internal/test_runner/test:1465:19)
      at Test.run (node:internal/test_runner/test:1390:12)
      at async Test.processPendingSubtests (node:internal/test_runner/test:911:7) {
    generatedMessage: false,
    code: 'ERR_ASSERTION',
    actual: false,
    expected: true,
    operator: '==',
    diff: 'simple'
  }

test at tests\explore-roaming.test.ts:15:49
✖ Pokemon roams clear tiles without obstructing exits or markers: tour_cinnabar (0.3313ms)
  AssertionError [ERR_ASSERTION]: tour_cinnabar roaming space
      at TestContext.<anonymous> (C:\my_play\poketmon_demo\tests\explore-roaming.test.ts:18:5)
      at Test.runInAsyncScope (node:async_hooks:227:14)
      at Test.run (node:internal/test_runner/test:1325:25)
      at Test.processPendingSubtests (node:internal/test_runner/test:911:18)
      at Test.postRun (node:internal/test_runner/test:1465:19)
      at Test.run (node:internal/test_runner/test:1390:12)
      at async Test.processPendingSubtests (node:internal/test_runner/test:911:7) {
    generatedMessage: false,
    code: 'ERR_ASSERTION',
    actual: false,
    expected: true,
    operator: '==',
    diff: 'simple'
  }

test at tests\explore-roaming.test.ts:15:49
✖ Pokemon roams clear tiles without obstructing exits or markers: tour_azalea (4.7006ms)
  AssertionError [ERR_ASSERTION]: tour_azalea marker separation
      at TestContext.<anonymous> (C:\my_play\poketmon_demo\tests\explore-roaming.test.ts:24:86)
      at Test.runInAsyncScope (node:async_hooks:227:14)
      at Test.run (node:internal/test_runner/test:1325:25)
      at Test.processPendingSubtests (node:internal/test_runner/test:911:18)
      at Test.postRun (node:internal/test_runner/test:1465:19)
      at Test.run (node:internal/test_runner/test:1390:12)
      at async Test.processPendingSubtests (node:internal/test_runner/test:911:7) {
    generatedMessage: false,
    code: 'ERR_ASSERTION',
    actual: false,
    expected: true,
    operator: '==',
    diff: 'simple'
  }

test at tests\explore-roaming.test.ts:15:49
✖ Pokemon roams clear tiles without obstructing exits or markers: tour_ecruteak (0.5365ms)
  AssertionError [ERR_ASSERTION]: tour_ecruteak roaming space
      at TestContext.<anonymous> (C:\my_play\poketmon_demo\tests\explore-roaming.test.ts:18:5)
      at Test.runInAsyncScope (node:async_hooks:227:14)
      at Test.run (node:internal/test_runner/test:1325:25)
      at Test.processPendingSubtests (node:internal/test_runner/test:911:18)
      at Test.postRun (node:internal/test_runner/test:1465:19)
      at Test.run (node:internal/test_runner/test:1390:12)
      at async Test.processPendingSubtests (node:internal/test_runner/test:911:7) {
    generatedMessage: false,
    code: 'ERR_ASSERTION',
    actual: false,
    expected: true,
    operator: '==',
    diff: 'simple'
  }

test at tests\explore-roaming.test.ts:15:49
✖ Pokemon roams clear tiles without obstructing exits or markers: tour_mahogany (0.3026ms)
  AssertionError [ERR_ASSERTION]: tour_mahogany roaming space
      at TestContext.<anonymous> (C:\my_play\poketmon_demo\tests\explore-roaming.test.ts:18:5)
      at Test.runInAsyncScope (node:async_hooks:227:14)
      at Test.run (node:internal/test_runner/test:1325:25)
      at Test.processPendingSubtests (node:internal/test_runner/test:911:18)
      at Test.postRun (node:internal/test_runner/test:1465:19)
      at Test.run (node:internal/test_runner/test:1390:12)
      at async Test.processPendingSubtests (node:internal/test_runner/test:911:7) {
    generatedMessage: false,
    code: 'ERR_ASSERTION',
    actual: false,
    expected: true,
    operator: '==',
    diff: 'simple'
  }

test at tests\explore-roaming.test.ts:15:49
✖ Pokemon roams clear tiles without obstructing exits or markers: tour_olivine (0.7006ms)
  AssertionError [ERR_ASSERTION]: tour_olivine roaming space
      at TestContext.<anonymous> (C:\my_play\poketmon_demo\tests\explore-roaming.test.ts:18:5)
      at Test.runInAsyncScope (node:async_hooks:227:14)
      at Test.run (node:internal/test_runner/test:1325:25)
      at Test.processPendingSubtests (node:internal/test_runner/test:911:18)
      at Test.postRun (node:internal/test_runner/test:1465:19)
      at Test.run (node:internal/test_runner/test:1390:12)
      at async Test.processPendingSubtests (node:internal/test_runner/test:911:7) {
    generatedMessage: false,
    code: 'ERR_ASSERTION',
    actual: false,
    expected: true,
    operator: '==',
    diff: 'simple'
  }

test at tests\explore-roaming.test.ts:15:49
✖ Pokemon roams clear tiles without obstructing exits or markers: tour_cianwood (0.3856ms)
  AssertionError [ERR_ASSERTION]: tour_cianwood roaming space
      at TestContext.<anonymous> (C:\my_play\poketmon_demo\tests\explore-roaming.test.ts:18:5)
      at Test.runInAsyncScope (node:async_hooks:227:14)
      at Test.run (node:internal/test_runner/test:1325:25)
      at Test.processPendingSubtests (node:internal/test_runner/test:911:18)
      at Test.postRun (node:internal/test_runner/test:1465:19)
      at Test.run (node:internal/test_runner/test:1390:12)
      at async Test.processPendingSubtests (node:internal/test_runner/test:911:7) {
    generatedMessage: false,
    code: 'ERR_ASSERTION',
    actual: false,
    expected: true,
    operator: '==',
    diff: 'simple'
  }

test at tests\explore-roaming.test.ts:15:49
✖ Pokemon roams clear tiles without obstructing exits or markers: tour_driftveil (16.3014ms)
  AssertionError [ERR_ASSERTION]: tour_driftveil marker separation
      at TestContext.<anonymous> (C:\my_play\poketmon_demo\tests\explore-roaming.test.ts:24:86)
      at Test.runInAsyncScope (node:async_hooks:227:14)
      at Test.run (node:internal/test_runner/test:1325:25)
      at Test.processPendingSubtests (node:internal/test_runner/test:911:18)
      at Test.postRun (node:internal/test_runner/test:1465:19)
      at Test.run (node:internal/test_runner/test:1390:12)
      at async Test.processPendingSubtests (node:internal/test_runner/test:911:7) {
    generatedMessage: false,
    code: 'ERR_ASSERTION',
    actual: false,
    expected: true,
    operator: '==',
    diff: 'simple'
  }

test at tests\explore-roaming.test.ts:15:49
✖ Pokemon roams clear tiles without obstructing exits or markers: tour_mistralton (37.7387ms)
  AssertionError [ERR_ASSERTION]: tour_mistralton marker separation
      at TestContext.<anonymous> (C:\my_play\poketmon_demo\tests\explore-roaming.test.ts:24:86)
      at Test.runInAsyncScope (node:async_hooks:227:14)
      at Test.run (node:internal/test_runner/test:1325:25)
      at Test.processPendingSubtests (node:internal/test_runner/test:911:18)
      at Test.postRun (node:internal/test_runner/test:1465:19)
      at Test.run (node:internal/test_runner/test:1390:12)
      at async Test.processPendingSubtests (node:internal/test_runner/test:911:7) {
    generatedMessage: false,
    code: 'ERR_ASSERTION',
    actual: false,
    expected: true,
    operator: '==',
    diff: 'simple'
  }

test at tests\explore-roaming.test.ts:15:49
✖ Pokemon roams clear tiles without obstructing exits or markers: tour_lentimas (1.7238ms)
  AssertionError [ERR_ASSERTION]: tour_lentimas roaming space
      at TestContext.<anonymous> (C:\my_play\poketmon_demo\tests\explore-roaming.test.ts:18:5)
      at Test.runInAsyncScope (node:async_hooks:227:14)
      at Test.run (node:internal/test_runner/test:1325:25)
      at Test.processPendingSubtests (node:internal/test_runner/test:911:18)
      at Test.postRun (node:internal/test_runner/test:1465:19)
      at Test.run (node:internal/test_runner/test:1390:12)
      at async Test.processPendingSubtests (node:internal/test_runner/test:911:7) {
    generatedMessage: false,
    code: 'ERR_ASSERTION',
    actual: false,
    expected: true,
    operator: '==',
    diff: 'simple'
  }

test at tests\explore-roaming.test.ts:15:49
✖ Pokemon roams clear tiles without obstructing exits or markers: tour_lacunosa (0.5896ms)
  AssertionError [ERR_ASSERTION]: tour_lacunosa patrol leaves exits reachable
      at TestContext.<anonymous> (C:\my_play\poketmon_demo\tests\explore-roaming.test.ts:21:35)
      at Test.runInAsyncScope (node:async_hooks:227:14)
      at Test.run (node:internal/test_runner/test:1325:25)
      at Test.processPendingSubtests (node:internal/test_runner/test:911:18)
      at Test.postRun (node:internal/test_runner/test:1465:19)
      at Test.run (node:internal/test_runner/test:1390:12)
      at async Test.processPendingSubtests (node:internal/test_runner/test:911:7) {
    generatedMessage: false,
    code: 'ERR_ASSERTION',
    actual: 0,
    expected: true,
    operator: '==',
    diff: 'simple'
  }

test at tests\explore-roaming.test.ts:15:49
✖ Pokemon roams clear tiles without obstructing exits or markers: tour_village_bridge (0.9486ms)
  AssertionError [ERR_ASSERTION]: tour_village_bridge roaming space
      at TestContext.<anonymous> (C:\my_play\poketmon_demo\tests\explore-roaming.test.ts:18:5)
      at Test.runInAsyncScope (node:async_hooks:227:14)
      at Test.run (node:internal/test_runner/test:1325:25)
      at Test.processPendingSubtests (node:internal/test_runner/test:911:18)
      at Test.postRun (node:internal/test_runner/test:1465:19)
      at Test.run (node:internal/test_runner/test:1390:12)
      at async Test.processPendingSubtests (node:internal/test_runner/test:911:7) {
    generatedMessage: false,
    code: 'ERR_ASSERTION',
    actual: false,
    expected: true,
    operator: '==',
    diff: 'simple'
  }

test at tests\explore-roaming.test.ts:15:49
✖ Pokemon roams clear tiles without obstructing exits or markers: tour_opelucid (1.2465ms)
  AssertionError [ERR_ASSERTION]: tour_opelucid roaming space
      at TestContext.<anonymous> (C:\my_play\poketmon_demo\tests\explore-roaming.test.ts:18:5)
      at Test.runInAsyncScope (node:async_hooks:227:14)
      at Test.run (node:internal/test_runner/test:1325:25)
      at Test.processPendingSubtests (node:internal/test_runner/test:911:18)
      at Test.postRun (node:internal/test_runner/test:1465:19)
      at Test.run (node:internal/test_runner/test:1390:12)
      at async Test.processPendingSubtests (node:internal/test_runner/test:911:7) {
    generatedMessage: false,
    code: 'ERR_ASSERTION',
    actual: false,
    expected: true,
    operator: '==',
    diff: 'simple'
  }

test at tests\explore-roaming.test.ts:15:49
✖ Pokemon roams clear tiles without obstructing exits or markers: tour_humilau (2.5215ms)
  AssertionError [ERR_ASSERTION]: tour_humilau marker separation
      at TestContext.<anonymous> (C:\my_play\poketmon_demo\tests\explore-roaming.test.ts:24:86)
      at Test.runInAsyncScope (node:async_hooks:227:14)
      at Test.run (node:internal/test_runner/test:1325:25)
      at Test.processPendingSubtests (node:internal/test_runner/test:911:18)
      at Test.postRun (node:internal/test_runner/test:1465:19)
      at Test.run (node:internal/test_runner/test:1390:12)
      at async Test.processPendingSubtests (node:internal/test_runner/test:911:7) {
    generatedMessage: false,
    code: 'ERR_ASSERTION',
    actual: false,
    expected: true,
    operator: '==',
    diff: 'simple'
  }

test at tests\explore-roaming.test.ts:48:43
✖ old and current saves at the former anchor reload beside the Pokemon: tour_hearthome (32.73ms)
  AssertionError [ERR_ASSERTION]: The expression evaluated to a falsy value:
  
    assert(canStand(g.map,22,16))
  
      at TestContext.<anonymous> (C:\my_play\poketmon_demo\tests\explore-roaming.test.ts:54:94)
      at Test.runInAsyncScope (node:async_hooks:227:14)
      at Test.run (node:internal/test_runner/test:1325:25)
      at Test.processPendingSubtests (node:internal/test_runner/test:911:18)
      at Test.postRun (node:internal/test_runner/test:1465:19)
      at Test.run (node:internal/test_runner/test:1390:12)
      at async Test.processPendingSubtests (node:internal/test_runner/test:911:7) {
    generatedMessage: true,
    code: 'ERR_ASSERTION',
    actual: false,
    expected: true,
    operator: '==',
    diff: 'simple'
  }

test at tests\explore-roaming.test.ts:48:43
✖ old and current saves at the former anchor reload beside the Pokemon: tour_veilstone (3.7472ms)
  AssertionError [ERR_ASSERTION]: The expression evaluated to a falsy value:
  
    assert(canStand(g.map,22,16))
  
      at TestContext.<anonymous> (C:\my_play\poketmon_demo\tests\explore-roaming.test.ts:54:94)
      at Test.runInAsyncScope (node:async_hooks:227:14)
      at Test.run (node:internal/test_runner/test:1325:25)
      at Test.processPendingSubtests (node:internal/test_runner/test:911:18)
      at Test.postRun (node:internal/test_runner/test:1465:19)
      at Test.run (node:internal/test_runner/test:1390:12)
      at async Test.processPendingSubtests (node:internal/test_runner/test:911:7) {
    generatedMessage: true,
    code: 'ERR_ASSERTION',
    actual: false,
    expected: true,
    operator: '==',
    diff: 'simple'
  }

test at tests\explore-roaming.test.ts:48:43
✖ old and current saves at the former anchor reload beside the Pokemon: tour_pastoria (2.1411ms)
  AssertionError [ERR_ASSERTION]: The expression evaluated to a falsy value:
  
    assert(canStand(g.map,22,16))
  
      at TestContext.<anonymous> (C:\my_play\poketmon_demo\tests\explore-roaming.test.ts:54:94)
      at Test.runInAsyncScope (node:async_hooks:227:14)
      at Test.run (node:internal/test_runner/test:1325:25)
      at Test.processPendingSubtests (node:internal/test_runner/test:911:18)
      at Test.postRun (node:internal/test_runner/test:1465:19)
      at Test.run (node:internal/test_runner/test:1390:12)
      at async Test.processPendingSubtests (node:internal/test_runner/test:911:7) {
    generatedMessage: true,
    code: 'ERR_ASSERTION',
    actual: false,
    expected: true,
    operator: '==',
    diff: 'simple'
  }

test at tests\explore-roaming.test.ts:48:43
✖ old and current saves at the former anchor reload beside the Pokemon: tour_sunyshore (1.9091ms)
  AssertionError [ERR_ASSERTION]: The expression evaluated to a falsy value:
  
    assert(canStand(g.map,22,16))
  
      at TestContext.<anonymous> (C:\my_play\poketmon_demo\tests\explore-roaming.test.ts:54:94)
      at Test.runInAsyncScope (node:async_hooks:227:14)
      at Test.run (node:internal/test_runner/test:1325:25)
      at Test.processPendingSubtests (node:internal/test_runner/test:911:18)
      at Test.postRun (node:internal/test_runner/test:1465:19)
      at Test.run (node:internal/test_runner/test:1390:12)
      at async Test.processPendingSubtests (node:internal/test_runner/test:911:7) {
    generatedMessage: true,
    code: 'ERR_ASSERTION',
    actual: false,
    expected: true,
    operator: '==',
    diff: 'simple'
  }

test at tests\explore-roaming.test.ts:48:43
✖ old and current saves at the former anchor reload beside the Pokemon: tour_celadon (2.1902ms)
  AssertionError [ERR_ASSERTION]: The expression evaluated to a falsy value:
  
    assert(canStand(g.map,22,16))
  
      at TestContext.<anonymous> (C:\my_play\poketmon_demo\tests\explore-roaming.test.ts:54:94)
      at Test.runInAsyncScope (node:async_hooks:227:14)
      at Test.run (node:internal/test_runner/test:1325:25)
      at Test.processPendingSubtests (node:internal/test_runner/test:911:18)
      at Test.postRun (node:internal/test_runner/test:1465:19)
      at Test.run (node:internal/test_runner/test:1390:12)
      at async Test.processPendingSubtests (node:internal/test_runner/test:911:7) {
    generatedMessage: true,
    code: 'ERR_ASSERTION',
    actual: false,
    expected: true,
    operator: '==',
    diff: 'simple'
  }

test at tests\explore-roaming.test.ts:48:43
✖ old and current saves at the former anchor reload beside the Pokemon: tour_saffron (2.5079ms)
  AssertionError [ERR_ASSERTION]: The expression evaluated to a falsy value:
  
    assert(canStand(g.map,22,16))
  
      at TestContext.<anonymous> (C:\my_play\poketmon_demo\tests\explore-roaming.test.ts:54:94)
      at Test.runInAsyncScope (node:async_hooks:227:14)
      at Test.run (node:internal/test_runner/test:1325:25)
      at Test.processPendingSubtests (node:internal/test_runner/test:911:18)
      at Test.postRun (node:internal/test_runner/test:1465:19)
      at Test.run (node:internal/test_runner/test:1390:12)
      at async Test.processPendingSubtests (node:internal/test_runner/test:911:7) {
    generatedMessage: true,
    code: 'ERR_ASSERTION',
    actual: false,
    expected: true,
    operator: '==',
    diff: 'simple'
  }

test at tests\explore-roaming.test.ts:48:43
✖ old and current saves at the former anchor reload beside the Pokemon: tour_fuchsia (2.9311ms)
  AssertionError [ERR_ASSERTION]: The expression evaluated to a falsy value:
  
    assert(canStand(g.map,22,16))
  
      at TestContext.<anonymous> (C:\my_play\poketmon_demo\tests\explore-roaming.test.ts:54:94)
      at Test.runInAsyncScope (node:async_hooks:227:14)
      at Test.run (node:internal/test_runner/test:1325:25)
      at Test.processPendingSubtests (node:internal/test_runner/test:911:18)
      at Test.postRun (node:internal/test_runner/test:1465:19)
      at Test.run (node:internal/test_runner/test:1390:12)
      at async Test.processPendingSubtests (node:internal/test_runner/test:911:7) {
    generatedMessage: true,
    code: 'ERR_ASSERTION',
    actual: false,
    expected: true,
    operator: '==',
    diff: 'simple'
  }

test at tests\explore-roaming.test.ts:48:43
✖ old and current saves at the former anchor reload beside the Pokemon: tour_ecruteak (2.2927ms)
  AssertionError [ERR_ASSERTION]: The expression evaluated to a falsy value:
  
    assert(canStand(g.map,22,16))
  
      at TestContext.<anonymous> (C:\my_play\poketmon_demo\tests\explore-roaming.test.ts:54:94)
      at Test.runInAsyncScope (node:async_hooks:227:14)
      at Test.run (node:internal/test_runner/test:1325:25)
      at Test.processPendingSubtests (node:internal/test_runner/test:911:18)
      at Test.postRun (node:internal/test_runner/test:1465:19)
      at Test.run (node:internal/test_runner/test:1390:12)
      at async Test.processPendingSubtests (node:internal/test_runner/test:911:7) {
    generatedMessage: true,
    code: 'ERR_ASSERTION',
    actual: false,
    expected: true,
    operator: '==',
    diff: 'simple'
  }

test at tests\explore-roaming.test.ts:48:43
✖ old and current saves at the former anchor reload beside the Pokemon: tour_mahogany (8.8544ms)
  AssertionError [ERR_ASSERTION]: Expected values to be strictly deep-equal:
  + actual - expected
  
    {
  +   facing: 'down',
  +   x: 14,
  +   y: 11
  -   facing: 'left',
  -   x: 22,
  -   y: 16
    }
  
      at TestContext.<anonymous> (C:\my_play\poketmon_demo\tests\explore-roaming.test.ts:54:12)
      at Test.runInAsyncScope (node:async_hooks:227:14)
      at Test.run (node:internal/test_runner/test:1325:25)
      at Test.processPendingSubtests (node:internal/test_runner/test:911:18)
      at Test.postRun (node:internal/test_runner/test:1465:19)
      at Test.run (node:internal/test_runner/test:1390:12)
      at async Test.processPendingSubtests (node:internal/test_runner/test:911:7) {
    generatedMessage: true,
    code: 'ERR_ASSERTION',
    actual: { x: 14, y: 11, facing: 'down' },
    expected: { x: 22, y: 16, facing: 'left' },
    operator: 'deepStrictEqual',
    diff: 'simple'
  }

test at tests\explore-roaming.test.ts:48:43
✖ old and current saves at the former anchor reload beside the Pokemon: tour_olivine (2.9604ms)
  AssertionError [ERR_ASSERTION]: The expression evaluated to a falsy value:
  
    assert(canStand(g.map,22,16))
  
      at TestContext.<anonymous> (C:\my_play\poketmon_demo\tests\explore-roaming.test.ts:54:94)
      at Test.runInAsyncScope (node:async_hooks:227:14)
      at Test.run (node:internal/test_runner/test:1325:25)
      at Test.processPendingSubtests (node:internal/test_runner/test:911:18)
      at Test.postRun (node:internal/test_runner/test:1465:19)
      at Test.run (node:internal/test_runner/test:1390:12)
      at async Test.processPendingSubtests (node:internal/test_runner/test:911:7) {
    generatedMessage: true,
    code: 'ERR_ASSERTION',
    actual: false,
    expected: true,
    operator: '==',
    diff: 'simple'
  }

test at tests\explore-roaming.test.ts:48:43
✖ old and current saves at the former anchor reload beside the Pokemon: tour_cianwood (3.0121ms)
  AssertionError [ERR_ASSERTION]: The expression evaluated to a falsy value:
  
    assert(canStand(g.map,22,16))
  
      at TestContext.<anonymous> (C:\my_play\poketmon_demo\tests\explore-roaming.test.ts:54:94)
      at Test.runInAsyncScope (node:async_hooks:227:14)
      at Test.run (node:internal/test_runner/test:1325:25)
      at Test.processPendingSubtests (node:internal/test_runner/test:911:18)
      at Test.postRun (node:internal/test_runner/test:1465:19)
      at Test.run (node:internal/test_runner/test:1390:12)
      at async Test.processPendingSubtests (node:internal/test_runner/test:911:7) {
    generatedMessage: true,
    code: 'ERR_ASSERTION',
    actual: false,
    expected: true,
    operator: '==',
    diff: 'simple'
  }

test at tests\explore-roaming.test.ts:48:43
✖ old and current saves at the former anchor reload beside the Pokemon: tour_lentimas (8.9402ms)
  AssertionError [ERR_ASSERTION]: The expression evaluated to a falsy value:
  
    assert(canStand(g.map,22,16))
  
      at TestContext.<anonymous> (C:\my_play\poketmon_demo\tests\explore-roaming.test.ts:54:94)
      at Test.runInAsyncScope (node:async_hooks:227:14)
      at Test.run (node:internal/test_runner/test:1325:25)
      at Test.processPendingSubtests (node:internal/test_runner/test:911:18)
      at Test.postRun (node:internal/test_runner/test:1465:19)
      at Test.run (node:internal/test_runner/test:1390:12)
      at async Test.processPendingSubtests (node:internal/test_runner/test:911:7) {
    generatedMessage: true,
    code: 'ERR_ASSERTION',
    actual: false,
    expected: true,
    operator: '==',
    diff: 'simple'
  }

test at tests\explore-roaming.test.ts:48:43
✖ old and current saves at the former anchor reload beside the Pokemon: tour_lacunosa (3.1053ms)
  AssertionError [ERR_ASSERTION]: The expression evaluated to a falsy value:
  
    assert(parsed)
  
      at TestContext.<anonymous> (C:\my_play\poketmon_demo\tests\explore-roaming.test.ts:52:53)
      at Test.runInAsyncScope (node:async_hooks:227:14)
      at Test.run (node:internal/test_runner/test:1325:25)
      at Test.processPendingSubtests (node:internal/test_runner/test:911:18)
      at Test.postRun (node:internal/test_runner/test:1465:19)
      at Test.run (node:internal/test_runner/test:1390:12)
      at async Test.processPendingSubtests (node:internal/test_runner/test:911:7) {
    generatedMessage: true,
    code: 'ERR_ASSERTION',
    actual: null,
    expected: true,
    operator: '==',
    diff: 'simple'
  }

test at tests\explore-roaming.test.ts:48:43
✖ old and current saves at the former anchor reload beside the Pokemon: tour_village_bridge (3.523ms)
  AssertionError [ERR_ASSERTION]: Expected values to be strictly deep-equal:
  + actual - expected
  
    {
  +   facing: 'down',
  +   x: 14,
  +   y: 11
  -   facing: 'left',
  -   x: 22,
  -   y: 16
    }
  
      at TestContext.<anonymous> (C:\my_play\poketmon_demo\tests\explore-roaming.test.ts:54:12)
      at Test.runInAsyncScope (node:async_hooks:227:14)
      at Test.run (node:internal/test_runner/test:1325:25)
      at Test.processPendingSubtests (node:internal/test_runner/test:911:18)
      at Test.postRun (node:internal/test_runner/test:1465:19)
      at Test.run (node:internal/test_runner/test:1390:12)
      at async Test.processPendingSubtests (node:internal/test_runner/test:911:7) {
    generatedMessage: true,
    code: 'ERR_ASSERTION',
    actual: { x: 14, y: 11, facing: 'down' },
    expected: { x: 22, y: 16, facing: 'left' },
    operator: 'deepStrictEqual',
    diff: 'simple'
  }

test at tests\explore-world.test.ts:12:1
✖ all 43 exterior places and four regions form one connected walking graph (4.3072ms)
  AssertionError [ERR_ASSERTION]: Expected values to be strictly equal:
  
  48 !== 43
  
      at TestContext.<anonymous> (C:\my_play\poketmon_demo\tests\explore-world.test.ts:13:10)
      at Test.runInAsyncScope (node:async_hooks:227:14)
      at Test.run (node:internal/test_runner/test:1325:25)
      at Test.start (node:internal/test_runner/test:1191:17)
      at startSubtestAfterBootstrap (node:internal/test_runner/harness:385:17) {
    generatedMessage: true,
    code: 'ERR_ASSERTION',
    actual: 48,
    expected: 43,
    operator: 'strictEqual',
    diff: 'simple'
  }

test at tests\explore-world.test.ts:16:1
✖ every tour doorway and regional connection moves to a valid save and can be revisited (66.6846ms)
  AssertionError [ERR_ASSERTION]: Expected values to be strictly equal:
  + actual - expected
  
  + 'tour_sinnoh_route_205_north'
  - 'tour_sinnoh_route_211_west'
                        ^
  
      at TestContext.<anonymous> (C:\my_play\poketmon_demo\tests\explore-world.test.ts:17:364)
      at Test.runInAsyncScope (node:async_hooks:227:14)
      at Test.run (node:internal/test_runner/test:1325:25)
      at Test.processPendingSubtests (node:internal/test_runner/test:911:18)
      at Test.postRun (node:internal/test_runner/test:1465:19)
      at Test.run (node:internal/test_runner/test:1390:12)
      at async startSubtestAfterBootstrap (node:internal/test_runner/harness:385:3) {
    generatedMessage: true,
    code: 'ERR_ASSERTION',
    actual: 'tour_sinnoh_route_205_north',
    expected: 'tour_sinnoh_route_211_west',
    operator: 'strictEqual',
    diff: 'simple'
  }

test at tests\explore-world.test.ts:19:1
✖ the western route and expanded Jubilife return preserve the adventure party (1.6075ms)
  AssertionError [ERR_ASSERTION]: Expected values to be strictly equal:
  + actual - expected
  
  + 'tour_sinnoh_route_202'
  - 'route_s01'
  
      at TestContext.<anonymous> (C:\my_play\poketmon_demo\tests\explore-world.test.ts:20:269)
      at Test.runInAsyncScope (node:async_hooks:227:14)
      at Test.run (node:internal/test_runner/test:1325:25)
      at Test.processPendingSubtests (node:internal/test_runner/test:911:18)
      at Test.postRun (node:internal/test_runner/test:1465:19)
      at Test.run (node:internal/test_runner/test:1390:12)
      at async Test.processPendingSubtests (node:internal/test_runner/test:911:7) {
    generatedMessage: true,
    code: 'ERR_ASSERTION',
    actual: 'tour_sinnoh_route_202',
    expected: 'route_s01',
    operator: 'strictEqual',
    diff: 'simple'
  }

test at tests\explore-world.test.ts:22:1
✖ tour buildings and features have collision; every non-enterable house can be investigated (23.9539ms)
  AssertionError [ERR_ASSERTION]: tour_undella foundation 39,13
  
  true !== false
  
      at TestContext.<anonymous> (C:\my_play\poketmon_demo\tests\explore-world.test.ts:23:238)
      at Test.runInAsyncScope (node:async_hooks:227:14)
      at Test.run (node:internal/test_runner/test:1325:25)
      at Test.processPendingSubtests (node:internal/test_runner/test:911:18)
      at Test.postRun (node:internal/test_runner/test:1465:19)
      at Test.run (node:internal/test_runner/test:1390:12)
      at async Test.processPendingSubtests (node:internal/test_runner/test:911:7) {
    generatedMessage: false,
    code: 'ERR_ASSERTION',
    actual: true,
    expected: false,
    operator: 'strictEqual',
    diff: 'simple'
  }

test at tests\explore-world.test.ts:33:1
✖ every tour spawn reaches all entrances, guides and house investigation positions (45.8594ms)
  AssertionError [ERR_ASSERTION]: tour_eterna_center interaction
      at TestContext.<anonymous> (C:\my_play\poketmon_demo\tests\explore-world.test.ts:34:554)
      at Test.runInAsyncScope (node:async_hooks:227:14)
      at Test.run (node:internal/test_runner/test:1325:25)
      at Test.processPendingSubtests (node:internal/test_runner/test:911:18)
      at Test.postRun (node:internal/test_runner/test:1465:19)
      at Test.run (node:internal/test_runner/test:1390:12)
      at async Test.processPendingSubtests (node:internal/test_runner/test:911:7) {
    generatedMessage: false,
    code: 'ERR_ASSERTION',
    actual: false,
    expected: true,
    operator: '==',
    diff: 'simple'
  }

test at tests\explore-world.test.ts:36:1
✖ tour guides repeat their map’s real exit directions and destinations (19.6971ms)
  AssertionError [ERR_ASSERTION]: Expected values to be strictly deep-equal:
  + actual - expected
  
    [
  +   '7번도로 미방문 · 16번 미방문 · 17번 미방문 · 18번 미방문 · 서쪽 번호 없는 연결 미방문',
  +   '7번도로 출신 보유 0마리 · 현재 파티 0마리 · 아직 없음',
  +   '7번도로 선택 트레이너 미승리',
  +   '16·17·18번도로 출신 보유 0마리 · 아직 없음',
  +   '16번 선택 실전 미승리 · 17번 미승리 · 18번 미승리',
  +   '연구 연락: 백화점3층에서 시작 가능',
  +   '동쪽은 7번도로를 지나 노랑시티, 남쪽은 16→17→18번도로를 거쳐 연분홍시티로 이어진다.',
  +   '서쪽 상록 연결은 프로젝트가 만든 번호 없는 길이다. 관동 공식 도로로 표시하지 않는다.'
  -   '← 서쪽 출구\n상록–무지개 연결도로',
  -   '→ 동쪽 출구\n관동 7번도로',
  -   '↓ 남쪽 출구\n관동 16번도로'
    ]
  
      at <anonymous> (C:\my_play\poketmon_demo\tests\explore-world.test.ts:38:441)
      at ui (C:\my_play\poketmon_demo\tests\explore-world.test.ts:11:193)
      at TestContext.<anonymous> (C:\my_play\poketmon_demo\tests\explore-world.test.ts:36:81)
      at Test.runInAsyncScope (node:async_hooks:227:14)
      at Test.run (node:internal/test_runner/test:1325:25)
      at Test.processPendingSubtests (node:internal/test_runner/test:911:18)
      at Test.postRun (node:internal/test_runner/test:1465:19)
      at Test.run (node:internal/test_runner/test:1390:12)
      at async Test.processPendingSubtests (node:internal/test_runner/test:911:7) {
    generatedMessage: true,
    code: 'ERR_ASSERTION',
    actual: [ '7번도로 미방문 · 16번 미방문 · 17번 미방문 · 18번 미방문 · 서쪽 번호 없는 연결 미방문', '7번도로 출신 보유 0마리 · 현재 파티 0마리 · 아직 없음', '7번도로 선택 트레이너 미승리', '16·17·18번도로 출신 보유 0마리 · 아직 없음', '16번 선택 실전 미승리 · 17번 미승리 · 18번 미승리', '연구 연락: 백화점3층에서 시작 가능', '동쪽은 7번도로를 지나 노랑시티, 남쪽은 16→17→18번도로를 거쳐 연분홍시티로 이어진다.', '서쪽 상록 연결은 프로젝트가 만든 번호 없는 길이다. 관동 공식 도로로 표시하지 않는다.' ],
    expected: [ '← 서쪽 출구\n상록–무지개 연결도로', '→ 동쪽 출구\n관동 7번도로', '↓ 남쪽 출구\n관동 16번도로' ],
    operator: 'deepStrictEqual',
    diff: 'simple'
  }

test at tests\facility-navigation.test.ts:21:1
✖ all facility and floor destinations guide through real doors and stairs and arrive only inside (1290.8579ms)
  AssertionError [ERR_ASSERTION]: Expected values to be strictly equal:
  + actual - expected
  
  + 'blocked'
  - 'arrived'
  
      at TestContext.<anonymous> (C:\my_play\poketmon_demo\tests\facility-navigation.test.ts:26:88)
      at Test.runInAsyncScope (node:async_hooks:227:14)
      at Test.run (node:internal/test_runner/test:1325:25)
      at Test.start (node:internal/test_runner/test:1191:17)
      at startSubtestAfterBootstrap (node:internal/test_runner/harness:385:17) {
    generatedMessage: true,
    code: 'ERR_ASSERTION',
    actual: 'blocked',
    expected: 'arrived',
    operator: 'strictEqual',
    diff: 'simple'
  }

test at tests\facility-navigation.test.ts:31:1
✖ another room in the same town requires leaving and reentering, preserving visits and no rewards (3188.9297ms)
  AssertionError [ERR_ASSERTION]: Expected values to be strictly equal:
  + actual - expected
  
  + 'blocked'
  - 'arrived'
  
      at TestContext.<anonymous> (C:\my_play\poketmon_demo\tests\facility-navigation.test.ts:36:88)
      at Test.runInAsyncScope (node:async_hooks:227:14)
      at Test.run (node:internal/test_runner/test:1325:25)
      at Test.processPendingSubtests (node:internal/test_runner/test:911:18)
      at Test.postRun (node:internal/test_runner/test:1465:19)
      at Test.run (node:internal/test_runner/test:1390:12)
      at async startSubtestAfterBootstrap (node:internal/test_runner/harness:385:3) {
    generatedMessage: true,
    code: 'ERR_ASSERTION',
    actual: 'blocked',
    expected: 'arrived',
    operator: 'strictEqual',
    diff: 'simple'
  }

test at tests\field-input.test.ts:51:1
✖ door transition discards the queued action and keys pressed during the fade (19.8175ms)
  AssertionError [ERR_ASSERTION]: The expression evaluated to a falsy value:
  
    assert(g.transition>0)
  
      at TestContext.<anonymous> (C:\my_play\poketmon_demo\tests\field-input.test.ts:53:37)
      at Test.runInAsyncScope (node:async_hooks:227:14)
      at Test.run (node:internal/test_runner/test:1325:25)
      at Test.processPendingSubtests (node:internal/test_runner/test:911:18)
      at Test.postRun (node:internal/test_runner/test:1465:19)
      at Test.run (node:internal/test_runner/test:1390:12)
      at async Test.processPendingSubtests (node:internal/test_runner/test:911:7) {
    generatedMessage: true,
    code: 'ERR_ASSERTION',
    actual: false,
    expected: true,
    operator: '==',
    diff: 'simple'
  }

test at tests\first-adventure.test.ts:32:1
✖ unlocked western threshold and route entrance work both ways, including transition checkpoints (4.2226ms)
  AssertionError [ERR_ASSERTION]: Expected values to be strictly equal:
  + actual - expected
  
  + 'tour_sinnoh_route_201'
  - 'route_s01'
  
      at TestContext.<anonymous> (C:\my_play\poketmon_demo\tests\first-adventure.test.ts:34:50)
      at Test.runInAsyncScope (node:async_hooks:227:14)
      at Test.run (node:internal/test_runner/test:1325:25)
      at Test.processPendingSubtests (node:internal/test_runner/test:911:18)
      at Test.postRun (node:internal/test_runner/test:1465:19)
      at Test.run (node:internal/test_runner/test:1390:12)
      at async startSubtestAfterBootstrap (node:internal/test_runner/harness:385:3) {
    generatedMessage: true,
    code: 'ERR_ASSERTION',
    actual: 'tour_sinnoh_route_201',
    expected: 'route_s01',
    operator: 'strictEqual',
    diff: 'simple'
  }

test at tests\first-badge-town.test.ts:33:1
✖ active Jubilife guide offers real center, mart, resident and next-route choices (10.9302ms)
  AssertionError [ERR_ASSERTION]: Expected values to be strictly deep-equal:
  + actual - expected
  
    [
      '센터로 안내',
      '상점으로 안내',
      '주민 부탁 안내',
  -   '다음 길 안내',
      '연구 통로 안내',
      '돌아가기'
    ]
  
      at TestContext.<anonymous> (C:\my_play\poketmon_demo\tests\first-badge-town.test.ts:41:10)
      at Test.runInAsyncScope (node:async_hooks:227:14)
      at Test.run (node:internal/test_runner/test:1325:25)
      at Test.start (node:internal/test_runner/test:1191:17)
      at startSubtestAfterBootstrap (node:internal/test_runner/harness:385:17) {
    generatedMessage: true,
    code: 'ERR_ASSERTION',
    actual: [ '센터로 안내', '상점으로 안내', '주민 부탁 안내', '연구 통로 안내', '돌아가기' ],
    expected: [ '센터로 안내', '상점으로 안내', '주민 부탁 안내', '다음 길 안내', '연구 통로 안내', '돌아가기' ],
    operator: 'deepStrictEqual',
    diff: 'simple'
  }

test at tests\first-badge-town.test.ts:81:1
✖ Jubilife keeps research guidance as an explicit choice until observation delivery (2.1525ms)
  AssertionError [ERR_ASSERTION]: Expected values to be strictly equal:
  
  '돌아가기' !== '연구 통로 안내'
  
      at TestContext.<anonymous> (C:\my_play\poketmon_demo\tests\first-badge-town.test.ts:85:10)
      at Test.runInAsyncScope (node:async_hooks:227:14)
      at Test.run (node:internal/test_runner/test:1325:25)
      at Test.processPendingSubtests (node:internal/test_runner/test:911:18)
      at Test.postRun (node:internal/test_runner/test:1465:19)
      at Test.run (node:internal/test_runner/test:1390:12)
      at async Test.processPendingSubtests (node:internal/test_runner/test:911:7) {
    generatedMessage: true,
    code: 'ERR_ASSERTION',
    actual: '돌아가기',
    expected: '연구 통로 안내',
    operator: 'strictEqual',
    diff: 'simple'
  }

test at tests\free-exploration-objective.test.ts:19:1
✖ free exploration chooses the local landmark, then the actual same-region road to an unvisited landmark (30.1834ms)
  AssertionError [ERR_ASSERTION]: Expected values to be strictly equal:
  + actual - expected
  
  + 'tour_cinnabar_hall'
  - 'tour_cerulean_hall'
           ^
  
      at TestContext.<anonymous> (C:\my_play\poketmon_demo\tests\free-exploration-objective.test.ts:24:12)
      at Test.runInAsyncScope (node:async_hooks:227:14)
      at Test.run (node:internal/test_runner/test:1325:25)
      at Test.start (node:internal/test_runner/test:1191:17)
      at startSubtestAfterBootstrap (node:internal/test_runner/harness:385:17) {
    generatedMessage: true,
    code: 'ERR_ASSERTION',
    actual: 'tour_cinnabar_hall',
    expected: 'tour_cerulean_hall',
    operator: 'strictEqual',
    diff: 'simple'
  }

test at tests\free-exploration-objective.test.ts:29:1
✖ an entered landmark stays available for leisurely inspection until leaving, without inventing completion flags (14.6147ms)
  AssertionError [ERR_ASSERTION]: Expected values to be strictly equal:
  + actual - expected
  
  + 'tour_cinnabar_hall'
  - 'tour_cerulean_hall'
           ^
  
      at TestContext.<anonymous> (C:\my_play\poketmon_demo\tests\free-exploration-objective.test.ts:34:80)
      at Test.runInAsyncScope (node:async_hooks:227:14)
      at Test.run (node:internal/test_runner/test:1325:25)
      at Test.processPendingSubtests (node:internal/test_runner/test:911:18)
      at Test.postRun (node:internal/test_runner/test:1465:19)
      at Test.run (node:internal/test_runner/test:1390:12)
      at async startSubtestAfterBootstrap (node:internal/test_runner/harness:385:3) {
    generatedMessage: true,
    code: 'ERR_ASSERTION',
    actual: 'tour_cinnabar_hall',
    expected: 'tour_cerulean_hall',
    operator: 'strictEqual',
    diff: 'simple'
  }

test at tests\free-exploration-objective.test.ts:38:1
✖ the aquarium itinerary reaches the real exit tiles and final speaking face while the goal stays stable on the road (2.0276ms)
  AssertionError [ERR_ASSERTION]: Expected values to be strictly equal:
  + actual - expected
  
  + 'tour_cinnabar_hall'
  - 'tour_cerulean_hall'
           ^
  
      at TestContext.<anonymous> (C:\my_play\poketmon_demo\tests\free-exploration-objective.test.ts:41:46)
      at Test.runInAsyncScope (node:async_hooks:227:14)
      at Test.run (node:internal/test_runner/test:1325:25)
      at Test.processPendingSubtests (node:internal/test_runner/test:911:18)
      at Test.postRun (node:internal/test_runner/test:1465:19)
      at Test.run (node:internal/test_runner/test:1390:12)
      at async Test.processPendingSubtests (node:internal/test_runner/test:911:7) {
    generatedMessage: true,
    code: 'ERR_ASSERTION',
    actual: 'tour_cinnabar_hall',
    expected: 'tour_cerulean_hall',
    operator: 'strictEqual',
    diff: 'simple'
  }

test at tests\free-exploration-objective.test.ts:56:1
✖ Engine objective navigation refreshes when a newly recorded landmark changes its destination (12.2521ms)
  AssertionError [ERR_ASSERTION]: Expected values to be strictly equal:
  + actual - expected
  
  + 'tour_cinnabar_hall'
  - 'tour_cerulean_hall'
           ^
  
      at TestContext.<anonymous> (C:\my_play\poketmon_demo\tests\free-exploration-objective.test.ts:58:70)
      at Test.runInAsyncScope (node:async_hooks:227:14)
      at Test.run (node:internal/test_runner/test:1325:25)
      at Test.processPendingSubtests (node:internal/test_runner/test:911:18)
      at Test.postRun (node:internal/test_runner/test:1465:19)
      at Test.run (node:internal/test_runner/test:1390:12)
      at async Test.processPendingSubtests (node:internal/test_runner/test:911:7) {
    generatedMessage: true,
    code: 'ERR_ASSERTION',
    actual: 'tour_cinnabar_hall',
    expected: 'tour_cerulean_hall',
    operator: 'strictEqual',
    diff: 'simple'
  }

test at tests\game.test.ts:11:1
✖ all entrance destinations are valid and not an immediate return warp (5.293ms)
  AssertionError [ERR_ASSERTION]: tour_pastoria_home1 -> tour_pastoria_home1_2f
      at TestContext.<anonymous> (C:\my_play\poketmon_demo\tests\game.test.ts:11:145)
      at Test.runInAsyncScope (node:async_hooks:227:14)
      at Test.run (node:internal/test_runner/test:1325:25)
      at Test.start (node:internal/test_runner/test:1191:17)
      at startSubtestAfterBootstrap (node:internal/test_runner/harness:385:17) {
    generatedMessage: false,
    code: 'ERR_ASSERTION',
    actual: false,
    expected: true,
    operator: '==',
    diff: 'simple'
  }

test at tests\goldenrod-city.test.ts:12:1
✖ Goldenrod and Saffron neighbor panels resolve the station corridor without losing directions (3.2085ms)
  AssertionError [ERR_ASSERTION]: tour_goldenrod → tour_violet
      at TestContext.<anonymous> (C:\my_play\poketmon_demo\tests\goldenrod-city.test.ts:14:44)
      at Test.runInAsyncScope (node:async_hooks:227:14)
      at Test.run (node:internal/test_runner/test:1325:25)
      at Test.start (node:internal/test_runner/test:1191:17)
      at startSubtestAfterBootstrap (node:internal/test_runner/harness:385:17) {
    generatedMessage: false,
    code: 'ERR_ASSERTION',
    actual: undefined,
    expected: true,
    operator: '==',
    diff: 'simple'
  }

test at tests\ilex-layout.test.ts:12:1
✖ Ilex marked roads lead only to real exits and the observation spur stays inside the forest (7.5213ms)
  AssertionError [ERR_ASSERTION]: Expected values to be strictly deep-equal:
  + actual - expected
  
    [
  +   56,
  +   64
  -   20,
  -   18
    ]
  
      at TestContext.<anonymous> (C:\my_play\poketmon_demo\tests\ilex-layout.test.ts:14:10)
      at Test.runInAsyncScope (node:async_hooks:227:14)
      at Test.run (node:internal/test_runner/test:1325:25)
      at Test.start (node:internal/test_runner/test:1191:17)
      at startSubtestAfterBootstrap (node:internal/test_runner/harness:385:17) {
    generatedMessage: true,
    code: 'ERR_ASSERTION',
    actual: [ 56, 64 ],
    expected: [ 20, 18 ],
    operator: 'deepStrictEqual',
    diff: 'simple'
  }

test at tests\ilex-layout.test.ts:47:1
✖ Ilex retains original observation, signs and guide while each new grove is approachable (1.2049ms)
  AssertionError [ERR_ASSERTION]: Expected values to be strictly equal:
  
  17 !== 4
  
      at TestContext.<anonymous> (C:\my_play\poketmon_demo\tests\ilex-layout.test.ts:49:10)
      at Test.runInAsyncScope (node:async_hooks:227:14)
      at Test.run (node:internal/test_runner/test:1325:25)
      at Test.processPendingSubtests (node:internal/test_runner/test:911:18)
      at Test.postRun (node:internal/test_runner/test:1465:19)
      at Test.run (node:internal/test_runner/test:1390:12)
      at async Test.processPendingSubtests (node:internal/test_runner/test:911:7) {
    generatedMessage: true,
    code: 'ERR_ASSERTION',
    actual: 17,
    expected: 4,
    operator: 'strictEqual',
    diff: 'simple'
  }

test at tests\item-supply.test.ts:16:1
✖ supply locations distinguish balls from potions throughout the active world and respect the departure gate (17.7941ms)
  AssertionError [ERR_ASSERTION]: Expected values to be strictly equal:
  + actual - expected
  
  + undefined
  - 'routeGuide'
  
      at TestContext.<anonymous> (C:\my_play\poketmon_demo\tests\item-supply.test.ts:17:92)
      at Test.runInAsyncScope (node:async_hooks:227:14)
      at Test.run (node:internal/test_runner/test:1325:25)
      at Test.start (node:internal/test_runner/test:1191:17)
      at startSubtestAfterBootstrap (node:internal/test_runner/harness:385:17) {
    generatedMessage: true,
    code: 'ERR_ASSERTION',
    actual: undefined,
    expected: 'routeGuide',
    operator: 'strictEqual',
    diff: 'simple'
  }

test at tests\item-supply.test.ts:20:1
✖ empty tools explain existing supply limits and default back without changing the save (6.8533ms)
  AssertionError [ERR_ASSERTION]: Expected values to be strictly equal:
  
  0 !== 1
  
      at <anonymous> (C:\my_play\poketmon_demo\tests\item-supply.test.ts:21:110)
      at dom (C:\my_play\poketmon_demo\tests\item-supply.test.ts:12:194)
      at TestContext.<anonymous> (C:\my_play\poketmon_demo\tests\item-supply.test.ts:20:98)
      at Test.runInAsyncScope (node:async_hooks:227:14)
      at Test.run (node:internal/test_runner/test:1325:25)
      at Test.processPendingSubtests (node:internal/test_runner/test:911:18)
      at Test.postRun (node:internal/test_runner/test:1465:19)
      at Test.run (node:internal/test_runner/test:1390:12)
      at async startSubtestAfterBootstrap (node:internal/test_runner/harness:385:3) {
    generatedMessage: true,
    code: 'ERR_ASSERTION',
    actual: 0,
    expected: 1,
    operator: 'strictEqual',
    diff: 'simple'
  }

test at tests\item-supply.test.ts:26:1
✖ X and touch back preserve the previous route while touch guidance selects the correct ball provider (8.7547ms)
  AssertionError [ERR_ASSERTION]: Expected values to be strictly equal:
  + actual - expected
  
  + null
  - 'route_s01'
  
      at <anonymous> (C:\my_play\poketmon_demo\tests\item-supply.test.ts:29:122)
      at dom (C:\my_play\poketmon_demo\tests\item-supply.test.ts:12:194)
      at TestContext.<anonymous> (C:\my_play\poketmon_demo\tests\item-supply.test.ts:26:112)
      at Test.runInAsyncScope (node:async_hooks:227:14)
      at Test.run (node:internal/test_runner/test:1325:25)
      at Test.processPendingSubtests (node:internal/test_runner/test:911:18)
      at Test.postRun (node:internal/test_runner/test:1465:19)
      at Test.run (node:internal/test_runner/test:1390:12)
      at async Test.processPendingSubtests (node:internal/test_runner/test:911:7) {
    generatedMessage: true,
    code: 'ERR_ASSERTION',
    actual: null,
    expected: 'route_s01',
    operator: 'strictEqual',
    diff: 'simple'
  }

test at tests\item-supply.test.ts:31:1
✖ manual destination changes and adventure tracking replace supply guidance without changing progress (2.1369ms)
  AssertionError [ERR_ASSERTION]: Expected values to be strictly equal:
  + actual - expected
  
  + undefined
  - 'oreburgh_gym'
  
      at <anonymous> (C:\my_play\poketmon_demo\tests\item-supply.test.ts:32:173)
      at dom (C:\my_play\poketmon_demo\tests\item-supply.test.ts:12:194)
      at TestContext.<anonymous> (C:\my_play\poketmon_demo\tests\item-supply.test.ts:31:112)
      at Test.runInAsyncScope (node:async_hooks:227:14)
      at Test.run (node:internal/test_runner/test:1325:25)
      at Test.processPendingSubtests (node:internal/test_runner/test:911:18)
      at Test.postRun (node:internal/test_runner/test:1465:19)
      at Test.run (node:internal/test_runner/test:1390:12)
      at async Test.processPendingSubtests (node:internal/test_runner/test:911:7) {
    generatedMessage: true,
    code: 'ERR_ASSERTION',
    actual: undefined,
    expected: 'oreburgh_gym',
    operator: 'strictEqual',
    diff: 'simple'
  }

test at tests\journey-route-layouts.test.ts:25:1
✖ authored routes connect both cities with grass-free walking and reciprocal landings (21.0208ms)
  AssertionError [ERR_ASSERTION]: tour_pass_snowpoint_lake east
      at TestContext.<anonymous> (C:\my_play\poketmon_demo\tests\journey-route-layouts.test.ts:30:44)
      at Test.runInAsyncScope (node:async_hooks:227:14)
      at Test.run (node:internal/test_runner/test:1325:25)
      at Test.start (node:internal/test_runner/test:1191:17)
      at startSubtestAfterBootstrap (node:internal/test_runner/harness:385:17) {
    generatedMessage: false,
    code: 'ERR_ASSERTION',
    actual: false,
    expected: true,
    operator: '==',
    diff: 'simple'
  }

test at tests\journey-route-layouts.test.ts:42:1
✖ authored routes offer several accessible encounter clearings and preserve NPC and pickup access (1.6328ms)
  AssertionError [ERR_ASSERTION]: tour_pass_snowpoint_lake accessible grass 33,7
      at TestContext.<anonymous> (C:\my_play\poketmon_demo\tests\journey-route-layouts.test.ts:48:81)
      at Test.runInAsyncScope (node:async_hooks:227:14)
      at Test.run (node:internal/test_runner/test:1325:25)
      at Test.processPendingSubtests (node:internal/test_runner/test:911:18)
      at Test.postRun (node:internal/test_runner/test:1465:19)
      at Test.run (node:internal/test_runner/test:1390:12)
      at async startSubtestAfterBootstrap (node:internal/test_runner/harness:385:3) {
    generatedMessage: false,
    code: 'ERR_ASSERTION',
    actual: false,
    expected: true,
    operator: '==',
    diff: 'simple'
  }

test at tests\journey-route-layouts.test.ts:69:1
✖ authored routes have distinct paths and retain solid exterior borders except their exits (1.1791ms)
  AssertionError [ERR_ASSERTION]: Expected values to be strictly equal:
  
  8 !== 9
  
      at TestContext.<anonymous> (C:\my_play\poketmon_demo\tests\journey-route-layouts.test.ts:70:10)
      at Test.runInAsyncScope (node:async_hooks:227:14)
      at Test.run (node:internal/test_runner/test:1325:25)
      at Test.processPendingSubtests (node:internal/test_runner/test:911:18)
      at Test.postRun (node:internal/test_runner/test:1465:19)
      at Test.run (node:internal/test_runner/test:1390:12)
      at async Test.processPendingSubtests (node:internal/test_runner/test:911:7) {
    generatedMessage: true,
    code: 'ERR_ASSERTION',
    actual: 8,
    expected: 9,
    operator: 'strictEqual',
    diff: 'simple'
  }

test at tests\journey-world.test.ts:15:1
✖ every same-region city edge has a real route, retaining forests and research transport (8.7785ms)
  AssertionError [ERR_ASSERTION]: tour_jubilife to tour_oreburgh
      at TestContext.<anonymous> (C:\my_play\poketmon_demo\tests\journey-world.test.ts:22:48)
      at Test.runInAsyncScope (node:async_hooks:227:14)
      at Test.run (node:internal/test_runner/test:1325:25)
      at Test.start (node:internal/test_runner/test:1191:17)
      at startSubtestAfterBootstrap (node:internal/test_runner/harness:385:17) {
    generatedMessage: false,
    code: 'ERR_ASSERTION',
    actual: undefined,
    expected: true,
    operator: '==',
    diff: 'simple'
  }

test at tests\journey-world.test.ts:31:1
✖ routes provide safe travel, accessible signs and residents, with pickups on template roads (25.8633ms)
  AssertionError [ERR_ASSERTION]: tour_pass_hearthome_veilstone avoids mandatory grass
      at TestContext.<anonymous> (C:\my_play\poketmon_demo\tests\journey-world.test.ts:43:34)
      at Test.runInAsyncScope (node:async_hooks:227:14)
      at Test.run (node:internal/test_runner/test:1325:25)
      at Test.processPendingSubtests (node:internal/test_runner/test:911:18)
      at Test.postRun (node:internal/test_runner/test:1465:19)
      at Test.run (node:internal/test_runner/test:1390:12)
      at async startSubtestAfterBootstrap (node:internal/test_runner/harness:385:3) {
    generatedMessage: false,
    code: 'ERR_ASSERTION',
    actual: false,
    expected: true,
    operator: '==',
    diff: 'simple'
  }

test at tests\journey-world.test.ts:49:1
✖ all 35 towns have accessible shops and homes, without replacing gym entrances (8.2851ms)
  AssertionError [ERR_ASSERTION]: Expected values to be strictly equal:
  
  41 !== 35
  
      at TestContext.<anonymous> (C:\my_play\poketmon_demo\tests\journey-world.test.ts:50:66)
      at Test.runInAsyncScope (node:async_hooks:227:14)
      at Test.run (node:internal/test_runner/test:1325:25)
      at Test.processPendingSubtests (node:internal/test_runner/test:911:18)
      at Test.postRun (node:internal/test_runner/test:1465:19)
      at Test.run (node:internal/test_runner/test:1390:12)
      at async Test.processPendingSubtests (node:internal/test_runner/test:911:7) {
    generatedMessage: true,
    code: 'ERR_ASSERTION',
    actual: 41,
    expected: 35,
    operator: 'strictEqual',
    diff: 'simple'
  }

test at tests\journey-world.test.ts:71:1
✖ visible high buildings have three distinct floors with safe reciprocal staircase landings (46.4615ms)
  AssertionError [ERR_ASSERTION]: The expression evaluated to a falsy value:
  
    assert(canStand(to,exit.spawn.x,exit.spawn.y))
  
      at TestContext.<anonymous> (C:\my_play\poketmon_demo\tests\journey-world.test.ts:80:34)
      at Test.runInAsyncScope (node:async_hooks:227:14)
      at Test.run (node:internal/test_runner/test:1325:25)
      at Test.processPendingSubtests (node:internal/test_runner/test:911:18)
      at Test.postRun (node:internal/test_runner/test:1465:19)
      at Test.run (node:internal/test_runner/test:1390:12)
      at async Test.processPendingSubtests (node:internal/test_runner/test:911:7) {
    generatedMessage: true,
    code: 'ERR_ASSERTION',
    actual: false,
    expected: true,
    operator: '==',
    diff: 'simple'
  }

test at tests\journey-world.test.ts:99:1
✖ shop labels use the existing DB potion price and all centers retain the PC event (20.958ms)
  AssertionError [ERR_ASSERTION]: The expression evaluated to a falsy value:
  
    assert(TOUR_INTERIORS[id].objects.some(o=>o.pages.some(p=>p.includes('상처약 200원'))))
  
      at TestContext.<anonymous> (C:\my_play\poketmon_demo\tests\journey-world.test.ts:102:54)
      at Test.runInAsyncScope (node:async_hooks:227:14)
      at Test.run (node:internal/test_runner/test:1325:25)
      at Test.processPendingSubtests (node:internal/test_runner/test:911:18)
      at Test.postRun (node:internal/test_runner/test:1465:19)
      at Test.run (node:internal/test_runner/test:1390:12)
      at async Test.processPendingSubtests (node:internal/test_runner/test:911:7) {
    generatedMessage: true,
    code: 'ERR_ASSERTION',
    actual: false,
    expected: true,
    operator: '==',
    diff: 'simple'
  }

test at tests\journey-world.test.ts:108:1
✖ every new background generates, stairs are painted, and pickup art respects the saved service flag (292.8331ms)
  AssertionError [ERR_ASSERTION]: The expression evaluated to a falsy value:
  
    assert(calls.some(c=>c.name==='drawImage'))
  
      at TestContext.<anonymous> (C:\my_play\poketmon_demo\tests\journey-world.test.ts:117:83)
      at Test.runInAsyncScope (node:async_hooks:227:14)
      at Test.run (node:internal/test_runner/test:1325:25)
      at Test.processPendingSubtests (node:internal/test_runner/test:911:18)
      at Test.postRun (node:internal/test_runner/test:1465:19)
      at Test.run (node:internal/test_runner/test:1390:12)
      at async Test.processPendingSubtests (node:internal/test_runner/test:911:7) {
    generatedMessage: true,
    code: 'ERR_ASSERTION',
    actual: false,
    expected: true,
    operator: '==',
    diff: 'simple'
  }

test at tests\kanto-coast-encounters.test.ts:44:1
✖ coast capture updates the actual Pokedex habitat page and route guidance uses the runtime range (9.4537ms)
  AssertionError [ERR_ASSERTION]: Expected values to be strictly deep-equal:
  + actual - expected
  
    [
      [
  +     '관동 5번도로',
  -     '갈색–블루 해안길',
        22,
        25
      ],
      [
  +     '관동 9번도로',
  +     22,
  +     24
  +   ],
  +   [
  +     '관동 10번도로 북부',
  +     23,
  +     25
  +   ],
  +   [
  +     '관동 16번도로',
  +     24,
  +     25
  +   ],
  +   [
  +     '관동 17번도로',
  +     24,
  +     25
  +   ],
  +   [
  +     '관동 18번도로',
  +     24,
  +     25
  +   ],
  +   [
        '성도 34번도로',
        22,
        24
      ],
  +   [
  +     '성도 33번도로',
  +     22,
  +     24
  +   ],
  +   [
  +     '성도 32번도로',
  +     23,
  +     25
  +   ],
  +   [
  +     '성도 35번도로',
  +     23,
  +     25
  +   ],
  +   [
  +     '성도 36번도로',
  +     23,
  +     25
  +   ],
  +   [
  +     '성도 37번도로',
  +     24,
  +     25
  +   ],
  +   [
  +     '성도 38번도로',
  +     24,
  +     25
  +   ],
  +   [
  +     '성도 39번도로',
  +     24,
  +     25
  +   ]
    ]
  
      at TestContext.<anonymous> (C:\my_play\poketmon_demo\tests\kanto-coast-encounters.test.ts:48:54)
      at Test.runInAsyncScope (node:async_hooks:227:14)
      at Test.run (node:internal/test_runner/test:1325:25)
      at Test.processPendingSubtests (node:internal/test_runner/test:911:18)
      at Test.postRun (node:internal/test_runner/test:1465:19)
      at Test.run (node:internal/test_runner/test:1390:12)
      at async Test.processPendingSubtests (node:internal/test_runner/test:911:7) {
    generatedMessage: true,
    code: 'ERR_ASSERTION',
    actual: [ [ '관동 5번도로', 22, 25 ], [ '관동 9번도로', 22, 24 ], [ '관동 10번도로 북부', 23, 25 ], [ '관동 16번도로', 24, 25 ], [ '관동 17번도로', 24, 25 ], [ '관동 18번도로', 24, 25 ], [ '성도 34번도로', 22, 24 ], [ '성도 33번도로', 22, 24 ], [ '성도 32번도로', 23, 25 ], [ '성도 35번도로', 23, 25 ], [ '성도 36번도로', 23, 25 ], [ '성도 37번도로', 24, 25 ], [ '성도 38번도로', 24, 25 ], [ '성도 39번도로', 24, 25 ] ],
    expected: [ [ '갈색–블루 해안길', 22, 25 ], [ '성도 34번도로', 22, 24 ] ],
    operator: 'deepStrictEqual',
    diff: 'simple'
  }

test at tests\objective-interaction.test.ts:24:1
✖ all expanded centers route to accessible nurse or counter interaction, not the blocked nurse tile (59.9788ms)
  AssertionError [ERR_ASSERTION]: Expected values to be strictly equal:
  
  44 !== 38
  
      at TestContext.<anonymous> (C:\my_play\poketmon_demo\tests\objective-interaction.test.ts:27:11)
      at Test.runInAsyncScope (node:async_hooks:227:14)
      at Test.run (node:internal/test_runner/test:1325:25)
      at Test.processPendingSubtests (node:internal/test_runner/test:911:18)
      at Test.postRun (node:internal/test_runner/test:1465:19)
      at Test.run (node:internal/test_runner/test:1390:12)
      at async startSubtestAfterBootstrap (node:internal/test_runner/harness:385:3) {
    generatedMessage: true,
    code: 'ERR_ASSERTION',
    actual: 44,
    expected: 38,
    operator: 'strictEqual',
    diff: 'simple'
  }

test at tests\objective-interaction.test.ts:49:1
✖ the always-updated developer panel handles local walking routes without a warp (3.2169ms)
  TypeError: atlas.setAttribute is not a function
      at renderRegion (C:\my_play\poketmon_demo\src\explore-panel.ts:36:11)
      at setupExplorePanel (C:\my_play\poketmon_demo\src\explore-panel.ts:46:168)
      at TestContext.<anonymous> (C:\my_play\poketmon_demo\tests\objective-interaction.test.ts:52:54)
      at Test.runInAsyncScope (node:async_hooks:227:14)
      at Test.run (node:internal/test_runner/test:1325:25)
      at Test.processPendingSubtests (node:internal/test_runner/test:911:18)
      at Test.postRun (node:internal/test_runner/test:1465:19)
      at Test.run (node:internal/test_runner/test:1390:12)
      at async Test.processPendingSubtests (node:internal/test_runner/test:911:7)

test at tests\passage-loops.test.ts:21:1
✖ all 33 passages add kind-specific outer loop openings only (52.4215ms)
  AssertionError [ERR_ASSERTION]: tour_pass_nimbasa_driftveil loop 5,2
  
  '#' !== '.'
  
      at TestContext.<anonymous> (C:\my_play\poketmon_demo\tests\passage-loops.test.ts:27:41)
      at Test.runInAsyncScope (node:async_hooks:227:14)
      at Test.run (node:internal/test_runner/test:1325:25)
      at Test.start (node:internal/test_runner/test:1191:17)
      at startSubtestAfterBootstrap (node:internal/test_runner/harness:385:17) {
    generatedMessage: false,
    code: 'ERR_ASSERTION',
    actual: '#',
    expected: '.',
    operator: 'strictEqual',
    diff: 'simple'
  }

test at tests\passage-loops.test.ts:34:1
✖ each loop joins the existing route and keeps both exits reachable without grass (521.2619ms)
  AssertionError [ERR_ASSERTION]: tour_pass_nimbasa_driftveil right to left
      at TestContext.<anonymous> (C:\my_play\poketmon_demo\tests\passage-loops.test.ts:40:57)
      at Test.runInAsyncScope (node:async_hooks:227:14)
      at Test.run (node:internal/test_runner/test:1325:25)
      at Test.processPendingSubtests (node:internal/test_runner/test:911:18)
      at Test.postRun (node:internal/test_runner/test:1465:19)
      at Test.run (node:internal/test_runner/test:1390:12)
      at async startSubtestAfterBootstrap (node:internal/test_runner/harness:385:3) {
    generatedMessage: false,
    code: 'ERR_ASSERTION',
    actual: false,
    expected: true,
    operator: '==',
    diff: 'simple'
  }

test at tests\passage-loops.test.ts:45:1
✖ core props and NPC remain reachable and kind layouts differ (4.9555ms)
  AssertionError [ERR_ASSERTION]: tour_pass_hearthome_veilstone core 68,8
      at TestContext.<anonymous> (C:\my_play\poketmon_demo\tests\passage-loops.test.ts:49:339)
      at Test.runInAsyncScope (node:async_hooks:227:14)
      at Test.run (node:internal/test_runner/test:1325:25)
      at Test.processPendingSubtests (node:internal/test_runner/test:911:18)
      at Test.postRun (node:internal/test_runner/test:1465:19)
      at Test.run (node:internal/test_runner/test:1390:12)
      at async Test.processPendingSubtests (node:internal/test_runner/test:911:7) {
    generatedMessage: false,
    code: 'ERR_ASSERTION',
    actual: false,
    expected: true,
    operator: '==',
    diff: 'simple'
  }

test at tests\passage-loops.test.ts:52:1
✖ existing passage save coordinates survive parsing without a revision change (22.4129ms)
  AssertionError [ERR_ASSERTION]: The expression evaluated to a falsy value:
  
    assert(loaded)
  
      at TestContext.<anonymous> (C:\my_play\poketmon_demo\tests\passage-loops.test.ts:53:151)
      at Test.runInAsyncScope (node:async_hooks:227:14)
      at Test.run (node:internal/test_runner/test:1325:25)
      at Test.processPendingSubtests (node:internal/test_runner/test:911:18)
      at Test.postRun (node:internal/test_runner/test:1465:19)
      at Test.run (node:internal/test_runner/test:1390:12)
      at async Test.processPendingSubtests (node:internal/test_runner/test:911:7) {
    generatedMessage: true,
    code: 'ERR_ASSERTION',
    actual: null,
    expected: true,
    operator: '==',
    diff: 'simple'
  }

test at tests\pokedex-habitats.test.ts:12:1
✖ species habitats expose the runtime level range and weighted rarity (5.5107ms)
  AssertionError [ERR_ASSERTION]: Expected values to be strictly deep-equal:
  + actual - expected
  ... Skipped lines
  
    [
      {
        maxLevel: 10,
        minLevel: 7,
        name: '축복–무쇠 암반굴',
  ...
      },
  +   {
  +     maxLevel: 25,
  +     minLevel: 23,
  +     name: '돌산터널 B1F',
  +     rarity: '흔함'
  +   },
  +   {
  +     maxLevel: 25,
  +     minLevel: 23,
  +     name: '연결동굴 1층',
  +     rarity: '흔함'
  +   }
    ]
  
      at TestContext.<anonymous> (C:\my_play\poketmon_demo\tests\pokedex-habitats.test.ts:18:10)
      at Test.runInAsyncScope (node:async_hooks:227:14)
      at Test.run (node:internal/test_runner/test:1325:25)
      at Test.processPendingSubtests (node:internal/test_runner/test:911:18)
      at Test.postRun (node:internal/test_runner/test:1465:19)
      at Test.run (node:internal/test_runner/test:1390:12)
      at async startSubtestAfterBootstrap (node:internal/test_runner/harness:385:3) {
    generatedMessage: true,
    code: 'ERR_ASSERTION',
    actual: [ { name: '축복–무쇠 암반굴', minLevel: 7, maxLevel: 10, rarity: '흔함' }, { name: '천관산 하부', minLevel: 13, maxLevel: 17, rarity: '보통' }, { name: '돌산터널 B1F', minLevel: 23, maxLevel: 25, rarity: '흔함' }, { name: '연결동굴 1층', minLevel: 23, maxLevel: 25, rarity: '흔함' } ],
    expected: [ { name: '축복–무쇠 암반굴', minLevel: 7, maxLevel: 10, rarity: '흔함' }, { name: '천관산 하부', minLevel: 13, maxLevel: 17, rarity: '보통' } ],
    operator: 'deepStrictEqual',
    diff: 'simple'
  }

test at tests\road-trainer-guidance.test.ts:37:1
✖ roadworker static dialogue follows the real integrated route (1.9691ms)
  TypeError: Cannot read properties of undefined (reading 'entry')
      at actualGuidance (C:\my_play\poketmon_demo\tests\road-trainer-guidance.test.ts:30:54)
      at TestContext.<anonymous> (C:\my_play\poketmon_demo\tests\road-trainer-guidance.test.ts:39:18)
      at Test.runInAsyncScope (node:async_hooks:227:14)
      at Test.run (node:internal/test_runner/test:1325:25)
      at Test.start (node:internal/test_runner/test:1191:17)
      at startSubtestAfterBootstrap (node:internal/test_runner/harness:385:17)

test at tests\road-trainer-guidance.test.ts:50:1
✖ roadworker battle proposal gives one or two pages of correct route guidance (3.5048ms)
  TypeError: Cannot read properties of undefined (reading 'entry')
      at actualGuidance (C:\my_play\poketmon_demo\tests\road-trainer-guidance.test.ts:30:54)
      at <anonymous> (C:\my_play\poketmon_demo\tests\road-trainer-guidance.test.ts:55:18)
      at dom (C:\my_play\poketmon_demo\tests\road-trainer-guidance.test.ts:23:7)
      at TestContext.<anonymous> (C:\my_play\poketmon_demo\tests\road-trainer-guidance.test.ts:50:88)
      at Test.runInAsyncScope (node:async_hooks:227:14)
      at Test.run (node:internal/test_runner/test:1325:25)
      at Test.processPendingSubtests (node:internal/test_runner/test:911:18)
      at Test.postRun (node:internal/test_runner/test:1465:19)
      at Test.run (node:internal/test_runner/test:1390:12)
      at async startSubtestAfterBootstrap (node:internal/test_runner/harness:385:3)

test at tests\road-trainer-guidance.test.ts:64:1
✖ roadworker help and post-victory guidance keep the real route (0.417ms)
  TypeError: Cannot read properties of undefined (reading 'entry')
      at actualGuidance (C:\my_play\poketmon_demo\tests\road-trainer-guidance.test.ts:30:54)
      at <anonymous> (C:\my_play\poketmon_demo\tests\road-trainer-guidance.test.ts:65:18)
      at dom (C:\my_play\poketmon_demo\tests\road-trainer-guidance.test.ts:23:7)
      at TestContext.<anonymous> (C:\my_play\poketmon_demo\tests\road-trainer-guidance.test.ts:64:74)
      at Test.runInAsyncScope (node:async_hooks:227:14)
      at Test.run (node:internal/test_runner/test:1325:25)
      at Test.processPendingSubtests (node:internal/test_runner/test:911:18)
      at Test.postRun (node:internal/test_runner/test:1465:19)
      at Test.run (node:internal/test_runner/test:1390:12)
      at async Test.processPendingSubtests (node:internal/test_runner/test:911:7)

test at tests\sinnoh-front.test.ts:63:1
✖ records require four badges and delivery completes once while world travel stays open (33.3246ms)
  AssertionError [ERR_ASSERTION]: The expression evaluated to a falsy value:
  
    assert(g.map.warps.some(w=>w.to==='research_path'))
  
      at <anonymous> (C:\my_play\poketmon_demo\tests\sinnoh-front.test.ts:65:69)
      at ui (C:\my_play\poketmon_demo\tests\sinnoh-front.test.ts:19:193)
      at TestContext.<anonymous> (C:\my_play\poketmon_demo\tests\sinnoh-front.test.ts:63:98)
      at Test.runInAsyncScope (node:async_hooks:227:14)
      at Test.run (node:internal/test_runner/test:1325:25)
      at Test.processPendingSubtests (node:internal/test_runner/test:911:18)
      at Test.postRun (node:internal/test_runner/test:1465:19)
      at Test.run (node:internal/test_runner/test:1390:12)
      at async Test.processPendingSubtests (node:internal/test_runner/test:911:7) {
    generatedMessage: true,
    code: 'ERR_ASSERTION',
    actual: false,
    expected: true,
    operator: '==',
    diff: 'simple'
  }

test at tests\sinnoh-front.test.ts:74:1
✖ Sinnoh city guides do not direct the player to an already won gym (8.3119ms)
  AssertionError [ERR_ASSERTION]: The expression evaluated to a falsy value:
  
    assert(g.dialogue?.pages.some(line=>line.includes('자두 체육관')))
  
      at <anonymous> (C:\my_play\poketmon_demo\tests\sinnoh-front.test.ts:76:75)
      at ui (C:\my_play\poketmon_demo\tests\sinnoh-front.test.ts:19:193)
      at TestContext.<anonymous> (C:\my_play\poketmon_demo\tests\sinnoh-front.test.ts:74:78)
      at Test.runInAsyncScope (node:async_hooks:227:14)
      at Test.run (node:internal/test_runner/test:1325:25)
      at Test.processPendingSubtests (node:internal/test_runner/test:911:18)
      at Test.postRun (node:internal/test_runner/test:1465:19)
      at Test.run (node:internal/test_runner/test:1390:12)
      at async Test.processPendingSubtests (node:internal/test_runner/test:911:7) {
    generatedMessage: true,
    code: 'ERR_ASSERTION',
    actual: false,
    expected: true,
    operator: '==',
    diff: 'simple'
  }

test at tests\sinnoh-front.test.ts:88:1
✖ every integrated story map warp executes with a legal arrival and checkpoint (40.7695ms)
  AssertionError [ERR_ASSERTION]: Expected values to be strictly equal:
  + actual - expected
  
  + 'tour_sinnoh_route_205_north'
  - 'tour_sinnoh_route_211_west'
                        ^
  
      at TestContext.<anonymous> (C:\my_play\poketmon_demo\tests\sinnoh-front.test.ts:90:445)
      at Test.runInAsyncScope (node:async_hooks:227:14)
      at Test.run (node:internal/test_runner/test:1325:25)
      at Test.processPendingSubtests (node:internal/test_runner/test:911:18)
      at Test.postRun (node:internal/test_runner/test:1465:19)
      at Test.run (node:internal/test_runner/test:1390:12)
      at async Test.processPendingSubtests (node:internal/test_runner/test:911:7) {
    generatedMessage: true,
    code: 'ERR_ASSERTION',
    actual: 'tour_sinnoh_route_205_north',
    expected: 'tour_sinnoh_route_211_west',
    operator: 'strictEqual',
    diff: 'simple'
  }

test at tests\sinnoh-guide-progress.test.ts:17:1
✖ existing city advice before the completed target and each three-second clue remain unchanged (15.4872ms)
  AssertionError [ERR_ASSERTION]: Expected values to be strictly equal:
  + actual - expected
  
  + '동쪽 야외 연습 정원을 걸은 뒤\n콘테스트 홀의 작은 무대에 올라 보세요.'
  - '역의 시계 기록도 3초가 어긋났대요.\n장막 연구원이 기록을 모으고 있어요.'
  
      at TestContext.<anonymous> (C:\my_play\poketmon_demo\tests\sinnoh-guide-progress.test.ts:25:12)
      at Test.runInAsyncScope (node:async_hooks:227:14)
      at Test.run (node:internal/test_runner/test:1325:25)
      at Test.start (node:internal/test_runner/test:1191:17)
      at startSubtestAfterBootstrap (node:internal/test_runner/harness:385:17) {
    generatedMessage: true,
    code: 'ERR_ASSERTION',
    actual: '동쪽 야외 연습 정원을 걸은 뒤\n콘테스트 홀의 작은 무대에 올라 보세요.',
    expected: '역의 시계 기록도 3초가 어긋났대요.\n장막 연구원이 기록을 모으고 있어요.',
    operator: 'strictEqual',
    diff: 'simple'
  }

test at tests\sinnoh-guide-progress.test.ts:35:1
✖ both cities follow the existing research and ferry milestones without changing progress (22.2059ms)
  AssertionError [ERR_ASSERTION]: The expression evaluated to a falsy value:
  
    assert(pages[1].includes('3초'))
  
      at TestContext.<anonymous> (C:\my_play\poketmon_demo\tests\sinnoh-guide-progress.test.ts:39:186)
      at Test.runInAsyncScope (node:async_hooks:227:14)
      at Test.run (node:internal/test_runner/test:1325:25)
      at Test.processPendingSubtests (node:internal/test_runner/test:911:18)
      at Test.postRun (node:internal/test_runner/test:1465:19)
      at Test.run (node:internal/test_runner/test:1390:12)
      at async Test.processPendingSubtests (node:internal/test_runner/test:911:7) {
    generatedMessage: true,
    code: 'ERR_ASSERTION',
    actual: false,
    expected: true,
    operator: '==',
    diff: 'simple'
  }

test at tests\unified-world.test.ts:18:1
✖ one world reaches every active map from the bedroom after departure (5.9702ms)
  AssertionError [ERR_ASSERTION]: tour_canalave_home1 arrival
      at TestContext.<anonymous> (C:\my_play\poketmon_demo\tests\unified-world.test.ts:20:159)
      at Test.runInAsyncScope (node:async_hooks:227:14)
      at Test.run (node:internal/test_runner/test:1325:25)
      at Test.start (node:internal/test_runner/test:1191:17)
      at startSubtestAfterBootstrap (node:internal/test_runner/harness:385:17) {
    generatedMessage: false,
    code: 'ERR_ASSERTION',
    actual: false,
    expected: true,
    operator: '==',
    diff: 'simple'
  }

test at tests\unified-world.test.ts:53:1
✖ graphic test travel can save at every active map without granting adventure progress (13.3955ms)
  AssertionError [ERR_ASSERTION]: tour_undella
      at TestContext.<anonymous> (C:\my_play\poketmon_demo\tests\unified-world.test.ts:54:271)
      at Test.runInAsyncScope (node:async_hooks:227:14)
      at Test.run (node:internal/test_runner/test:1325:25)
      at Test.processPendingSubtests (node:internal/test_runner/test:911:18)
      at Test.postRun (node:internal/test_runner/test:1465:19)
      at Test.run (node:internal/test_runner/test:1390:12)
      at async Test.processPendingSubtests (node:internal/test_runner/test:911:7) {
    generatedMessage: false,
    code: 'ERR_ASSERTION',
    actual: null,
    expected: true,
    operator: '==',
    diff: 'simple'
  }

test at tests\viridian-encounters.test.ts:16:1
✖ Viridian uses exactly the authored daytime forest pool and keeps nearby cities peaceful (9.6532ms)
  AssertionError [ERR_ASSERTION]: tour_ilex
      at TestContext.<anonymous> (C:\my_play\poketmon_demo\tests\viridian-encounters.test.ts:22:92)
      at Test.runInAsyncScope (node:async_hooks:227:14)
      at Test.run (node:internal/test_runner/test:1325:25)
      at Test.start (node:internal/test_runner/test:1191:17)
      at startSubtestAfterBootstrap (node:internal/test_runner/harness:385:17) {
    generatedMessage: false,
    code: 'ERR_ASSERTION',
    actual: false,
    expected: true,
    operator: '==',
    diff: 'simple'
  }
